# Blender 4.4.3
# www.blender.org
mtllib Car_XD.mtl
o Car_Door_new
v 0.013481 -0.189204 0.040745
v 0.215527 -0.181627 0.044498
v -0.177044 -0.164736 0.051592
v 0.215527 -0.143064 0.058349
v -0.172072 -0.130661 0.061120
v 0.215527 -0.102574 0.064632
v -0.170046 -0.096045 0.064915
v 0.215527 -0.061627 0.063120
v -0.171008 -0.061627 0.063120
v -0.184473 -0.196627 0.036697
v -0.187916 0.028373 0.026757
v -0.187916 0.028373 0.021252
v -0.179989 -0.001166 0.038692
v -0.178471 -0.008108 0.036976
v -0.174342 -0.031225 0.050836
v -0.173216 -0.039343 0.048669
v -0.170856 -0.063832 0.055446
v -0.170634 -0.067481 0.055882
v -0.170225 -0.076586 0.056325
v -0.170029 -0.094823 0.056561
v -0.172113 -0.131025 0.053667
v -0.177232 -0.165706 0.044710
v -0.180668 -0.181750 0.037440
v -0.184473 -0.196627 0.028052
v 0.113813 0.120064 -0.022497
v 0.055396 0.144436 -0.035261
v 0.054431 0.164666 -0.047040
v 0.017830 0.168796 -0.049609
v -0.002004 0.179393 -0.056471
v 0.125293 0.088255 -0.007013
v 0.174732 0.074309 -0.000305
v 0.130013 0.065477 0.003945
v 0.135285 0.040037 0.015926
v 0.213034 0.031507 0.019833
v 0.135942 0.036875 0.017381
v 0.136687 0.033293 0.019020
v 0.137519 0.029288 0.020839
v 0.215527 0.024819 0.022851
v 0.138438 0.024863 0.022831
v 0.215527 -0.035935 0.047515
v -0.165936 -0.035935 0.047515
v 0.215527 -0.060844 0.054817
v 0.215527 -0.081860 0.056488
v -0.167505 -0.060844 0.054817
v 0.215527 -0.124650 0.054566
v -0.169075 -0.081860 0.056488
v 0.215527 -0.166007 0.044595
v 0.213336 -0.181709 0.037460
v 0.113892 -0.185438 0.035384
v 0.014451 -0.189167 0.033135
v -0.162796 0.024819 0.022851
v -0.161449 0.024863 0.022831
v -0.162626 0.028249 0.021308
v -0.192027 0.044567 0.013827
v -0.197055 0.064374 0.004471
v -0.189998 0.106991 -0.016049
v -0.209546 0.113580 -0.019276
v -0.203581 0.146067 -0.036165
v -0.222002 0.162646 -0.045801
v -0.216754 0.183962 -0.059560
v -0.228351 0.187659 -0.062107
v -0.217423 0.186591 -0.061367
v -0.217634 0.189250 -0.063220
v -0.217149 0.193235 -0.066042
v -0.216370 0.195551 -0.067707
v -0.235292 0.215000 -0.082368
v -0.215222 0.197757 -0.069309
v -0.213704 0.199802 -0.070810
v -0.211814 0.201630 -0.072162
v -0.209567 0.203167 -0.073307
v -0.207000 0.204330 -0.074178
v -0.075292 0.215000 -0.082368
v -0.079330 0.199769 -0.070785
v -0.050346 0.196534 -0.068419
v -0.008377 0.193955 -0.066558
v -0.022807 0.188428 -0.062645
v -0.216754 0.184131 -0.059312
v -0.217036 0.184997 -0.059965
v -0.217263 0.185903 -0.060588
v -0.217470 0.187038 -0.061373
v -0.217608 0.188428 -0.062279
v -0.217483 0.187130 -0.061437
v -0.217559 0.187776 -0.061885
v -0.217634 0.189423 -0.062975
v -0.217631 0.189009 -0.062746
v -0.217614 0.188515 -0.062400
v -0.162626 0.028373 0.021582
v -0.062271 0.028152 0.021681
v -0.161449 0.024986 0.023105
v 0.038083 0.028152 0.021681
v 0.138438 0.024986 0.023105
v 0.137702 0.028373 0.021582
v 0.137734 0.028378 0.021579
v 0.135285 0.040163 0.016198
v 0.130090 0.065107 0.004455
v 0.130103 0.065107 0.004455
v -0.162626 0.028373 0.026757
v -0.181335 0.082210 0.002713
v -0.204453 0.093517 -0.002930
v -0.199408 0.134216 -0.025070
v -0.220284 0.155879 -0.038088
v -0.216754 0.184131 -0.056454
v -0.235292 0.215000 -0.078459
v -0.217608 0.188428 -0.059392
v -0.217149 0.193235 -0.062726
v -0.216370 0.195554 -0.064352
v -0.215222 0.197757 -0.065907
v -0.213703 0.199802 -0.067361
v -0.211814 0.201630 -0.068668
v -0.209568 0.203168 -0.069774
v -0.207000 0.204330 -0.070613
v -0.079330 0.199769 -0.067338
v -0.032486 0.202667 -0.069413
v -0.075292 0.215000 -0.078459
v -0.050346 0.196534 -0.065042
v 0.009009 0.186836 -0.058299
v -0.022807 0.188428 -0.059392
v 0.017830 0.168796 -0.046285
v 0.048890 0.167663 -0.045552
v 0.055396 0.144436 -0.031101
v 0.086900 0.145316 -0.031629
v 0.122804 0.119976 -0.016990
v 0.125293 0.088255 -0.000277
v 0.156358 0.091865 -0.002092
v 0.129380 0.068533 0.009257
v 0.187335 0.061234 0.012625
v 0.133517 0.048568 0.018271
v 0.215527 0.028373 0.026757
v 0.137702 0.028373 0.026757
v 0.113498 0.120436 -0.022347
v 0.081865 0.144181 -0.034835
v 0.055209 0.164238 -0.046425
v 0.081413 0.144521 -0.035023
v 0.080944 0.144873 -0.035217
v 0.080459 0.145238 -0.035419
v 0.079959 0.145614 -0.035627
v 0.079384 0.146046 -0.035867
v 0.078789 0.146493 -0.036116
v 0.078175 0.146954 -0.036373
v 0.077541 0.147430 -0.036639
v 0.076887 0.147922 -0.036915
v 0.076214 0.148428 -0.037199
v 0.075521 0.148948 -0.037493
v 0.074808 0.149484 -0.037795
v 0.074076 0.150034 -0.038107
v 0.073232 0.150669 -0.038468
v 0.072416 0.151282 -0.038817
v 0.071644 0.151861 -0.039149
v 0.070917 0.152408 -0.039462
v 0.070367 0.152821 -0.039700
v 0.069845 0.153214 -0.039926
v 0.069351 0.153585 -0.040141
v 0.068885 0.153935 -0.040343
v 0.068448 0.154263 -0.040534
v 0.067941 0.154644 -0.040755
v 0.067478 0.154992 -0.040958
v 0.067059 0.155307 -0.041141
v 0.066684 0.155589 -0.041306
v 0.066401 0.155801 -0.041430
v 0.066121 0.156012 -0.041553
v 0.065844 0.156220 -0.041675
v 0.065570 0.156426 -0.041796
v 0.065299 0.156630 -0.041916
v 0.065031 0.156831 -0.042034
v 0.064766 0.157030 -0.042152
v 0.064504 0.157227 -0.042268
v 0.064245 0.157422 -0.042383
v 0.063988 0.157615 -0.042496
v 0.063735 0.157805 -0.042609
v 0.063485 0.157993 -0.042720
v 0.063237 0.158179 -0.042831
v 0.062991 0.158364 -0.042940
v 0.062746 0.158548 -0.043049
v 0.062490 0.158741 -0.043164
v 0.062234 0.158933 -0.043278
v 0.061980 0.159124 -0.043392
v 0.061727 0.159314 -0.043505
v 0.061475 0.159503 -0.043618
v 0.061225 0.159692 -0.043731
v 0.060975 0.159879 -0.043843
v 0.060727 0.160066 -0.043955
v 0.060480 0.160251 -0.044066
v 0.060234 0.160436 -0.044177
v 0.059989 0.160620 -0.044287
v 0.059746 0.160803 -0.044397
v 0.059504 0.160985 -0.044507
v 0.059263 0.161166 -0.044616
v 0.059023 0.161346 -0.044725
v 0.058784 0.161526 -0.044833
v 0.058547 0.161704 -0.044941
v 0.058310 0.161882 -0.045048
v 0.058075 0.162058 -0.045155
v 0.057838 0.162236 -0.045263
v 0.057602 0.162413 -0.045370
v 0.057368 0.162590 -0.045478
v 0.057135 0.162765 -0.045584
v 0.056903 0.162939 -0.045690
v 0.056672 0.163113 -0.045796
v 0.056442 0.163285 -0.045901
v 0.056214 0.163457 -0.046006
v 0.055987 0.163628 -0.046110
v 0.055761 0.163798 -0.046214
v 0.055536 0.163966 -0.046317
v 0.054690 0.164523 -0.046834
v 0.055313 0.164134 -0.046420
v 0.054950 0.164381 -0.046630
v 0.055090 0.164301 -0.046522
v 0.144700 0.096996 -0.010880
v 0.128101 0.109443 -0.016967
v 0.127849 0.109632 -0.017059
v 0.127597 0.109821 -0.017152
v 0.127345 0.110011 -0.017244
v 0.127093 0.110201 -0.017337
v 0.126840 0.110390 -0.017430
v 0.126587 0.110580 -0.017523
v 0.126335 0.110770 -0.017616
v 0.126082 0.110960 -0.017709
v 0.125829 0.111150 -0.017802
v 0.125561 0.111351 -0.017901
v 0.125294 0.111552 -0.017999
v 0.125026 0.111753 -0.018098
v 0.124759 0.111954 -0.018197
v 0.124490 0.112155 -0.018296
v 0.124222 0.112357 -0.018395
v 0.123953 0.112559 -0.018494
v 0.123685 0.112761 -0.018593
v 0.123415 0.112963 -0.018693
v 0.123146 0.113166 -0.018793
v 0.122876 0.113368 -0.018893
v 0.122605 0.113571 -0.018993
v 0.122335 0.113775 -0.019093
v 0.122064 0.113978 -0.019193
v 0.121792 0.114182 -0.019294
v 0.121521 0.114386 -0.019395
v 0.121249 0.114591 -0.019496
v 0.120976 0.114795 -0.019597
v 0.120718 0.114989 -0.019692
v 0.120459 0.115183 -0.019789
v 0.120201 0.115378 -0.019885
v 0.119941 0.115573 -0.019981
v 0.119682 0.115768 -0.020078
v 0.119422 0.115963 -0.020174
v 0.119162 0.116158 -0.020271
v 0.118902 0.116354 -0.020368
v 0.118641 0.116549 -0.020465
v 0.118380 0.116745 -0.020562
v 0.118119 0.116942 -0.020660
v 0.117858 0.117138 -0.020758
v 0.117596 0.117335 -0.020855
v 0.117334 0.117532 -0.020953
v 0.117071 0.117729 -0.021051
v 0.116809 0.117926 -0.021150
v 0.116546 0.118124 -0.021248
v 0.116282 0.118321 -0.021347
v 0.116019 0.118519 -0.021445
v 0.115740 0.118729 -0.021550
v 0.115462 0.118938 -0.021654
v 0.115182 0.119148 -0.021759
v 0.114903 0.119358 -0.021864
v 0.114623 0.119568 -0.021969
v 0.114343 0.119779 -0.022074
v 0.114062 0.119990 -0.022180
v 0.113780 0.120201 -0.022286
v 0.113498 0.120413 -0.022392
v 0.113216 0.120625 -0.022499
v 0.112933 0.120838 -0.022605
v 0.112649 0.121051 -0.022712
v 0.112364 0.121265 -0.022820
v 0.112080 0.121479 -0.022927
v 0.111794 0.121694 -0.023035
v 0.111508 0.121908 -0.023143
v 0.111221 0.122124 -0.023252
v 0.110934 0.122340 -0.023361
v 0.110661 0.122544 -0.023464
v 0.110388 0.122750 -0.023568
v 0.110115 0.122955 -0.023671
v 0.109840 0.123161 -0.023776
v 0.109566 0.123368 -0.023880
v 0.109290 0.123575 -0.023985
v 0.109015 0.123782 -0.024089
v 0.108738 0.123989 -0.024195
v 0.108462 0.124197 -0.024300
v 0.108184 0.124406 -0.024406
v 0.107906 0.124614 -0.024512
v 0.107628 0.124823 -0.024618
v 0.107349 0.125033 -0.024724
v 0.107070 0.125243 -0.024831
v 0.106790 0.125453 -0.024938
v 0.106509 0.125664 -0.025046
v 0.106228 0.125875 -0.025153
v 0.105947 0.126086 -0.025261
v 0.105665 0.126298 -0.025369
v 0.105367 0.126522 -0.025484
v 0.105068 0.126747 -0.025598
v 0.104769 0.126972 -0.025714
v 0.104469 0.127197 -0.025829
v 0.104168 0.127423 -0.025945
v 0.103866 0.127650 -0.026061
v 0.103563 0.127877 -0.026178
v 0.103260 0.128105 -0.026295
v 0.102955 0.128335 -0.026413
v 0.102649 0.128565 -0.026531
v 0.102342 0.128795 -0.026650
v 0.102033 0.129027 -0.026770
v 0.101724 0.129260 -0.026890
v 0.101413 0.129493 -0.027010
v 0.101102 0.129727 -0.027131
v 0.100789 0.129962 -0.027253
v 0.100475 0.130198 -0.027375
v 0.100160 0.130435 -0.027497
v 0.099860 0.130660 -0.027614
v 0.099560 0.130885 -0.027731
v 0.099258 0.131112 -0.027849
v 0.098956 0.131339 -0.027967
v 0.098652 0.131567 -0.028086
v 0.098348 0.131796 -0.028205
v 0.098042 0.132026 -0.028325
v 0.097736 0.132256 -0.028445
v 0.097428 0.132487 -0.028566
v 0.097120 0.132719 -0.028687
v 0.096810 0.132951 -0.028809
v 0.096500 0.133185 -0.028931
v 0.096188 0.133419 -0.029054
v 0.095876 0.133653 -0.029177
v 0.095562 0.133889 -0.029301
v 0.095248 0.134125 -0.029425
v 0.094932 0.134362 -0.029550
v 0.094616 0.134600 -0.029675
v 0.094298 0.134839 -0.029801
v 0.093920 0.135123 -0.029951
v 0.093538 0.135410 -0.030102
v 0.093154 0.135699 -0.030255
v 0.092765 0.135991 -0.030410
v 0.092452 0.136226 -0.030535
v 0.092137 0.136463 -0.030661
v 0.091819 0.136702 -0.030788
v 0.091499 0.136942 -0.030916
v 0.091177 0.137184 -0.031045
v 0.090816 0.137455 -0.031189
v 0.090453 0.137728 -0.031335
v 0.090086 0.138004 -0.031482
v 0.089717 0.138281 -0.031631
v 0.089346 0.138560 -0.031780
v 0.088971 0.138842 -0.031931
v 0.088594 0.139125 -0.032084
v 0.088214 0.139411 -0.032238
v 0.087831 0.139698 -0.032393
v 0.087445 0.139988 -0.032549
v 0.087057 0.140280 -0.032707
v 0.086666 0.140574 -0.032866
v 0.086272 0.140870 -0.033026
v 0.085875 0.141168 -0.033188
v 0.085475 0.141468 -0.033351
v 0.085073 0.141771 -0.033515
v 0.084668 0.142075 -0.033681
v 0.084260 0.142382 -0.033848
v 0.083798 0.142729 -0.034038
v 0.083324 0.143085 -0.034233
v 0.082825 0.143459 -0.034438
v 0.082302 0.143853 -0.034654
v 0.157553 0.087342 -0.006243
v 0.151010 0.092234 -0.008646
v 0.150768 0.092416 -0.008734
v 0.150526 0.092598 -0.008821
v 0.150283 0.092780 -0.008909
v 0.150041 0.092962 -0.008996
v 0.149799 0.093144 -0.009084
v 0.149556 0.093327 -0.009171
v 0.149314 0.093509 -0.009259
v 0.149058 0.093701 -0.009351
v 0.148802 0.093893 -0.009443
v 0.148546 0.094086 -0.009536
v 0.148290 0.094278 -0.009628
v 0.148034 0.094470 -0.009721
v 0.147777 0.094663 -0.009813
v 0.147521 0.094855 -0.009906
v 0.147265 0.095048 -0.009998
v 0.147009 0.095240 -0.010091
v 0.146752 0.095433 -0.010183
v 0.146496 0.095625 -0.010276
v 0.146240 0.095818 -0.010369
v 0.145983 0.096010 -0.010461
v 0.145727 0.096203 -0.010554
v 0.145470 0.096396 -0.010647
v 0.145214 0.096588 -0.010739
v 0.144957 0.096781 -0.010832
v 0.144700 0.096974 -0.010925
v 0.144456 0.097157 -0.011013
v 0.144213 0.097340 -0.011101
v 0.143969 0.097524 -0.011190
v 0.143725 0.097707 -0.011278
v 0.143481 0.097890 -0.011366
v 0.143236 0.098074 -0.011455
v 0.142992 0.098257 -0.011543
v 0.142748 0.098441 -0.011631
v 0.142503 0.098624 -0.011720
v 0.142258 0.098808 -0.011809
v 0.142014 0.098992 -0.011897
v 0.141769 0.099176 -0.011986
v 0.141524 0.099360 -0.012075
v 0.141278 0.099544 -0.012164
v 0.141033 0.099729 -0.012253
v 0.140788 0.099913 -0.012342
v 0.140542 0.100098 -0.012431
v 0.140296 0.100282 -0.012520
v 0.140050 0.100467 -0.012609
v 0.139798 0.100657 -0.012700
v 0.139545 0.100847 -0.012792
v 0.139292 0.101037 -0.012884
v 0.139039 0.101227 -0.012976
v 0.138786 0.101417 -0.013068
v 0.138533 0.101607 -0.013160
v 0.138279 0.101797 -0.013252
v 0.138026 0.101988 -0.013344
v 0.137772 0.102178 -0.013436
v 0.137518 0.102369 -0.013528
v 0.137264 0.102560 -0.013620
v 0.137010 0.102751 -0.013713
v 0.136756 0.102942 -0.013805
v 0.136502 0.103133 -0.013898
v 0.136247 0.103324 -0.013990
v 0.135993 0.103515 -0.014083
v 0.135738 0.103707 -0.014176
v 0.135483 0.103898 -0.014268
v 0.135228 0.104090 -0.014361
v 0.134973 0.104281 -0.014454
v 0.134718 0.104473 -0.014547
v 0.134462 0.104665 -0.014640
v 0.134207 0.104857 -0.014733
v 0.133951 0.105049 -0.014827
v 0.133695 0.105241 -0.014920
v 0.133439 0.105433 -0.015013
v 0.133183 0.105626 -0.015107
v 0.132927 0.105818 -0.015200
v 0.132670 0.106011 -0.015294
v 0.132414 0.106203 -0.015388
v 0.132157 0.106396 -0.015481
v 0.131901 0.106589 -0.015575
v 0.131644 0.106782 -0.015669
v 0.131387 0.106975 -0.015763
v 0.131130 0.107168 -0.015857
v 0.130872 0.107361 -0.015951
v 0.130615 0.107555 -0.016045
v 0.130364 0.107743 -0.016137
v 0.130113 0.107932 -0.016229
v 0.129862 0.108120 -0.016321
v 0.129611 0.108309 -0.016413
v 0.129360 0.108498 -0.016505
v 0.129108 0.108686 -0.016597
v 0.128857 0.108875 -0.016689
v 0.128605 0.109064 -0.016782
v 0.128353 0.109253 -0.016874
v 0.165218 0.081585 -0.003479
v 0.162064 0.083932 -0.004662
v 0.161915 0.084044 -0.004716
v 0.161765 0.084157 -0.004770
v 0.161576 0.084298 -0.004838
v 0.161386 0.084441 -0.004906
v 0.161194 0.084586 -0.004976
v 0.160996 0.084734 -0.005047
v 0.160815 0.084870 -0.005112
v 0.160629 0.085010 -0.005179
v 0.160437 0.085154 -0.005248
v 0.160240 0.085302 -0.005320
v 0.160037 0.085455 -0.005393
v 0.159828 0.085611 -0.005468
v 0.159615 0.085772 -0.005545
v 0.159396 0.085936 -0.005624
v 0.159171 0.086105 -0.005705
v 0.158908 0.086302 -0.005800
v 0.158594 0.086538 -0.005913
v 0.158220 0.086819 -0.006048
v 0.157784 0.087146 -0.006204
v 0.157331 0.087487 -0.006368
v 0.156919 0.087797 -0.006516
v 0.156547 0.088076 -0.006650
v 0.156217 0.088324 -0.006769
v 0.155924 0.088544 -0.006875
v 0.155637 0.088759 -0.006978
v 0.155350 0.088975 -0.007082
v 0.155063 0.089190 -0.007185
v 0.154833 0.089363 -0.007268
v 0.154604 0.089535 -0.007351
v 0.154374 0.089708 -0.007433
v 0.154144 0.089880 -0.007516
v 0.153915 0.090053 -0.007599
v 0.153673 0.090234 -0.007686
v 0.153431 0.090416 -0.007773
v 0.153189 0.090598 -0.007861
v 0.152947 0.090780 -0.007948
v 0.152705 0.090961 -0.008035
v 0.152463 0.091143 -0.008122
v 0.152221 0.091325 -0.008210
v 0.151979 0.091507 -0.008297
v 0.151737 0.091689 -0.008384
v 0.151495 0.091871 -0.008472
v 0.151253 0.092052 -0.008559
v 0.174211 0.074831 -0.000224
v 0.166604 0.080522 -0.003023
v 0.166427 0.080655 -0.003087
v 0.166281 0.080765 -0.003140
v 0.166134 0.080875 -0.003193
v 0.165985 0.080987 -0.003247
v 0.165835 0.081100 -0.003301
v 0.165713 0.081191 -0.003345
v 0.165591 0.081283 -0.003389
v 0.165468 0.081376 -0.003433
v 0.165343 0.081469 -0.003478
v 0.165218 0.081563 -0.003524
v 0.165085 0.081663 -0.003572
v 0.164951 0.081764 -0.003620
v 0.164816 0.081865 -0.003669
v 0.164679 0.081968 -0.003718
v 0.164542 0.082071 -0.003768
v 0.164404 0.082175 -0.003818
v 0.164264 0.082280 -0.003868
v 0.164123 0.082385 -0.003919
v 0.163982 0.082492 -0.003970
v 0.163839 0.082599 -0.004022
v 0.163695 0.082707 -0.004073
v 0.163550 0.082816 -0.004126
v 0.163404 0.082926 -0.004178
v 0.163257 0.083036 -0.004232
v 0.163109 0.083147 -0.004285
v 0.162959 0.083260 -0.004339
v 0.162809 0.083373 -0.004393
v 0.162657 0.083486 -0.004448
v 0.162505 0.083601 -0.004503
v 0.162359 0.083711 -0.004556
v 0.162212 0.083821 -0.004609
v 0.174385 0.074657 -0.000250
v 0.173428 0.075397 -0.000552
v 0.172234 0.076293 -0.000985
v 0.171150 0.077108 -0.001377
v 0.170277 0.077763 -0.001694
v 0.169492 0.078353 -0.001978
v 0.168793 0.078878 -0.002231
v 0.168181 0.079338 -0.002452
v 0.167656 0.079732 -0.002642
v 0.167219 0.080061 -0.002801
v 0.166868 0.080324 -0.002928
v 0.174558 0.074483 -0.000277
v 0.214466 0.028131 0.021636
v 0.214477 0.028102 0.021649
v 0.214553 0.027897 0.021741
v 0.214501 0.028059 0.021723
v 0.214637 0.027663 0.021847
v 0.214802 0.027197 0.022057
v 0.215113 0.026269 0.022474
v 0.215308 0.025654 0.022751
v 0.215527 0.024941 0.023125
v 0.213076 0.031454 0.019967
v 0.213560 0.030410 0.020605
v 0.214031 0.029265 0.021124
v 0.213119 0.031401 0.020100
v 0.213161 0.031349 0.020234
v 0.214521 -0.173837 0.041612
v 0.214349 -0.175066 0.041050
v 0.214172 -0.176300 0.040470
v 0.213358 -0.181708 0.037801
v 0.213991 -0.177539 0.039874
v 0.213826 -0.178642 0.039328
v 0.213659 -0.179749 0.038768
v 0.213487 -0.180859 0.038194
v 0.213353 -0.181708 0.037716
v 0.215527 -0.166113 0.044875
v 0.215362 -0.167441 0.044307
v 0.215218 -0.168587 0.043851
v 0.215071 -0.169735 0.043383
v 0.214921 -0.170885 0.042902
v 0.214690 -0.172612 0.042157
v 0.214685 -0.172651 0.042140
v 0.214679 -0.172689 0.042123
v 0.214669 -0.172765 0.042090
v 0.214648 -0.172918 0.042022
v 0.214606 -0.173224 0.041886
v 0.213347 -0.181709 0.037631
v 0.213341 -0.181709 0.037546
v 0.215527 -0.167459 0.044354
v 0.215527 -0.172709 0.042169
v 0.215527 -0.177560 0.039919
v 0.215527 -0.181627 0.037844
v 0.215527 0.028373 0.021582
v 0.150363 0.093530 -0.009213
v 0.119680 0.122362 -0.023316
v 0.126515 0.114817 -0.019552
v 0.126515 0.111172 -0.017758
v 0.078938 0.145638 -0.035583
v 0.102667 0.128357 -0.026368
v 0.102667 0.130458 -0.027453
v -0.162147 0.026973 0.022158
v -0.162480 0.027932 0.021725
v -0.162803 0.028862 0.021306
v -0.163116 0.029763 0.020898
v -0.163419 0.030634 0.020504
v -0.163712 0.031476 0.020121
v -0.163994 0.032288 0.019752
v -0.164266 0.033071 0.019396
v -0.164528 0.033824 0.019052
v -0.164780 0.034548 0.018722
v -0.165021 0.035243 0.018404
v -0.165257 0.035922 0.018093
v -0.165491 0.036593 0.017785
v -0.165721 0.037257 0.017480
v -0.165950 0.037914 0.017179
v -0.166175 0.038563 0.016880
v -0.166398 0.039205 0.016585
v -0.166619 0.039839 0.016292
v -0.166836 0.040465 0.016003
v -0.167052 0.041085 0.015717
v -0.167264 0.041696 0.015434
v -0.167474 0.042300 0.015154
v -0.167682 0.042897 0.014877
v -0.167886 0.043486 0.014604
v -0.168088 0.044068 0.014334
v -0.168288 0.044642 0.014067
v -0.168485 0.045209 0.013803
v -0.168680 0.045770 0.013542
v -0.168873 0.046326 0.013282
v -0.169066 0.046879 0.013024
v -0.169256 0.047428 0.012768
v -0.169446 0.047973 0.012513
v -0.169634 0.048514 0.012260
v -0.174716 0.063163 0.005397
v -0.169821 0.049052 0.012009
v -0.170006 0.049585 0.011758
v -0.170190 0.050115 0.011510
v -0.170373 0.050641 0.011263
v -0.170554 0.051163 0.011018
v -0.170734 0.051681 0.010774
v -0.170913 0.052195 0.010532
v -0.171090 0.052705 0.010292
v -0.171267 0.053212 0.010053
v -0.171441 0.053715 0.009816
v -0.171615 0.054213 0.009581
v -0.171787 0.054708 0.009347
v -0.171957 0.055199 0.009115
v -0.172127 0.055687 0.008885
v -0.172295 0.056172 0.008655
v -0.172463 0.056654 0.008427
v -0.172630 0.057134 0.008199
v -0.172796 0.057611 0.007973
v -0.172961 0.058086 0.007748
v -0.173125 0.058558 0.007524
v -0.173288 0.059027 0.007301
v -0.173450 0.059494 0.007079
v -0.173611 0.059958 0.006858
v -0.173772 0.060420 0.006638
v -0.173931 0.060879 0.006419
v -0.174090 0.061336 0.006202
v -0.174248 0.061790 0.005985
v -0.174405 0.062242 0.005770
v -0.174561 0.062691 0.005555
v -0.174716 0.063137 0.005342
v -0.174870 0.063581 0.005130
v -0.175024 0.064022 0.004919
v -0.175176 0.064461 0.004709
v -0.175554 0.065573 0.004245
v -0.175328 0.064897 0.004500
v -0.175479 0.065331 0.004293
v -0.175644 0.065808 0.004064
v -0.175920 0.066601 0.003683
v -0.176322 0.067757 0.003129
v -0.176849 0.069274 0.002399
v -0.177502 0.071153 0.001494
v -0.178281 0.073393 0.000414
v -0.182110 0.084440 -0.004824
v -0.179184 0.075989 -0.000838
v -0.180070 0.078537 -0.002067
v -0.180852 0.080789 -0.003151
v -0.181533 0.082746 -0.004093
v -0.182110 0.084408 -0.004891
v -0.182585 0.085774 -0.005546
v -0.182957 0.086846 -0.006061
v -0.183280 0.087772 -0.006505
v -0.183478 0.088375 -0.006710
v -0.183442 0.088240 -0.006729
v -0.183549 0.088547 -0.006877
v -0.183620 0.088752 -0.006975
v -0.183692 0.088957 -0.007074
v -0.183692 0.088990 -0.007004
v -0.183763 0.089162 -0.007172
v -0.183834 0.089367 -0.007270
v -0.183905 0.089572 -0.007369
v -0.183977 0.089777 -0.007467
v -0.184262 0.090631 -0.007790
v -0.184048 0.089982 -0.007566
v -0.184119 0.090187 -0.007664
v -0.184190 0.090392 -0.007762
v -0.184262 0.090597 -0.007861
v -0.184333 0.090802 -0.007959
v -0.184404 0.091007 -0.008058
v -0.184475 0.091212 -0.008156
v -0.184547 0.091417 -0.008254
v -0.184618 0.091622 -0.008353
v -0.184689 0.091828 -0.008451
v -0.184761 0.092033 -0.008550
v -0.184832 0.092238 -0.008649
v -0.184903 0.092443 -0.008747
v -0.184975 0.092649 -0.008846
v -0.185046 0.092854 -0.008944
v -0.185117 0.093059 -0.009043
v -0.185189 0.093265 -0.009142
v -0.185260 0.093470 -0.009240
v -0.185332 0.093675 -0.009339
v -0.185403 0.093881 -0.009438
v -0.185475 0.094086 -0.009537
v -0.185546 0.094292 -0.009635
v -0.185617 0.094498 -0.009734
v -0.185689 0.094703 -0.009833
v -0.185760 0.094909 -0.009932
v -0.185832 0.095114 -0.010031
v -0.185903 0.095320 -0.010130
v -0.185975 0.095526 -0.010229
v -0.186046 0.095732 -0.010328
v -0.186118 0.095938 -0.010427
v -0.186190 0.096144 -0.010526
v -0.186261 0.096350 -0.010625
v -0.186333 0.096556 -0.010724
v -0.186405 0.096762 -0.010823
v -0.186476 0.096968 -0.010923
v -0.186548 0.097175 -0.011022
v -0.188861 0.103866 -0.014160
v -0.186620 0.097381 -0.011121
v -0.186692 0.097588 -0.011221
v -0.186763 0.097794 -0.011320
v -0.186835 0.098001 -0.011420
v -0.186907 0.098208 -0.011520
v -0.186979 0.098415 -0.011619
v -0.187051 0.098622 -0.011719
v -0.187123 0.098829 -0.011819
v -0.187195 0.099037 -0.011919
v -0.187267 0.099244 -0.012019
v -0.187339 0.099451 -0.012119
v -0.187411 0.099659 -0.012219
v -0.187484 0.099867 -0.012319
v -0.187556 0.100074 -0.012420
v -0.187628 0.100282 -0.012520
v -0.187700 0.100490 -0.012620
v -0.187773 0.100698 -0.012721
v -0.187845 0.100906 -0.012821
v -0.187917 0.101114 -0.012922
v -0.187990 0.101323 -0.013023
v -0.188062 0.101531 -0.013123
v -0.188135 0.101740 -0.013224
v -0.188207 0.101948 -0.013325
v -0.188280 0.102157 -0.013426
v -0.188352 0.102366 -0.013527
v -0.188425 0.102574 -0.013628
v -0.188497 0.102783 -0.013729
v -0.188570 0.102992 -0.013830
v -0.188643 0.103202 -0.013931
v -0.188716 0.103411 -0.014033
v -0.188788 0.103620 -0.014134
v -0.188861 0.103830 -0.014236
v -0.188934 0.104039 -0.014337
v -0.189007 0.104249 -0.014439
v -0.189080 0.104458 -0.014541
v -0.189153 0.104668 -0.014642
v -0.189226 0.104878 -0.014744
v -0.189298 0.105088 -0.014846
v -0.189372 0.105298 -0.014948
v -0.189445 0.105508 -0.015050
v -0.189518 0.105719 -0.015152
v -0.189591 0.105929 -0.015255
v -0.189664 0.106140 -0.015357
v -0.189737 0.106351 -0.015459
v -0.189811 0.106562 -0.015562
v -0.189884 0.106773 -0.015665
v -0.189958 0.106984 -0.015768
v -0.190031 0.107196 -0.015871
v -0.190105 0.107407 -0.015974
v -0.190178 0.107619 -0.016077
v -0.190252 0.107832 -0.016181
v -0.190326 0.108044 -0.016284
v -0.190400 0.108256 -0.016388
v -0.190474 0.108469 -0.016492
v -0.190548 0.108682 -0.016596
v -0.190622 0.108895 -0.016700
v -0.190696 0.109109 -0.016804
v -0.190770 0.109322 -0.016908
v -0.190844 0.109536 -0.017013
v -0.190919 0.109750 -0.017117
v -0.190993 0.109964 -0.017222
v -0.191068 0.110179 -0.017327
v -0.191142 0.110393 -0.017432
v -0.191217 0.110608 -0.017537
v -0.191292 0.110823 -0.017642
v -0.191366 0.111038 -0.017748
v -0.191441 0.111253 -0.017854
v -0.191516 0.111469 -0.017959
v -0.191591 0.111685 -0.018065
v -0.191666 0.111901 -0.018171
v -0.191741 0.112117 -0.018277
v -0.191817 0.112333 -0.018384
v -0.191892 0.112550 -0.018490
v -0.191967 0.112766 -0.018597
v -0.192043 0.112983 -0.018703
v -0.192118 0.113201 -0.018810
v -0.192194 0.113418 -0.018917
v -0.192269 0.113636 -0.019025
v -0.192345 0.113853 -0.019132
v -0.192421 0.114071 -0.019239
v -0.192496 0.114289 -0.019347
v -0.192572 0.114508 -0.019455
v -0.192648 0.114726 -0.019563
v -0.192724 0.114945 -0.019671
v -0.196861 0.126888 -0.025577
v -0.192800 0.115164 -0.019779
v -0.192876 0.115383 -0.019887
v -0.192953 0.115602 -0.019996
v -0.193029 0.115822 -0.020105
v -0.193106 0.116042 -0.020214
v -0.193182 0.116262 -0.020323
v -0.193259 0.116483 -0.020433
v -0.193336 0.116704 -0.020542
v -0.193413 0.116925 -0.020652
v -0.193490 0.117147 -0.020762
v -0.193567 0.117369 -0.020873
v -0.193644 0.117592 -0.020984
v -0.193722 0.117815 -0.021095
v -0.193799 0.118039 -0.021206
v -0.193877 0.118263 -0.021318
v -0.193955 0.118487 -0.021429
v -0.194033 0.118712 -0.021542
v -0.194112 0.118937 -0.021654
v -0.194190 0.119163 -0.021767
v -0.194269 0.119389 -0.021880
v -0.194347 0.119616 -0.021993
v -0.194426 0.119842 -0.022107
v -0.194505 0.120070 -0.022220
v -0.194584 0.120298 -0.022335
v -0.194664 0.120526 -0.022449
v -0.194743 0.120754 -0.022564
v -0.194823 0.120983 -0.022679
v -0.194902 0.121213 -0.022794
v -0.194982 0.121443 -0.022909
v -0.195062 0.121673 -0.023025
v -0.195143 0.121904 -0.023141
v -0.195223 0.122135 -0.023258
v -0.195303 0.122366 -0.023375
v -0.195384 0.122598 -0.023492
v -0.195465 0.122831 -0.023609
v -0.195546 0.123064 -0.023726
v -0.195627 0.123297 -0.023844
v -0.195708 0.123530 -0.023963
v -0.195789 0.123764 -0.024081
v -0.195871 0.123999 -0.024200
v -0.195952 0.124234 -0.024319
v -0.196034 0.124469 -0.024438
v -0.196116 0.124705 -0.024558
v -0.196198 0.124941 -0.024678
v -0.196280 0.125178 -0.024798
v -0.196363 0.125415 -0.024919
v -0.196445 0.125652 -0.025040
v -0.196528 0.125890 -0.025161
v -0.196611 0.126129 -0.025283
v -0.196694 0.126368 -0.025405
v -0.196777 0.126608 -0.025528
v -0.196861 0.126850 -0.025651
v -0.196945 0.127092 -0.025776
v -0.197030 0.127335 -0.025900
v -0.197115 0.127579 -0.026025
v -0.197200 0.127825 -0.026151
v -0.197286 0.128071 -0.026278
v -0.197371 0.128318 -0.026405
v -0.197458 0.128566 -0.026532
v -0.197544 0.128815 -0.026661
v -0.197631 0.129065 -0.026789
v -0.197718 0.129316 -0.026919
v -0.197806 0.129567 -0.027049
v -0.197893 0.129820 -0.027180
v -0.197982 0.130074 -0.027311
v -0.198070 0.130329 -0.027443
v -0.198159 0.130584 -0.027575
v -0.198248 0.130841 -0.027709
v -0.198338 0.131098 -0.027842
v -0.198427 0.131357 -0.027977
v -0.198518 0.131616 -0.028112
v -0.198608 0.131877 -0.028247
v -0.198699 0.132138 -0.028384
v -0.198790 0.132400 -0.028521
v -0.198882 0.132663 -0.028658
v -0.198973 0.132928 -0.028797
v -0.199065 0.133193 -0.028935
v -0.199158 0.133459 -0.029075
v -0.199251 0.133726 -0.029215
v -0.199344 0.133994 -0.029356
v -0.199437 0.134263 -0.029498
v -0.199531 0.134533 -0.029640
v -0.199625 0.134804 -0.029783
v -0.199720 0.135076 -0.029926
v -0.199815 0.135348 -0.030070
v -0.199910 0.135622 -0.030215
v -0.200005 0.135897 -0.030361
v -0.200101 0.136174 -0.030508
v -0.200199 0.136454 -0.030656
v -0.200297 0.136737 -0.030807
v -0.200397 0.137024 -0.030960
v -0.200498 0.137314 -0.031114
v -0.200599 0.137607 -0.031271
v -0.200702 0.137903 -0.031429
v -0.200806 0.138202 -0.031589
v -0.200911 0.138505 -0.031751
v -0.201018 0.138810 -0.031915
v -0.201125 0.139119 -0.032081
v -0.201233 0.139431 -0.032249
v -0.201343 0.139747 -0.032419
v -0.201453 0.140065 -0.032591
v -0.201565 0.140387 -0.032764
v -0.201678 0.140711 -0.032940
v -0.201792 0.141039 -0.033118
v -0.201907 0.141370 -0.033298
v -0.202023 0.141705 -0.033480
v -0.202140 0.142042 -0.033663
v -0.202259 0.142383 -0.033849
v -0.202378 0.142726 -0.034037
v -0.202499 0.143073 -0.034227
v -0.202621 0.143424 -0.034419
v -0.202743 0.143777 -0.034613
v -0.202867 0.144133 -0.034809
v -0.202992 0.144493 -0.035008
v -0.203118 0.144856 -0.035208
v -0.203246 0.145222 -0.035410
v -0.203374 0.145591 -0.035615
v -0.203505 0.145969 -0.035825
v -0.203646 0.146374 -0.036050
v -0.203797 0.146808 -0.036292
v -0.203957 0.147271 -0.036550
v -0.204128 0.147762 -0.036825
v -0.204308 0.148282 -0.037117
v -0.204499 0.148830 -0.037426
v -0.204751 0.149556 -0.037836
v -0.205019 0.150327 -0.038274
v -0.205348 0.151275 -0.038814
v -0.205554 0.151866 -0.039152
v -0.205746 0.152421 -0.039470
v -0.205926 0.152939 -0.039768
v -0.206094 0.153421 -0.040046
v -0.206248 0.153867 -0.040304
v -0.206391 0.154276 -0.040541
v -0.206520 0.154648 -0.040758
v -0.206637 0.154984 -0.040953
v -0.206741 0.155284 -0.041128
v -0.206833 0.155549 -0.041283
v -0.206921 0.155802 -0.041431
v -0.207008 0.156053 -0.041578
v -0.207095 0.156303 -0.041724
v -0.207181 0.156552 -0.041870
v -0.207267 0.156798 -0.042015
v -0.207352 0.157043 -0.042160
v -0.207436 0.157287 -0.042303
v -0.207520 0.157528 -0.042446
v -0.207604 0.157768 -0.042588
v -0.207686 0.158007 -0.042729
v -0.207769 0.158243 -0.042869
v -0.207850 0.158478 -0.043008
v -0.207931 0.158712 -0.043147
v -0.208012 0.158944 -0.043285
v -0.208092 0.159174 -0.043422
v -0.208171 0.159402 -0.043559
v -0.208250 0.159629 -0.043694
v -0.208328 0.159854 -0.043829
v -0.208406 0.160078 -0.043963
v -0.208483 0.160300 -0.044096
v -0.208560 0.160520 -0.044228
v -0.208635 0.160739 -0.044359
v -0.208711 0.160956 -0.044490
v -0.208786 0.161171 -0.044619
v -0.208860 0.161385 -0.044748
v -0.208934 0.161597 -0.044876
v -0.209007 0.161807 -0.045004
v -0.209079 0.162016 -0.045130
v -0.209151 0.162223 -0.045255
v -0.209222 0.162429 -0.045380
v -0.209293 0.162632 -0.045504
v -0.209363 0.162834 -0.045627
v -0.209433 0.163035 -0.045749
v -0.209502 0.163234 -0.045870
v -0.209571 0.163431 -0.045990
v -0.209639 0.163627 -0.046110
v -0.209706 0.163821 -0.046228
v -0.209773 0.164013 -0.046346
v -0.209839 0.164204 -0.046463
v -0.209905 0.164393 -0.046579
v -0.209970 0.164580 -0.046694
v -0.210034 0.164766 -0.046808
v -0.210098 0.164949 -0.046921
v -0.210162 0.165132 -0.047033
v -0.210225 0.165313 -0.047145
v -0.210287 0.165494 -0.047257
v -0.210350 0.165675 -0.047368
v -0.210413 0.165855 -0.047479
v -0.210475 0.166034 -0.047591
v -0.161803 0.025984 0.022602
v -0.216703 0.183956 -0.059253
v -0.216652 0.183808 -0.059152
v -0.216600 0.183660 -0.059052
v -0.216549 0.183512 -0.058951
v -0.216498 0.183364 -0.058850
v -0.216446 0.183216 -0.058749
v -0.216394 0.183067 -0.058648
v -0.216343 0.182919 -0.058547
v -0.216291 0.182770 -0.058446
v -0.216239 0.182621 -0.058345
v -0.216187 0.182472 -0.058244
v -0.216136 0.182323 -0.058143
v -0.216084 0.182173 -0.058042
v -0.216032 0.182023 -0.057941
v -0.215980 0.181874 -0.057840
v -0.215927 0.181724 -0.057739
v -0.215875 0.181573 -0.057637
v -0.215823 0.181423 -0.057536
v -0.215771 0.181273 -0.057435
v -0.215718 0.181122 -0.057333
v -0.215666 0.180971 -0.057232
v -0.215613 0.180820 -0.057130
v -0.215561 0.180669 -0.057029
v -0.215508 0.180517 -0.056928
v -0.215456 0.180366 -0.056826
v -0.215403 0.180214 -0.056724
v -0.215350 0.180062 -0.056623
v -0.215297 0.179910 -0.056521
v -0.215244 0.179758 -0.056420
v -0.215191 0.179606 -0.056318
v -0.215138 0.179453 -0.056216
v -0.215085 0.179300 -0.056114
v -0.215032 0.179147 -0.056013
v -0.214979 0.178994 -0.055911
v -0.214926 0.178841 -0.055809
v -0.214872 0.178688 -0.055707
v -0.214819 0.178534 -0.055605
v -0.214766 0.178380 -0.055503
v -0.214712 0.178226 -0.055401
v -0.214659 0.178072 -0.055299
v -0.214605 0.177918 -0.055197
v -0.214551 0.177764 -0.055095
v -0.214498 0.177609 -0.054993
v -0.214444 0.177454 -0.054891
v -0.214390 0.177299 -0.054789
v -0.214336 0.177144 -0.054687
v -0.214282 0.176989 -0.054585
v -0.214228 0.176833 -0.054482
v -0.214174 0.176678 -0.054380
v -0.214120 0.176522 -0.054278
v -0.214065 0.176366 -0.054175
v -0.214011 0.176210 -0.054073
v -0.213957 0.176053 -0.053971
v -0.213902 0.175897 -0.053868
v -0.213848 0.175740 -0.053766
v -0.213794 0.175583 -0.053664
v -0.213739 0.175426 -0.053561
v -0.213684 0.175269 -0.053459
v -0.213630 0.175112 -0.053356
v -0.213575 0.174955 -0.053254
v -0.213520 0.174797 -0.053151
v -0.213465 0.174639 -0.053049
v -0.213410 0.174481 -0.052946
v -0.213355 0.174322 -0.052843
v -0.213300 0.174163 -0.052740
v -0.213244 0.174003 -0.052636
v -0.213189 0.173843 -0.052533
v -0.213133 0.173683 -0.052429
v -0.213077 0.173522 -0.052326
v -0.213021 0.173361 -0.052222
v -0.212965 0.173199 -0.052117
v -0.212909 0.173037 -0.052013
v -0.212852 0.172875 -0.051909
v -0.212796 0.172712 -0.051804
v -0.212739 0.172549 -0.051699
v -0.212682 0.172385 -0.051594
v -0.212625 0.172221 -0.051489
v -0.212568 0.172057 -0.051383
v -0.212510 0.171892 -0.051278
v -0.212453 0.171726 -0.051172
v -0.212395 0.171560 -0.051066
v -0.212338 0.171394 -0.050960
v -0.212280 0.171228 -0.050854
v -0.212222 0.171061 -0.050747
v -0.212163 0.170893 -0.050641
v -0.212105 0.170725 -0.050534
v -0.212047 0.170557 -0.050427
v -0.211988 0.170388 -0.050320
v -0.211929 0.170219 -0.050213
v -0.211870 0.170050 -0.050105
v -0.211811 0.169880 -0.049998
v -0.211752 0.169709 -0.049890
v -0.211693 0.169538 -0.049782
v -0.211633 0.169367 -0.049674
v -0.211574 0.169195 -0.049566
v -0.211514 0.169023 -0.049457
v -0.211454 0.168851 -0.049349
v -0.211394 0.168678 -0.049240
v -0.211333 0.168505 -0.049131
v -0.211273 0.168331 -0.049022
v -0.211213 0.168157 -0.048913
v -0.211152 0.167982 -0.048804
v -0.211091 0.167807 -0.048694
v -0.211030 0.167632 -0.048584
v -0.210969 0.167456 -0.048475
v -0.210908 0.167280 -0.048365
v -0.210846 0.167103 -0.048255
v -0.210785 0.166926 -0.048144
v -0.210723 0.166748 -0.048034
v -0.210661 0.166571 -0.047923
v -0.210599 0.166392 -0.047813
v -0.210537 0.166213 -0.047702
v 0.125293 0.088255 -0.006681
v 0.125926 0.085203 -0.005234
v 0.126867 0.080677 -0.003042
v 0.127085 0.079608 -0.002583
v 0.127271 0.078712 -0.002152
v 0.127671 0.076780 -0.001238
v 0.127466 0.077771 -0.001698
v 0.127671 0.076787 -0.001223
v 0.127867 0.075845 -0.000769
v 0.128070 0.074867 -0.000297
v 0.128928 0.070714 0.001641
v 0.129856 0.066237 0.003758
v 0.129364 0.068642 0.002702
v 0.129157 0.069639 0.002223
v 0.128928 0.070739 0.001693
v 0.128612 0.072260 0.000960
v 0.128445 0.073065 0.000572
v 0.128281 0.073851 0.000193
v 0.130103 0.065044 0.004323
v 0.129958 0.065784 0.004075
v 0.129856 0.066276 0.003839
v 0.129713 0.066961 0.003510
v 0.129549 0.067750 0.003131
v 0.131925 0.056315 0.008587
v 0.131872 0.056569 0.008467
v 0.131820 0.056822 0.008347
v 0.131767 0.057074 0.008227
v 0.131715 0.057326 0.008108
v 0.131663 0.057577 0.007989
v 0.131611 0.057827 0.007870
v 0.131559 0.058076 0.007752
v 0.131507 0.058325 0.007634
v 0.131458 0.058562 0.007522
v 0.131409 0.058798 0.007409
v 0.131360 0.059033 0.007298
v 0.131312 0.059268 0.007186
v 0.131263 0.059502 0.007075
v 0.131214 0.059735 0.006964
v 0.131166 0.059968 0.006853
v 0.131118 0.060201 0.006742
v 0.131070 0.060433 0.006632
v 0.131022 0.060664 0.006522
v 0.130974 0.060894 0.006412
v 0.130926 0.061124 0.006302
v 0.130878 0.061354 0.006193
v 0.130831 0.061583 0.006084
v 0.130783 0.061811 0.005975
v 0.130736 0.062039 0.005866
v 0.130689 0.062266 0.005758
v 0.130642 0.062492 0.005650
v 0.130595 0.062718 0.005542
v 0.130548 0.062943 0.005434
v 0.130501 0.063168 0.005327
v 0.130452 0.063403 0.005215
v 0.130404 0.063638 0.005102
v 0.130355 0.063872 0.004990
v 0.130306 0.064105 0.004879
v 0.130258 0.064338 0.004767
v 0.130228 0.064483 0.004698
v 0.130198 0.064629 0.004628
v 0.130117 0.065016 0.004443
v 0.130045 0.065364 0.004276
v 0.135628 0.038494 0.016911
v 0.135554 0.038847 0.016749
v 0.135482 0.039194 0.016589
v 0.135411 0.039536 0.016432
v 0.135341 0.039873 0.016276
v 0.135284 0.040149 0.016149
v 0.135227 0.040422 0.016023
v 0.135171 0.040691 0.015898
v 0.135116 0.040958 0.015775
v 0.135061 0.041222 0.015653
v 0.135006 0.041485 0.015531
v 0.134944 0.041785 0.015392
v 0.134882 0.042085 0.015254
v 0.134820 0.042383 0.015116
v 0.134758 0.042680 0.014978
v 0.134696 0.042976 0.014841
v 0.134635 0.043271 0.014704
v 0.134574 0.043564 0.014567
v 0.134513 0.043857 0.014431
v 0.134453 0.044149 0.014296
v 0.134392 0.044440 0.014161
v 0.134332 0.044729 0.014026
v 0.134272 0.045018 0.013892
v 0.134213 0.045305 0.013758
v 0.134153 0.045591 0.013625
v 0.134096 0.045867 0.013496
v 0.134039 0.046141 0.013368
v 0.133982 0.046415 0.013241
v 0.133925 0.046687 0.013114
v 0.133869 0.046959 0.012987
v 0.133813 0.047229 0.012861
v 0.133757 0.047499 0.012735
v 0.133701 0.047767 0.012609
v 0.133645 0.048035 0.012484
v 0.133590 0.048301 0.012359
v 0.133535 0.048567 0.012235
v 0.133480 0.048831 0.012111
v 0.133425 0.049095 0.011988
v 0.133371 0.049358 0.011865
v 0.133316 0.049619 0.011742
v 0.133262 0.049880 0.011620
v 0.133208 0.050139 0.011498
v 0.133155 0.050398 0.011377
v 0.133101 0.050655 0.011256
v 0.133048 0.050912 0.011136
v 0.132995 0.051167 0.011015
v 0.132942 0.051422 0.010896
v 0.132889 0.051675 0.010777
v 0.132837 0.051928 0.010658
v 0.132784 0.052180 0.010539
v 0.132732 0.052430 0.010421
v 0.132680 0.052680 0.010304
v 0.132629 0.052928 0.010187
v 0.132577 0.053176 0.010070
v 0.132527 0.053419 0.009955
v 0.132476 0.053662 0.009841
v 0.132426 0.053904 0.009727
v 0.132376 0.054145 0.009613
v 0.132326 0.054385 0.009500
v 0.132276 0.054624 0.009387
v 0.132227 0.054862 0.009274
v 0.132178 0.055099 0.009163
v 0.132129 0.055335 0.009051
v 0.132080 0.055570 0.008940
v 0.132031 0.055804 0.008829
v 0.131978 0.056060 0.008708
v 0.136275 0.035378 0.018342
v 0.136200 0.035738 0.018177
v 0.136126 0.036094 0.018014
v 0.136053 0.036445 0.017853
v 0.135981 0.036792 0.017694
v 0.135910 0.037135 0.017536
v 0.135840 0.037473 0.017381
v 0.135770 0.037807 0.017228
v 0.135702 0.038137 0.017076
v 0.137101 0.031403 0.020154
v 0.137013 0.031827 0.019961
v 0.136926 0.032247 0.019771
v 0.136840 0.032661 0.019582
v 0.136755 0.033071 0.019395
v 0.136670 0.033476 0.019211
v 0.136587 0.033876 0.019028
v 0.136505 0.034272 0.018847
v 0.136428 0.034645 0.018677
v 0.136351 0.035014 0.018508
v 0.137938 0.027371 0.021978
v 0.137841 0.027838 0.021767
v 0.137745 0.028301 0.021559
v 0.137650 0.028758 0.021352
v 0.137556 0.029211 0.021148
v 0.137463 0.029659 0.020945
v 0.137371 0.030102 0.020744
v 0.137280 0.030541 0.020546
v 0.137190 0.030974 0.020349
v 0.138336 0.025456 0.022839
v 0.138235 0.025942 0.022621
v 0.138135 0.026423 0.022404
v 0.138036 0.026900 0.022190
v 0.128686 0.071884 0.001198
v 0.127487 0.077670 -0.001593
v 0.095607 -0.148268 -0.020500
v 0.095607 -0.148268 -0.020000
v 0.095833 -0.146549 -0.020500
v 0.095833 -0.146549 -0.020000
v 0.095607 -0.144830 -0.020500
v 0.095607 -0.144830 -0.020000
v 0.094944 -0.143229 -0.020500
v 0.094944 -0.143229 -0.020000
v 0.093888 -0.141853 -0.020500
v 0.093888 -0.141853 -0.020000
v 0.092513 -0.140798 -0.020500
v 0.092513 -0.140798 -0.020000
v 0.090912 -0.140135 -0.020500
v 0.090912 -0.140135 -0.020000
v 0.089193 -0.139908 -0.020500
v 0.089193 -0.139908 -0.020000
v 0.087474 -0.140135 -0.020500
v 0.087474 -0.140135 -0.020000
v 0.085873 -0.140798 -0.020500
v 0.085873 -0.140798 -0.020000
v 0.084497 -0.141853 -0.020500
v 0.084497 -0.141853 -0.020000
v 0.083442 -0.143229 -0.020500
v 0.083442 -0.143229 -0.020000
v 0.082779 -0.144830 -0.020500
v 0.082779 -0.144830 -0.020000
v 0.082552 -0.146549 -0.020500
v 0.082552 -0.146549 -0.020000
v 0.082779 -0.148268 -0.020500
v 0.082779 -0.148268 -0.020000
v 0.083442 -0.149869 -0.020500
v 0.083442 -0.149869 -0.020000
v 0.084497 -0.151244 -0.020500
v 0.084497 -0.151244 -0.020000
v 0.085873 -0.152300 -0.020500
v 0.085873 -0.152300 -0.020000
v 0.087474 -0.152963 -0.020500
v 0.087474 -0.152963 -0.020000
v 0.089193 -0.153189 -0.020500
v 0.089193 -0.153189 -0.020000
v 0.090912 -0.152963 -0.020500
v 0.090912 -0.152963 -0.020000
v 0.092513 -0.152300 -0.020500
v 0.092513 -0.152300 -0.020000
v 0.093888 -0.151244 -0.020500
v 0.093888 -0.151244 -0.020000
v 0.094944 -0.149869 -0.020500
v 0.094944 -0.149869 -0.020000
v 0.100629 -0.079740 -0.020500
v 0.100629 -0.079740 -0.020000
v 0.100867 -0.077934 -0.020500
v 0.100867 -0.077934 -0.020000
v 0.100629 -0.076129 -0.020500
v 0.100629 -0.076129 -0.020000
v 0.099932 -0.074446 -0.020500
v 0.099932 -0.074446 -0.020000
v 0.098823 -0.073002 -0.020500
v 0.098823 -0.073002 -0.020000
v 0.097379 -0.071893 -0.020500
v 0.097379 -0.071893 -0.020000
v 0.095696 -0.071196 -0.020500
v 0.095696 -0.071196 -0.020000
v 0.093891 -0.070958 -0.020500
v 0.093891 -0.070958 -0.020000
v 0.092085 -0.071196 -0.020500
v 0.092085 -0.071196 -0.020000
v 0.090402 -0.071893 -0.020500
v 0.090402 -0.071893 -0.020000
v 0.088958 -0.073002 -0.020500
v 0.088958 -0.073002 -0.020000
v 0.087849 -0.074446 -0.020500
v 0.087849 -0.074446 -0.020000
v 0.087152 -0.076129 -0.020500
v 0.087152 -0.076129 -0.020000
v 0.086914 -0.077934 -0.020500
v 0.086914 -0.077934 -0.020000
v 0.087152 -0.079740 -0.020500
v 0.087152 -0.079740 -0.020000
v 0.087849 -0.081422 -0.020500
v 0.087849 -0.081422 -0.020000
v 0.088958 -0.082867 -0.020500
v 0.088958 -0.082867 -0.020000
v 0.090402 -0.083976 -0.020500
v 0.090402 -0.083976 -0.020000
v 0.092085 -0.084673 -0.020500
v 0.092085 -0.084673 -0.020000
v 0.093891 -0.084911 -0.020500
v 0.093891 -0.084911 -0.020000
v 0.095696 -0.084673 -0.020500
v 0.095696 -0.084673 -0.020000
v 0.097379 -0.083976 -0.020500
v 0.097379 -0.083976 -0.020000
v 0.098823 -0.082867 -0.020500
v 0.098823 -0.082867 -0.020000
v 0.099932 -0.081422 -0.020500
v 0.099932 -0.081422 -0.020000
v -0.004921 -0.003017 -0.020500
v -0.004921 -0.003017 -0.020000
v -0.004756 -0.001760 -0.020500
v -0.004756 -0.001760 -0.020000
v -0.004921 -0.000503 -0.020500
v -0.004921 -0.000503 -0.020000
v -0.005406 0.000669 -0.020500
v -0.005406 0.000669 -0.020000
v -0.006178 0.001675 -0.020500
v -0.006178 0.001675 -0.020000
v -0.007184 0.002446 -0.020500
v -0.007184 0.002446 -0.020000
v -0.008355 0.002932 -0.020500
v -0.008355 0.002932 -0.020000
v -0.009613 0.003097 -0.020500
v -0.009613 0.003097 -0.020000
v -0.010870 0.002932 -0.020500
v -0.010870 0.002932 -0.020000
v -0.012041 0.002446 -0.020500
v -0.012041 0.002446 -0.020000
v -0.013047 0.001675 -0.020500
v -0.013047 0.001675 -0.020000
v -0.013819 0.000669 -0.020500
v -0.013819 0.000669 -0.020000
v -0.014304 -0.000503 -0.020500
v -0.014304 -0.000503 -0.020000
v -0.014469 -0.001760 -0.020500
v -0.014469 -0.001760 -0.020000
v -0.014304 -0.003017 -0.020500
v -0.014304 -0.003017 -0.020000
v -0.013819 -0.004188 -0.020500
v -0.013819 -0.004188 -0.020000
v -0.013047 -0.005194 -0.020500
v -0.013047 -0.005194 -0.020000
v -0.012041 -0.005966 -0.020500
v -0.012041 -0.005966 -0.020000
v -0.010870 -0.006451 -0.020500
v -0.010870 -0.006451 -0.020000
v -0.009613 -0.006617 -0.020500
v -0.009613 -0.006617 -0.020000
v -0.008355 -0.006451 -0.020500
v -0.008355 -0.006451 -0.020000
v -0.007184 -0.005966 -0.020500
v -0.007184 -0.005966 -0.020000
v -0.006178 -0.005194 -0.020500
v -0.006178 -0.005194 -0.020000
v -0.005406 -0.004188 -0.020500
v -0.005406 -0.004188 -0.020000
v -0.035113 -0.003999 -0.020500
v -0.035113 -0.003999 -0.020000
v -0.034948 -0.002741 -0.020500
v -0.034948 -0.002741 -0.020000
v -0.035113 -0.001483 -0.020500
v -0.035113 -0.001483 -0.020000
v -0.035599 -0.000310 -0.020500
v -0.035599 -0.000310 -0.020000
v -0.036372 0.000697 -0.020500
v -0.036372 0.000697 -0.020000
v -0.037379 0.001469 -0.020500
v -0.037379 0.001469 -0.020000
v -0.038551 0.001955 -0.020500
v -0.038551 0.001955 -0.020000
v -0.039809 0.002121 -0.020500
v -0.039809 0.002121 -0.020000
v -0.041068 0.001955 -0.020500
v -0.041068 0.001955 -0.020000
v -0.042240 0.001469 -0.020500
v -0.042240 0.001469 -0.020000
v -0.043247 0.000697 -0.020500
v -0.043247 0.000697 -0.020000
v -0.044020 -0.000310 -0.020500
v -0.044020 -0.000310 -0.020000
v -0.044506 -0.001483 -0.020500
v -0.044506 -0.001483 -0.020000
v -0.044671 -0.002741 -0.020500
v -0.044671 -0.002741 -0.020000
v -0.044506 -0.003999 -0.020500
v -0.044506 -0.003999 -0.020000
v -0.044020 -0.005172 -0.020500
v -0.044020 -0.005172 -0.020000
v -0.043247 -0.006179 -0.020500
v -0.043247 -0.006179 -0.020000
v -0.042240 -0.006951 -0.020500
v -0.042240 -0.006951 -0.020000
v -0.041068 -0.007437 -0.020500
v -0.041068 -0.007437 -0.020000
v -0.039809 -0.007603 -0.020500
v -0.039809 -0.007603 -0.020000
v -0.038551 -0.007437 -0.020500
v -0.038551 -0.007437 -0.020000
v -0.037379 -0.006951 -0.020500
v -0.037379 -0.006951 -0.020000
v -0.036372 -0.006179 -0.020500
v -0.036372 -0.006179 -0.020000
v -0.035599 -0.005172 -0.020500
v -0.035599 -0.005172 -0.020000
v 0.182852 -0.012114 -0.020500
v 0.182852 -0.012114 -0.020000
v 0.182967 -0.011244 -0.020500
v 0.182967 -0.011244 -0.020000
v 0.182852 -0.010374 -0.020500
v 0.182852 -0.010374 -0.020000
v 0.182517 -0.009564 -0.020500
v 0.182517 -0.009564 -0.020000
v 0.181982 -0.008868 -0.020500
v 0.181982 -0.008868 -0.020000
v 0.181286 -0.008334 -0.020500
v 0.181286 -0.008334 -0.020000
v 0.180476 -0.007998 -0.020500
v 0.180476 -0.007998 -0.020000
v 0.179606 -0.007883 -0.020500
v 0.179606 -0.007883 -0.020000
v 0.178736 -0.007998 -0.020500
v 0.178736 -0.007998 -0.020000
v 0.177926 -0.008334 -0.020500
v 0.177926 -0.008334 -0.020000
v 0.177230 -0.008868 -0.020500
v 0.177230 -0.008868 -0.020000
v 0.176695 -0.009564 -0.020500
v 0.176695 -0.009564 -0.020000
v 0.176360 -0.010374 -0.020500
v 0.176360 -0.010374 -0.020000
v 0.176245 -0.011244 -0.020500
v 0.176245 -0.011244 -0.020000
v 0.176360 -0.012114 -0.020500
v 0.176360 -0.012114 -0.020000
v 0.176695 -0.012925 -0.020500
v 0.176695 -0.012925 -0.020000
v 0.177230 -0.013621 -0.020500
v 0.177230 -0.013621 -0.020000
v 0.177926 -0.014155 -0.020500
v 0.177926 -0.014155 -0.020000
v 0.178736 -0.014490 -0.020500
v 0.178736 -0.014490 -0.020000
v 0.179606 -0.014605 -0.020500
v 0.179606 -0.014605 -0.020000
v 0.180476 -0.014490 -0.020500
v 0.180476 -0.014490 -0.020000
v 0.181286 -0.014155 -0.020500
v 0.181286 -0.014155 -0.020000
v 0.181982 -0.013621 -0.020500
v 0.181982 -0.013621 -0.020000
v 0.182517 -0.012925 -0.020500
v 0.182517 -0.012925 -0.020000
v -0.114952 -0.064181 -0.020500
v -0.114952 -0.064181 -0.020000
v -0.114732 -0.062515 -0.020500
v -0.114732 -0.062515 -0.020000
v -0.114952 -0.060849 -0.020500
v -0.114952 -0.060849 -0.020000
v -0.115595 -0.059296 -0.020500
v -0.115595 -0.059296 -0.020000
v -0.116618 -0.057962 -0.020500
v -0.116618 -0.057962 -0.020000
v -0.117951 -0.056939 -0.020500
v -0.117951 -0.056939 -0.020000
v -0.119504 -0.056296 -0.020500
v -0.119504 -0.056296 -0.020000
v -0.121171 -0.056077 -0.020500
v -0.121171 -0.056077 -0.020000
v -0.122837 -0.056296 -0.020500
v -0.122837 -0.056296 -0.020000
v -0.124390 -0.056939 -0.020500
v -0.124390 -0.056939 -0.020000
v -0.125723 -0.057962 -0.020500
v -0.125723 -0.057962 -0.020000
v -0.126746 -0.059296 -0.020500
v -0.126746 -0.059296 -0.020000
v -0.127390 -0.060849 -0.020500
v -0.127390 -0.060849 -0.020000
v -0.127609 -0.062515 -0.020500
v -0.127609 -0.062515 -0.020000
v -0.127390 -0.064181 -0.020500
v -0.127390 -0.064181 -0.020000
v -0.126746 -0.065734 -0.020500
v -0.126746 -0.065734 -0.020000
v -0.125723 -0.067068 -0.020500
v -0.125723 -0.067068 -0.020000
v -0.124390 -0.068091 -0.020500
v -0.124390 -0.068091 -0.020000
v -0.122837 -0.068734 -0.020500
v -0.122837 -0.068734 -0.020000
v -0.121171 -0.068953 -0.020500
v -0.121171 -0.068953 -0.020000
v -0.119504 -0.068734 -0.020500
v -0.119504 -0.068734 -0.020000
v -0.117951 -0.068091 -0.020500
v -0.117951 -0.068091 -0.020000
v -0.116618 -0.067068 -0.020500
v -0.116618 -0.067068 -0.020000
v -0.115595 -0.065734 -0.020500
v -0.115595 -0.065734 -0.020000
v -0.012701 -0.012461 -0.020500
v -0.012701 -0.012461 -0.020000
v -0.012541 -0.011244 -0.020500
v -0.012541 -0.011244 -0.020000
v -0.012701 -0.010027 -0.020500
v -0.012701 -0.010027 -0.020000
v -0.013171 -0.008893 -0.020500
v -0.013171 -0.008893 -0.020000
v -0.013918 -0.007919 -0.020500
v -0.013918 -0.007919 -0.020000
v -0.014892 -0.007171 -0.020500
v -0.014892 -0.007171 -0.020000
v -0.016026 -0.006702 -0.020500
v -0.016026 -0.006702 -0.020000
v -0.017244 -0.006541 -0.020500
v -0.017244 -0.006541 -0.020000
v -0.018461 -0.006702 -0.020500
v -0.018461 -0.006702 -0.020000
v -0.019595 -0.007171 -0.020500
v -0.019595 -0.007171 -0.020000
v -0.020569 -0.007919 -0.020500
v -0.020569 -0.007919 -0.020000
v -0.021316 -0.008893 -0.020500
v -0.021316 -0.008893 -0.020000
v -0.021786 -0.010027 -0.020500
v -0.021786 -0.010027 -0.020000
v -0.021946 -0.011244 -0.020500
v -0.021946 -0.011244 -0.020000
v -0.021786 -0.012461 -0.020500
v -0.021786 -0.012461 -0.020000
v -0.021316 -0.013596 -0.020500
v -0.021316 -0.013596 -0.020000
v -0.020569 -0.014570 -0.020500
v -0.020569 -0.014570 -0.020000
v -0.019595 -0.015317 -0.020500
v -0.019595 -0.015317 -0.020000
v -0.018461 -0.015787 -0.020500
v -0.018461 -0.015787 -0.020000
v -0.017244 -0.015947 -0.020500
v -0.017244 -0.015947 -0.020000
v -0.016026 -0.015787 -0.020500
v -0.016026 -0.015787 -0.020000
v -0.014892 -0.015317 -0.020500
v -0.014892 -0.015317 -0.020000
v -0.013918 -0.014570 -0.020500
v -0.013918 -0.014570 -0.020000
v -0.013171 -0.013596 -0.020500
v -0.013171 -0.013596 -0.020000
v 0.148694 -0.075274 -0.020500
v 0.148694 -0.075274 -0.020000
v 0.148875 -0.073898 -0.020500
v 0.148875 -0.073898 -0.020000
v 0.148694 -0.072522 -0.020500
v 0.148694 -0.072522 -0.020000
v 0.148163 -0.071240 -0.020500
v 0.148163 -0.071240 -0.020000
v 0.147318 -0.070139 -0.020500
v 0.147318 -0.070139 -0.020000
v 0.146217 -0.069294 -0.020500
v 0.146217 -0.069294 -0.020000
v 0.144934 -0.068762 -0.020500
v 0.144934 -0.068762 -0.020000
v 0.143558 -0.068581 -0.020500
v 0.143558 -0.068581 -0.020000
v 0.142182 -0.068762 -0.020500
v 0.142182 -0.068762 -0.020000
v 0.140900 -0.069294 -0.020500
v 0.140900 -0.069294 -0.020000
v 0.139798 -0.070139 -0.020500
v 0.139798 -0.070139 -0.020000
v 0.138953 -0.071240 -0.020500
v 0.138953 -0.071240 -0.020000
v 0.138422 -0.072522 -0.020500
v 0.138422 -0.072522 -0.020000
v 0.138241 -0.073898 -0.020500
v 0.138241 -0.073898 -0.020000
v 0.138422 -0.075274 -0.020500
v 0.138422 -0.075274 -0.020000
v 0.138953 -0.076557 -0.020500
v 0.138953 -0.076557 -0.020000
v 0.139798 -0.077658 -0.020500
v 0.139798 -0.077658 -0.020000
v 0.140900 -0.078503 -0.020500
v 0.140900 -0.078503 -0.020000
v 0.142182 -0.079034 -0.020500
v 0.142182 -0.079034 -0.020000
v 0.143558 -0.079215 -0.020500
v 0.143558 -0.079215 -0.020000
v 0.144934 -0.079034 -0.020500
v 0.144934 -0.079034 -0.020000
v 0.146217 -0.078503 -0.020500
v 0.146217 -0.078503 -0.020000
v 0.147318 -0.077658 -0.020500
v 0.147318 -0.077658 -0.020000
v 0.148163 -0.076557 -0.020500
v 0.148163 -0.076557 -0.020000
v 0.071597 -0.150005 -0.020500
v 0.071597 -0.150005 -0.020000
v 0.071898 -0.147716 -0.020500
v 0.071898 -0.147716 -0.020000
v 0.071597 -0.145426 -0.020500
v 0.071597 -0.145426 -0.020000
v 0.070713 -0.143293 -0.020500
v 0.070713 -0.143293 -0.020000
v 0.069307 -0.141461 -0.020500
v 0.069307 -0.141461 -0.020000
v 0.067475 -0.140055 -0.020500
v 0.067475 -0.140055 -0.020000
v 0.065341 -0.139171 -0.020500
v 0.065341 -0.139171 -0.020000
v 0.063052 -0.138870 -0.020500
v 0.063052 -0.138870 -0.020000
v 0.060762 -0.139171 -0.020500
v 0.060762 -0.139171 -0.020000
v 0.058629 -0.140055 -0.020500
v 0.058629 -0.140055 -0.020000
v 0.056797 -0.141461 -0.020500
v 0.056797 -0.141461 -0.020000
v 0.055391 -0.143293 -0.020500
v 0.055391 -0.143293 -0.020000
v 0.054507 -0.145426 -0.020500
v 0.054507 -0.145426 -0.020000
v 0.054206 -0.147716 -0.020500
v 0.054206 -0.147716 -0.020000
v 0.054507 -0.150005 -0.020500
v 0.054507 -0.150005 -0.020000
v 0.055391 -0.152139 -0.020500
v 0.055391 -0.152139 -0.020000
v 0.056797 -0.153971 -0.020500
v 0.056797 -0.153971 -0.020000
v 0.058629 -0.155377 -0.020500
v 0.058629 -0.155377 -0.020000
v 0.060762 -0.156261 -0.020500
v 0.060762 -0.156261 -0.020000
v 0.063052 -0.156562 -0.020500
v 0.063052 -0.156562 -0.020000
v 0.065341 -0.156261 -0.020500
v 0.065341 -0.156261 -0.020000
v 0.067475 -0.155377 -0.020500
v 0.067475 -0.155377 -0.020000
v 0.069307 -0.153971 -0.020500
v 0.069307 -0.153971 -0.020000
v 0.070713 -0.152139 -0.020500
v 0.070713 -0.152139 -0.020000
v 0.162221 -0.142046 -0.020500
v 0.162221 -0.142046 -0.020000
v 0.163041 -0.135817 -0.020500
v 0.163041 -0.135817 -0.020000
v 0.162221 -0.129588 -0.020500
v 0.162221 -0.129588 -0.020000
v 0.159817 -0.123783 -0.020500
v 0.159817 -0.123783 -0.020000
v 0.155992 -0.118798 -0.020500
v 0.155992 -0.118798 -0.020000
v 0.151007 -0.114974 -0.020500
v 0.151007 -0.114974 -0.020000
v 0.145203 -0.112569 -0.020500
v 0.145203 -0.112569 -0.020000
v 0.138973 -0.111749 -0.020500
v 0.138973 -0.111749 -0.020000
v 0.132744 -0.112569 -0.020500
v 0.132744 -0.112569 -0.020000
v 0.126939 -0.114974 -0.020500
v 0.126939 -0.114974 -0.020000
v 0.121955 -0.118798 -0.020500
v 0.121955 -0.118798 -0.020000
v 0.118130 -0.123783 -0.020500
v 0.118130 -0.123783 -0.020000
v 0.115725 -0.129588 -0.020500
v 0.115725 -0.129588 -0.020000
v 0.114905 -0.135817 -0.020500
v 0.114905 -0.135817 -0.020000
v 0.115725 -0.142046 -0.020500
v 0.115725 -0.142046 -0.020000
v 0.118130 -0.147851 -0.020500
v 0.118130 -0.147851 -0.020000
v 0.121955 -0.152836 -0.020500
v 0.121955 -0.152836 -0.020000
v 0.126939 -0.156661 -0.020500
v 0.126939 -0.156661 -0.020000
v 0.132744 -0.159065 -0.020500
v 0.132744 -0.159065 -0.020000
v 0.138973 -0.159885 -0.020500
v 0.138973 -0.159885 -0.020000
v 0.145203 -0.159065 -0.020500
v 0.145203 -0.159065 -0.020000
v 0.151007 -0.156661 -0.020500
v 0.151007 -0.156661 -0.020000
v 0.155992 -0.152836 -0.020500
v 0.155992 -0.152836 -0.020000
v 0.159817 -0.147851 -0.020500
v 0.159817 -0.147851 -0.020000
v -0.217433 0.186384 -0.072281
v -0.217581 0.187728 -0.072794
v -0.216754 0.183707 -0.070689
v -0.217424 0.186585 -0.071818
v -0.216754 0.183962 -0.070259
v -0.217633 0.189131 -0.073929
v -0.217633 0.189165 -0.073804
v -0.217633 0.189200 -0.073680
v -0.217634 0.189236 -0.073555
v -0.217634 0.189274 -0.073432
v 0.137702 0.028405 -0.009686
v 0.191425 0.035478 -0.010319
v 0.135290 0.040016 -0.010908
v 0.189217 0.041491 -0.011127
v 0.179507 0.057213 -0.014222
v 0.138086 0.026557 -0.009582
v 0.193036 0.026557 -0.009582
v 0.130224 0.064461 -0.016065
v 0.167116 0.070998 -0.017917
v 0.125293 0.088255 -0.023605
v 0.142715 0.092615 -0.025211
v 0.055396 0.144436 -0.048383
v 0.050914 0.159726 -0.056466
v 0.017830 0.168796 -0.061492
v 0.018085 0.183542 -0.070010
v -0.002003 0.179394 -0.067567
v -0.022807 0.188428 -0.072923
v -0.015369 0.200086 -0.080047
v -0.050346 0.196534 -0.077851
v -0.079330 0.199769 -0.079851
v -0.055410 0.210214 -0.086430
v -0.207000 0.204330 -0.082701
v -0.094174 0.214379 -0.089106
v -0.232488 0.208194 -0.085143
v -0.233555 0.212879 -0.088139
v -0.233570 0.214078 -0.088912
v -0.233379 0.215263 -0.089678
v -0.226474 0.217663 -0.091236
v -0.233005 0.216177 -0.090270
v -0.232585 0.216752 -0.090643
v -0.231958 0.217280 -0.090986
v -0.231279 0.217620 -0.091207
v -0.230475 0.217845 -0.091354
v -0.228877 0.217963 -0.091431
v -0.230659 0.203652 -0.082274
v -0.209568 0.203168 -0.081971
v -0.211814 0.201630 -0.081009
v -0.213704 0.199802 -0.079871
v -0.215222 0.197757 -0.078605
v -0.216369 0.195555 -0.077250
v -0.217149 0.193235 -0.075831
v -0.216234 0.161814 -0.057608
v -0.190338 0.107969 -0.031315
v -0.201314 0.118537 -0.035913
v -0.183516 0.066914 -0.016740
v -0.174581 0.062641 -0.015581
v -0.169602 0.026557 -0.009582
v -0.166864 0.026557 -0.009582
v -0.162038 0.026557 -0.009582
v -0.209568 0.203168 -0.082562
v -0.230659 0.203386 -0.082698
v -0.207000 0.204330 -0.083291
v -0.232488 0.207926 -0.085565
v -0.094174 0.214108 -0.089526
v -0.233555 0.212609 -0.088560
v -0.233570 0.213807 -0.089332
v -0.211814 0.201630 -0.081598
v -0.213704 0.199802 -0.080460
v -0.215222 0.197757 -0.079192
v -0.216369 0.195555 -0.077836
v -0.217149 0.193235 -0.076417
v -0.215141 0.158403 -0.056316
v -0.190338 0.107775 -0.031776
v -0.201314 0.118332 -0.036369
v -0.191930 0.091144 -0.025192
v -0.174581 0.062514 -0.016065
v -0.183516 0.066779 -0.017222
v -0.176074 0.045241 -0.012251
v -0.162154 0.026866 -0.010098
v -0.166864 0.026866 -0.010098
v -0.169602 0.026533 -0.010082
v -0.167056 0.026755 -0.010093
v -0.167249 0.026644 -0.010087
v -0.167442 0.026533 -0.010082
v -0.233379 0.214992 -0.090097
v -0.226474 0.217390 -0.091655
v -0.233172 0.215576 -0.090476
v -0.232878 0.216109 -0.090821
v -0.232472 0.216597 -0.091139
v -0.231958 0.217007 -0.091406
v -0.231378 0.217307 -0.091601
v -0.230519 0.217563 -0.091768
v -0.228925 0.217691 -0.091851
v -0.054177 0.209740 -0.086721
v -0.079330 0.199769 -0.080439
v -0.015612 0.199910 -0.080527
v -0.050346 0.196534 -0.078438
v -0.022807 0.188428 -0.073506
v 0.019562 0.182342 -0.069882
v -0.002003 0.179394 -0.068146
v 0.017830 0.168796 -0.062066
v 0.050914 0.159486 -0.056905
v 0.055396 0.144436 -0.048944
v 0.101711 0.123564 -0.038755
v 0.125293 0.088255 -0.024137
v 0.150312 0.086145 -0.023387
v 0.172270 0.065529 -0.016868
v 0.135304 0.039947 -0.011404
v 0.184130 0.050671 -0.013288
v 0.190436 0.038407 -0.011189
v 0.192185 0.032453 -0.010506
v 0.137702 0.028373 -0.010185
v 0.193012 0.026866 -0.010098
v 0.137781 0.027996 -0.010161
v 0.137860 0.027620 -0.010139
v 0.137938 0.027243 -0.010118
v 0.138017 0.026866 -0.010098
v -0.167241 0.012578 -0.020500
v -0.167241 0.012578 -0.020364
v -0.167382 0.012578 -0.020500
v -0.163430 0.030542 -0.010092
v -0.164872 0.034684 -0.010484
v -0.166365 0.038971 -0.011015
v -0.167908 0.043402 -0.011687
v -0.169501 0.047979 -0.012502
v -0.171144 0.052700 -0.013461
v -0.172838 0.057566 -0.014568
v -0.174581 0.062577 -0.015825
v -0.176375 0.067733 -0.017233
v -0.178219 0.073033 -0.018796
v -0.180114 0.078478 -0.020516
v -0.182058 0.084067 -0.022395
v -0.202808 0.143728 -0.048304
v -0.201350 0.139534 -0.046182
v -0.199910 0.135393 -0.044127
v -0.198488 0.131304 -0.042137
v -0.197084 0.127267 -0.040213
v -0.195698 0.123283 -0.038353
v -0.194331 0.119352 -0.036557
v -0.192982 0.115472 -0.034824
v -0.191651 0.111646 -0.033155
v -0.190338 0.107871 -0.031548
v -0.189797 0.106316 -0.030897
v -0.189259 0.104769 -0.030257
v -0.188193 0.101704 -0.029009
v -0.186098 0.095680 -0.026639
v -0.184053 0.089801 -0.024435
v -0.214930 0.178588 -0.067394
v -0.213129 0.173409 -0.064402
v -0.211352 0.168296 -0.061500
v -0.209597 0.163250 -0.058687
v -0.207865 0.158270 -0.055962
v -0.206156 0.153356 -0.053323
v -0.204471 0.148509 -0.050771
v 0.137919 0.026671 -0.009633
v 0.138002 0.026723 -0.009814
v 0.137583 0.026900 -0.009734
v 0.137415 0.027014 -0.009784
v 0.137751 0.026786 -0.009683
v -0.161552 0.027014 -0.009784
v 0.038364 -0.145371 -0.020500
v 0.018464 -0.148483 -0.020500
v 0.038364 -0.145371 -0.020000
v 0.018464 -0.148483 -0.020000
v -0.022856 -0.161340 -0.020500
v -0.022856 -0.161340 -0.020000
v -0.070085 -0.162710 -0.020500
v -0.070085 -0.162710 -0.020000
v -0.071208 -0.162394 -0.020500
v -0.071208 -0.162394 -0.020000
v -0.072229 -0.161946 -0.020500
v -0.072229 -0.161946 -0.020000
v -0.073153 -0.161378 -0.020500
v -0.073153 -0.161378 -0.020000
v -0.073984 -0.160702 -0.020500
v -0.073984 -0.160702 -0.020000
v -0.075385 -0.159073 -0.020500
v -0.075385 -0.159073 -0.020000
v -0.076465 -0.157155 -0.020500
v -0.076465 -0.157155 -0.020000
v -0.077804 -0.152829 -0.020500
v -0.077804 -0.152829 -0.020000
v -0.078275 -0.148483 -0.020500
v -0.078275 -0.148483 -0.020000
v -0.088882 -0.138953 -0.020500
v -0.088882 -0.138953 -0.020000
v -0.096153 -0.138953 -0.020500
v -0.096153 -0.138953 -0.020000
v -0.099288 -0.135817 -0.020500
v -0.099288 -0.135817 -0.020000
v -0.099288 -0.127950 -0.020500
v -0.099288 -0.127950 -0.020000
v -0.107046 -0.127950 -0.020500
v -0.107046 -0.127950 -0.020000
v -0.112139 -0.115097 -0.020500
v -0.112139 -0.115097 -0.020000
v -0.113282 -0.109277 -0.020500
v -0.113282 -0.109277 -0.020000
v -0.113461 -0.104054 -0.020500
v -0.113461 -0.104054 -0.020000
v -0.112651 -0.099575 -0.020500
v -0.112651 -0.099575 -0.020000
v -0.111869 -0.097660 -0.020500
v -0.111869 -0.097660 -0.020000
v -0.110832 -0.095986 -0.020500
v -0.110832 -0.095986 -0.020000
v -0.109537 -0.094571 -0.020500
v -0.109537 -0.094571 -0.020000
v -0.107980 -0.093433 -0.020500
v -0.107980 -0.093433 -0.020000
v -0.106160 -0.092590 -0.020500
v -0.106160 -0.092590 -0.020000
v -0.104074 -0.092060 -0.020500
v -0.104074 -0.092060 -0.020000
v -0.088882 -0.092060 -0.020500
v -0.088882 -0.092060 -0.020000
v -0.084618 -0.086760 -0.020500
v -0.084618 -0.086760 -0.020000
v -0.083033 -0.085304 -0.020500
v -0.083033 -0.085304 -0.020000
v -0.082311 -0.084849 -0.020500
v -0.082311 -0.084849 -0.020000
v -0.081610 -0.084567 -0.020500
v -0.081610 -0.084567 -0.020000
v -0.080912 -0.084451 -0.020500
v -0.080912 -0.084451 -0.020000
v -0.080197 -0.084493 -0.020500
v -0.080197 -0.084493 -0.020000
v -0.079448 -0.084687 -0.020500
v -0.079448 -0.084687 -0.020000
v -0.078655 -0.085019 -0.020500
v -0.078655 -0.085019 -0.020000
v -0.075110 -0.087342 -0.020500
v -0.075110 -0.087342 -0.020000
v -0.071131 -0.090319 -0.020500
v -0.071131 -0.090319 -0.020000
v -0.066936 -0.092692 -0.020500
v -0.066936 -0.092692 -0.020000
v -0.064825 -0.093261 -0.020500
v -0.064825 -0.093261 -0.020000
v -0.063778 -0.093323 -0.020500
v -0.063778 -0.093323 -0.020000
v -0.062742 -0.093210 -0.020500
v -0.062742 -0.093210 -0.020000
v -0.061720 -0.092902 -0.020500
v -0.061720 -0.092902 -0.020000
v -0.060714 -0.092380 -0.020500
v -0.060714 -0.092380 -0.020000
v -0.059729 -0.091625 -0.020500
v -0.059729 -0.091625 -0.020000
v -0.058768 -0.090616 -0.020500
v -0.058768 -0.090616 -0.020000
v 0.060602 -0.087153 -0.020500
v 0.060602 -0.087153 -0.020000
v 0.063133 -0.087928 -0.020500
v 0.063133 -0.087928 -0.020000
v 0.065373 -0.088963 -0.020500
v 0.065373 -0.088963 -0.020000
v 0.067331 -0.090233 -0.020500
v 0.067331 -0.090233 -0.020000
v 0.069013 -0.091712 -0.020500
v 0.069013 -0.091712 -0.020000
v 0.070428 -0.093375 -0.020500
v 0.070428 -0.093375 -0.020000
v 0.071583 -0.095196 -0.020500
v 0.071583 -0.095196 -0.020000
v 0.073140 -0.099213 -0.020500
v 0.073140 -0.099213 -0.020000
v 0.073140 -0.120748 -0.020500
v 0.073140 -0.120748 -0.020000
v 0.071375 -0.123868 -0.020500
v 0.071375 -0.123868 -0.020000
v 0.069041 -0.126300 -0.020500
v 0.069041 -0.126300 -0.020000
v 0.066181 -0.128167 -0.020500
v 0.066181 -0.128167 -0.020000
v 0.062838 -0.129595 -0.020500
v 0.062838 -0.129595 -0.020000
v 0.045491 -0.133385 -0.020500
v 0.045491 -0.133385 -0.020000
v -0.067496 -0.040454 -0.020000
v -0.067496 -0.040454 -0.020500
v -0.069171 -0.044043 -0.020000
v -0.069171 -0.044043 -0.020500
v -0.071688 -0.047100 -0.020000
v -0.071688 -0.047100 -0.020500
v -0.074888 -0.049433 -0.020000
v -0.074888 -0.049433 -0.020500
v -0.078568 -0.050895 -0.020000
v -0.078568 -0.050895 -0.020500
v -0.082497 -0.051393 -0.020000
v -0.082497 -0.051393 -0.020500
v -0.121171 -0.051393 -0.020500
v -0.121171 -0.051393 -0.020000
v -0.124633 -0.049979 -0.020500
v -0.124633 -0.049979 -0.020000
v -0.127512 -0.047959 -0.020500
v -0.127512 -0.047959 -0.020000
v -0.129832 -0.045413 -0.020500
v -0.129832 -0.045413 -0.020000
v -0.131620 -0.042423 -0.020500
v -0.131620 -0.042423 -0.020000
v -0.132902 -0.039072 -0.020500
v -0.132902 -0.039072 -0.020000
v -0.133705 -0.035441 -0.020500
v -0.133705 -0.035441 -0.020000
v -0.133979 -0.027668 -0.020500
v -0.133979 -0.027668 -0.020000
v -0.132652 -0.019758 -0.020500
v -0.132652 -0.019758 -0.020000
v -0.129934 -0.012367 -0.020500
v -0.129934 -0.012367 -0.020000
v -0.126037 -0.006149 -0.020500
v -0.126037 -0.006149 -0.020000
v -0.123712 -0.003685 -0.020500
v -0.123712 -0.003685 -0.020000
v -0.121171 -0.001760 -0.020500
v -0.121171 -0.001760 -0.020000
v -0.078275 -0.001760 -0.020500
v -0.078275 -0.001760 -0.020000
v -0.075909 -0.001915 -0.020000
v -0.075909 -0.001915 -0.020500
v -0.073641 -0.002610 -0.020000
v -0.073641 -0.002610 -0.020500
v -0.071593 -0.003806 -0.020000
v -0.071593 -0.003806 -0.020500
v -0.069874 -0.005441 -0.020000
v -0.069874 -0.005441 -0.020500
v -0.068577 -0.007426 -0.020000
v -0.068577 -0.007426 -0.020500
v -0.067770 -0.009656 -0.020000
v -0.067770 -0.009656 -0.020500
v -0.067496 -0.012012 -0.020000
v -0.067496 -0.012012 -0.020500
v 0.193039 0.012578 -0.020000
v 0.193557 0.012578 -0.020500
v 0.193039 0.012877 -0.020500
v 0.193039 0.013368 -0.019674
v 0.193039 0.013128 -0.019160
v 0.193039 0.013980 -0.018946
v 0.193039 0.013812 -0.018409
v 0.193039 0.015570 -0.017673
v 0.193039 0.015503 -0.017122
v 0.193039 0.019687 -0.015544
v 0.193039 0.019637 -0.015016
v 0.193039 0.023952 -0.013256
v 0.193039 0.023736 -0.012798
v 0.193039 0.025726 -0.011737
v 0.193039 0.025384 -0.011370
v 0.193039 0.026353 -0.010955
v 0.193039 0.026039 -0.010528
v 0.193039 0.026873 -0.010084
v 0.192851 0.028520 -0.009946
v 0.192568 0.030498 -0.010088
v 0.192185 0.032476 -0.010260
v 0.191834 0.033960 -0.010407
v 0.191425 0.035449 -0.010570
v 0.190959 0.036942 -0.010749
v 0.190436 0.038440 -0.010943
v 0.189856 0.039942 -0.011152
v 0.189217 0.041452 -0.011377
v 0.188519 0.042971 -0.011617
v 0.187762 0.044499 -0.011872
v 0.186660 0.046552 -0.012235
v 0.185449 0.048625 -0.012626
v 0.184130 0.050721 -0.013045
v 0.183068 0.052308 -0.013377
v 0.181944 0.053909 -0.013725
v 0.180758 0.055523 -0.014089
v 0.179508 0.057155 -0.014470
v 0.178190 0.058806 -0.014869
v 0.176806 0.060479 -0.015285
v 0.175357 0.062169 -0.015718
v 0.173846 0.063874 -0.016168
v 0.172273 0.065595 -0.016636
v 0.170628 0.067342 -0.017123
v 0.168907 0.069119 -0.017631
v 0.167114 0.070924 -0.018161
v 0.164624 0.073360 -0.018897
v 0.162023 0.075830 -0.019666
v 0.159309 0.078333 -0.020469
v 0.156463 0.080890 -0.021313
v 0.153462 0.083520 -0.022206
v 0.150308 0.086224 -0.023149
v 0.147847 0.088296 -0.023889
v 0.145315 0.090397 -0.024653
v 0.142714 0.092527 -0.025443
v 0.140041 0.094685 -0.026258
v 0.137286 0.096883 -0.027103
v 0.134441 0.099126 -0.027981
v 0.131507 0.101415 -0.028893
v 0.128487 0.103748 -0.029838
v 0.124350 0.106909 -0.031145
v 0.120087 0.110130 -0.032505
v 0.115698 0.113410 -0.033920
v 0.112324 0.115910 -0.035018
v 0.108875 0.118447 -0.036149
v 0.105338 0.121032 -0.037320
v 0.101711 0.123668 -0.038531
v 0.097987 0.126359 -0.039785
v 0.094151 0.129117 -0.041090
v 0.092191 0.130522 -0.041761
v 0.090204 0.131943 -0.042446
v 0.086169 0.134821 -0.043846
v 0.082056 0.137743 -0.045289
v 0.077866 0.140710 -0.046773
v 0.073599 0.143721 -0.048301
v 0.069253 0.146779 -0.049872
v 0.063312 0.150946 -0.052048
v 0.057199 0.155220 -0.054318
v 0.046961 0.162623 -0.058339
v 0.046325 0.163110 -0.058607
v 0.045511 0.163733 -0.058951
v 0.043996 0.164890 -0.059593
v 0.043297 0.165425 -0.059891
v 0.042626 0.165936 -0.060175
v 0.040088 0.167866 -0.061256
v 0.038901 0.168763 -0.061761
v 0.037750 0.169631 -0.062250
v 0.035536 0.171286 -0.063188
v 0.033412 0.172856 -0.064083
v 0.032028 0.173868 -0.064662
v 0.030671 0.174851 -0.065228
v 0.029339 0.175807 -0.065778
v 0.028358 0.176505 -0.066181
v 0.027390 0.177186 -0.066576
v 0.025480 0.178516 -0.067349
v 0.024220 0.179378 -0.067852
v 0.022972 0.180222 -0.068346
v 0.021735 0.181048 -0.068830
v 0.019901 0.182250 -0.069537
v 0.018085 0.183414 -0.070225
v 0.016875 0.184175 -0.070675
v 0.015665 0.184923 -0.071120
v 0.014455 0.185659 -0.071558
v 0.013246 0.186383 -0.071989
v 0.012037 0.187094 -0.072414
v 0.010828 0.187793 -0.072833
v 0.009618 0.188479 -0.073245
v 0.008408 0.189154 -0.073651
v 0.007196 0.189816 -0.074050
v 0.005984 0.190467 -0.074443
v 0.004770 0.191105 -0.074830
v 0.003556 0.191732 -0.075209
v 0.001731 0.192649 -0.075767
v -0.000107 0.193544 -0.076312
v -0.001340 0.194129 -0.076669
v -0.002578 0.194705 -0.077021
v -0.003823 0.195270 -0.077368
v -0.005074 0.195826 -0.077709
v -0.006332 0.196373 -0.078045
v -0.007597 0.196911 -0.078376
v -0.008870 0.197439 -0.078703
v -0.010153 0.197960 -0.079024
v -0.011444 0.198471 -0.079340
v -0.012743 0.198974 -0.079652
v -0.014052 0.199468 -0.079958
v -0.015369 0.199954 -0.080260
v -0.016696 0.200431 -0.080556
v -0.018033 0.200900 -0.080848
v -0.019381 0.201361 -0.081136
v -0.020739 0.201813 -0.081418
v -0.022108 0.202258 -0.081696
v -0.023488 0.202694 -0.081969
v -0.024879 0.203123 -0.082238
v -0.026280 0.203543 -0.082501
v -0.027694 0.203955 -0.082760
v -0.029120 0.204360 -0.083015
v -0.030557 0.204757 -0.083265
v -0.032007 0.205146 -0.083510
v -0.033468 0.205527 -0.083750
v -0.072907 0.212456 -0.088164
v -0.071092 0.212252 -0.088033
v -0.069290 0.212040 -0.087897
v -0.067504 0.211821 -0.087756
v -0.065732 0.211594 -0.087611
v -0.063975 0.211360 -0.087461
v -0.062233 0.211119 -0.087306
v -0.060505 0.210870 -0.087147
v -0.058792 0.210614 -0.086983
v -0.057094 0.210350 -0.086814
v -0.055410 0.210079 -0.086641
v -0.053741 0.209801 -0.086463
v -0.052088 0.209515 -0.086281
v -0.050452 0.209222 -0.086094
v -0.048832 0.208923 -0.085903
v -0.047228 0.208616 -0.085708
v -0.045641 0.208302 -0.085508
v -0.044070 0.207981 -0.085304
v -0.042514 0.207653 -0.085096
v -0.040972 0.207318 -0.084883
v -0.039444 0.206975 -0.084666
v -0.037930 0.206624 -0.084444
v -0.036429 0.206266 -0.084217
v -0.034942 0.205900 -0.083986
v -0.092138 0.214115 -0.089233
v -0.090122 0.213980 -0.089146
v -0.088126 0.213839 -0.089055
v -0.086152 0.213690 -0.088959
v -0.084198 0.213534 -0.088858
v -0.082264 0.213372 -0.088754
v -0.080352 0.213203 -0.088645
v -0.078460 0.213026 -0.088531
v -0.076589 0.212843 -0.088413
v -0.074738 0.212653 -0.088291
v -0.100767 0.214407 -0.089421
v -0.107362 0.214571 -0.089527
v -0.113959 0.214734 -0.089633
v -0.120558 0.214898 -0.089739
v -0.127160 0.215062 -0.089845
v -0.133763 0.215226 -0.089951
v -0.140369 0.215390 -0.090057
v -0.146978 0.215554 -0.090164
v -0.153588 0.215718 -0.090270
v -0.160201 0.215882 -0.090376
v -0.166818 0.216046 -0.090483
v -0.173438 0.216210 -0.090590
v -0.180059 0.216375 -0.090696
v -0.186683 0.216539 -0.090803
v -0.193310 0.216704 -0.090910
v -0.199938 0.216868 -0.091017
v -0.206569 0.217033 -0.091124
v -0.213202 0.217197 -0.091231
v -0.219837 0.217362 -0.091338
v -0.227191 0.217659 -0.091532
v -0.227526 0.217711 -0.091565
v -0.227608 0.217722 -0.091572
v -0.227692 0.217733 -0.091580
v -0.227874 0.217755 -0.091594
v -0.228580 0.217815 -0.091633
v -0.228750 0.217823 -0.091638
v -0.228835 0.217825 -0.091640
v -0.228925 0.217827 -0.091641
v -0.229637 0.217814 -0.091632
v -0.229724 0.217808 -0.091628
v -0.229816 0.217800 -0.091624
v -0.229997 0.217782 -0.091612
v -0.230347 0.217732 -0.091579
v -0.230432 0.217717 -0.091569
v -0.230519 0.217700 -0.091558
v -0.230703 0.217659 -0.091532
v -0.231680 0.217304 -0.091301
v -0.231378 0.217444 -0.091391
v -0.232472 0.216733 -0.090929
v -0.231958 0.217144 -0.091196
v -0.231891 0.217186 -0.091223
v -0.231822 0.217227 -0.091250
v -0.232688 0.216498 -0.090776
v -0.232585 0.216616 -0.090853
v -0.233041 0.215976 -0.090437
v -0.233005 0.216041 -0.090479
v -0.232964 0.216110 -0.090524
v -0.232878 0.216245 -0.090612
v -0.233285 0.215429 -0.090083
v -0.233172 0.215712 -0.090266
v -0.233503 0.214557 -0.089519
v -0.233379 0.215128 -0.089888
v -0.233369 0.215166 -0.089913
v -0.233334 0.215281 -0.089987
v -0.233583 0.213369 -0.088752
v -0.233570 0.213943 -0.089122
v -0.233565 0.214022 -0.089173
v -0.233558 0.214101 -0.089224
v -0.233543 0.214256 -0.089324
v -0.233243 0.210693 -0.087034
v -0.233308 0.211000 -0.087230
v -0.233418 0.211600 -0.087614
v -0.233555 0.212744 -0.088349
v -0.233558 0.212785 -0.088376
v -0.233566 0.212905 -0.088453
v -0.233574 0.213063 -0.088555
v -0.231665 0.205848 -0.083953
v -0.231695 0.205922 -0.084000
v -0.231754 0.206070 -0.084093
v -0.231869 0.206363 -0.084278
v -0.232090 0.206940 -0.084644
v -0.232488 0.208060 -0.085354
v -0.232514 0.208137 -0.085403
v -0.232540 0.208213 -0.085452
v -0.232590 0.208364 -0.085548
v -0.232685 0.208658 -0.085735
v -0.232857 0.209216 -0.086090
v -0.232869 0.209254 -0.086115
v -0.232902 0.209368 -0.086187
v -0.232945 0.209518 -0.086283
v -0.233027 0.209813 -0.086471
v -0.233172 0.210382 -0.086835
v -0.233181 0.210421 -0.086860
v -0.233190 0.210460 -0.086885
v -0.233208 0.210538 -0.086934
v -0.231336 0.205053 -0.083452
v -0.231635 0.205774 -0.083906
v -0.229031 0.198798 -0.079543
v -0.227420 0.194127 -0.076668
v -0.225826 0.189505 -0.073862
v -0.224249 0.184931 -0.071124
v -0.222688 0.180407 -0.068454
v -0.221145 0.175932 -0.065850
v -0.219619 0.171506 -0.063313
v -0.218109 0.167129 -0.060842
v -0.216616 0.162801 -0.058437
v -0.215141 0.158523 -0.056096
v -0.213521 0.153826 -0.053570
v -0.211922 0.149190 -0.051123
v -0.210344 0.144614 -0.048755
v -0.209007 0.140738 -0.046784
v -0.207685 0.136906 -0.044871
v -0.206379 0.133119 -0.043013
v -0.205088 0.129376 -0.041211
v -0.203812 0.125678 -0.039463
v -0.202552 0.122025 -0.037771
v -0.201314 0.118434 -0.036141
v -0.200699 0.116652 -0.035344
v -0.200088 0.114880 -0.034561
v -0.198877 0.111369 -0.033033
v -0.196500 0.104480 -0.030136
v -0.187136 0.077336 -0.020144
v -0.189017 0.082789 -0.021953
v -0.190460 0.086971 -0.023411
v -0.191930 0.091231 -0.024958
v -0.194185 0.097767 -0.027445
v -0.180423 0.057883 -0.014642
v -0.181950 0.062308 -0.015752
v -0.183516 0.066847 -0.016981
v -0.185302 0.072021 -0.018487
v -0.173368 0.037450 -0.010811
v -0.174701 0.041310 -0.011353
v -0.176074 0.045284 -0.012005
v -0.170818 0.030067 -0.010052
v -0.172074 0.033702 -0.010378
v -0.177484 0.049371 -0.012770
v -0.178934 0.053570 -0.013648
v -0.167297 0.026539 -0.009957
v -0.167153 0.026545 -0.009832
v -0.167008 0.026551 -0.009707
v -0.167008 0.026628 -0.009836
v -0.166864 0.026039 -0.010528
v -0.166864 0.026349 -0.010962
v -0.166864 0.025384 -0.011370
v -0.166864 0.025726 -0.011737
v -0.166864 0.023736 -0.012798
v -0.166864 0.023952 -0.013256
v -0.166864 0.019637 -0.015016
v -0.166864 0.019687 -0.015544
v -0.166864 0.015503 -0.017122
v -0.166864 0.015570 -0.017673
v -0.166864 0.013812 -0.018409
v -0.166864 0.013980 -0.018946
v -0.166864 0.013128 -0.019160
v -0.166864 0.013368 -0.019674
v -0.166864 0.012578 -0.020000
v -0.166864 0.012877 -0.020500
v -0.167241 0.012578 -0.020000
v -0.165655 -0.037007 -0.020500
v -0.165655 -0.037007 -0.020000
v -0.165114 -0.053482 -0.020500
v -0.165114 -0.053482 -0.020000
v -0.161922 -0.078181 -0.020500
v -0.161922 -0.078181 -0.020000
v -0.155123 -0.102903 -0.020500
v -0.155123 -0.102903 -0.020000
v -0.150072 -0.112710 -0.020500
v -0.150072 -0.112710 -0.020000
v -0.147081 -0.116526 -0.020500
v -0.147081 -0.116526 -0.020000
v -0.143759 -0.119447 -0.020500
v -0.143759 -0.119447 -0.020000
v -0.138249 -0.124252 -0.020500
v -0.138249 -0.124252 -0.020000
v -0.133963 -0.130175 -0.020500
v -0.133963 -0.130175 -0.020000
v -0.130899 -0.137215 -0.020500
v -0.130899 -0.137215 -0.020000
v -0.129058 -0.145371 -0.020500
v -0.129058 -0.145371 -0.020000
v -0.125917 -0.157772 -0.020500
v -0.125917 -0.157772 -0.020000
v -0.120656 -0.168231 -0.020500
v -0.120656 -0.168231 -0.020000
v -0.117535 -0.172459 -0.020500
v -0.117535 -0.172459 -0.020000
v -0.114248 -0.175874 -0.020500
v -0.114248 -0.175874 -0.020000
v -0.110918 -0.178367 -0.020500
v -0.110918 -0.178367 -0.020000
v -0.109275 -0.179233 -0.020500
v -0.109275 -0.179233 -0.020000
v -0.107666 -0.179828 -0.020500
v -0.107666 -0.179828 -0.020000
v 0.189165 -0.170416 -0.020500
v 0.189165 -0.170416 -0.020000
v 0.190741 -0.170202 -0.020500
v 0.190741 -0.170202 -0.020000
v 0.192340 -0.169623 -0.020500
v 0.192340 -0.169623 -0.020000
v 0.193920 -0.168666 -0.020500
v 0.193920 -0.168666 -0.020000
v 0.195439 -0.167320 -0.020500
v 0.195439 -0.167320 -0.020000
v 0.196854 -0.165572 -0.020500
v 0.196854 -0.165572 -0.020000
v 0.198123 -0.163408 -0.020500
v 0.198123 -0.163408 -0.020000
v 0.200054 -0.157785 -0.020500
v 0.200054 -0.157785 -0.020000
v 0.194405 0.012578 -0.020500
v 0.194405 0.012578 -0.020000
v 0.176262 -0.055161 -0.020000
v 0.176262 -0.055161 -0.020500
v 0.175975 -0.057342 -0.020000
v 0.175975 -0.057342 -0.020500
v 0.175133 -0.059374 -0.020000
v 0.175133 -0.059374 -0.020500
v 0.173794 -0.061118 -0.020000
v 0.173794 -0.061118 -0.020500
v 0.172049 -0.062457 -0.020000
v 0.172049 -0.062457 -0.020500
v 0.170017 -0.063299 -0.020000
v 0.170017 -0.063299 -0.020500
v 0.167837 -0.063586 -0.020000
v 0.167837 -0.063586 -0.020500
v 0.139292 -0.063586 -0.020500
v 0.139292 -0.063586 -0.020000
v 0.137774 -0.063386 -0.020000
v 0.137774 -0.063386 -0.020500
v 0.136360 -0.062800 -0.020000
v 0.136360 -0.062800 -0.020500
v 0.135145 -0.061868 -0.020000
v 0.135145 -0.061868 -0.020500
v 0.134213 -0.060653 -0.020000
v 0.134213 -0.060653 -0.020500
v 0.133627 -0.059239 -0.020000
v 0.133627 -0.059239 -0.020500
v 0.133427 -0.057721 -0.020000
v 0.133427 -0.057721 -0.020500
v 0.133427 -0.025206 -0.020500
v 0.133427 -0.025206 -0.020000
v 0.133702 -0.023120 -0.020000
v 0.133702 -0.023120 -0.020500
v 0.134507 -0.021176 -0.020000
v 0.134507 -0.021176 -0.020500
v 0.135787 -0.019507 -0.020000
v 0.135787 -0.019507 -0.020500
v 0.137456 -0.018226 -0.020000
v 0.137456 -0.018226 -0.020500
v 0.139400 -0.017421 -0.020000
v 0.139400 -0.017421 -0.020500
v 0.141486 -0.017147 -0.020000
v 0.141486 -0.017147 -0.020500
v 0.166873 -0.017147 -0.020500
v 0.166873 -0.017147 -0.020000
v 0.169359 -0.017703 -0.020000
v 0.169359 -0.017703 -0.020500
v 0.171635 -0.018847 -0.020000
v 0.171635 -0.018847 -0.020500
v 0.173565 -0.020509 -0.020000
v 0.173565 -0.020509 -0.020500
v 0.175032 -0.022591 -0.020000
v 0.175032 -0.022591 -0.020500
v 0.175950 -0.024968 -0.020000
v 0.175950 -0.024968 -0.020500
v 0.176262 -0.027496 -0.020000
v 0.176262 -0.027496 -0.020500
v -0.161944 0.026749 -0.009760
v 0.044237 -0.137847 -0.020500
v 0.044237 -0.137847 -0.020000
v 0.042631 -0.141332 -0.020500
v 0.042631 -0.141332 -0.020000
v 0.041696 -0.142708 -0.020500
v 0.041696 -0.142708 -0.020000
v 0.040673 -0.143840 -0.020500
v 0.040673 -0.143840 -0.020000
v 0.039562 -0.144728 -0.020500
v 0.039562 -0.144728 -0.020000
v 0.160320 0.026039 -0.010528
v 0.127602 0.026039 -0.010528
v 0.094884 0.026039 -0.010528
v 0.094884 0.025384 -0.011370
v 0.062165 0.025384 -0.011370
v 0.062165 0.023736 -0.012798
v 0.029447 0.023736 -0.012798
v 0.029447 0.019637 -0.015016
v -0.003272 0.019637 -0.015016
v -0.003272 0.015503 -0.017122
v -0.035990 0.015503 -0.017122
v -0.035990 0.013812 -0.018409
v -0.068708 0.013812 -0.018409
v -0.068708 0.013128 -0.019160
v -0.101427 0.013128 -0.019160
v -0.134145 0.013128 -0.019160
v -0.134145 0.013812 -0.018409
v -0.134145 0.015503 -0.017122
v -0.134145 0.019637 -0.015016
v -0.134145 0.023736 -0.012798
v -0.134145 0.025384 -0.011370
v -0.134145 0.026039 -0.010528
v -0.003272 0.026039 -0.010528
v 0.029447 0.026039 -0.010528
v 0.062165 0.026039 -0.010528
v 0.029447 0.025384 -0.011370
v -0.003272 0.013128 -0.019160
v -0.035990 0.013128 -0.019160
v 0.160320 0.013128 -0.019160
v 0.127602 0.013128 -0.019160
v 0.094884 0.013128 -0.019160
v 0.127602 0.013812 -0.018409
v 0.094884 0.013812 -0.018409
v 0.127602 0.015503 -0.017122
v 0.094884 0.015503 -0.017122
v 0.127602 0.019637 -0.015016
v 0.094884 0.019637 -0.015016
v 0.127602 0.023736 -0.012798
v 0.094884 0.023736 -0.012798
v 0.127602 0.025384 -0.011370
v 0.160320 0.013812 -0.018409
v 0.160320 0.015503 -0.017122
v 0.160320 0.019637 -0.015016
v 0.160320 0.023736 -0.012798
v 0.160320 0.025384 -0.011370
v -0.101427 0.026039 -0.010528
v -0.101427 0.025384 -0.011370
v -0.101427 0.023736 -0.012798
v -0.101427 0.019637 -0.015016
v -0.101427 0.015503 -0.017122
v -0.101427 0.013812 -0.018409
v -0.035990 0.026039 -0.010528
v -0.035990 0.025384 -0.011370
v -0.003272 0.025384 -0.011370
v -0.035990 0.023736 -0.012798
v -0.003272 0.023736 -0.012798
v -0.035990 0.019637 -0.015016
v 0.029447 0.013128 -0.019160
v 0.062165 0.013128 -0.019160
v 0.062165 0.013812 -0.018409
v -0.068708 0.026039 -0.010528
v -0.068708 0.025384 -0.011370
v -0.068708 0.023736 -0.012798
v -0.068708 0.019637 -0.015016
v -0.068708 0.015503 -0.017122
v -0.003272 0.013812 -0.018409
v 0.029447 0.013812 -0.018409
v 0.029447 0.015503 -0.017122
v 0.062165 0.019637 -0.015016
v 0.062165 0.015503 -0.017122
v 0.184859 0.026353 -0.010955
v 0.176680 0.026353 -0.010955
v 0.184859 0.025726 -0.011737
v 0.176680 0.025726 -0.011737
v 0.184859 0.023952 -0.013256
v 0.176680 0.023952 -0.013256
v 0.184859 0.019687 -0.015544
v 0.176680 0.019687 -0.015544
v 0.184859 0.015570 -0.017673
v 0.176680 0.015570 -0.017673
v 0.184859 0.013980 -0.018946
v 0.176680 0.013980 -0.018946
v 0.184859 0.013368 -0.019674
v 0.176680 0.013368 -0.019674
v 0.184859 0.013114 -0.020066
v 0.176680 0.013114 -0.020066
v 0.184859 0.012998 -0.020273
v 0.176680 0.012998 -0.020273
v 0.168500 0.012998 -0.020273
v 0.160320 0.012998 -0.020273
v 0.160320 0.013114 -0.020066
v 0.152141 0.013114 -0.020066
v 0.152141 0.013368 -0.019674
v 0.143961 0.013368 -0.019674
v 0.143961 0.013980 -0.018946
v 0.135782 0.013980 -0.018946
v 0.135782 0.015570 -0.017673
v 0.127602 0.015570 -0.017673
v 0.127602 0.019687 -0.015544
v 0.119422 0.019687 -0.015544
v 0.119422 0.023952 -0.013256
v 0.111243 0.023952 -0.013256
v 0.111243 0.025726 -0.011737
v 0.103063 0.025726 -0.011737
v 0.103063 0.026353 -0.010955
v 0.094884 0.026353 -0.010955
v 0.086704 0.026353 -0.010955
v 0.078524 0.026353 -0.010955
v 0.086704 0.025726 -0.011737
v 0.078524 0.025726 -0.011737
v 0.086704 0.023952 -0.013256
v 0.078524 0.023952 -0.013256
v 0.086704 0.019687 -0.015544
v 0.078524 0.019687 -0.015544
v 0.086704 0.015570 -0.017673
v 0.078524 0.015570 -0.017673
v 0.086704 0.013980 -0.018946
v 0.078524 0.013980 -0.018946
v 0.086704 0.013368 -0.019674
v 0.078524 0.013368 -0.019674
v 0.086704 0.013114 -0.020066
v 0.078524 0.013114 -0.020066
v 0.086704 0.012998 -0.020273
v 0.078524 0.012998 -0.020273
v 0.070345 0.012998 -0.020273
v 0.062165 0.012998 -0.020273
v 0.062165 0.013114 -0.020066
v 0.053986 0.013114 -0.020066
v 0.053986 0.013368 -0.019674
v 0.045806 0.013368 -0.019674
v 0.045806 0.013980 -0.018946
v 0.037626 0.013980 -0.018946
v 0.037626 0.015570 -0.017673
v 0.029447 0.015570 -0.017673
v 0.029447 0.019687 -0.015544
v 0.021267 0.019687 -0.015544
v 0.021267 0.023952 -0.013256
v 0.013088 0.023952 -0.013256
v 0.013088 0.025726 -0.011737
v 0.004908 0.025726 -0.011737
v 0.004908 0.026353 -0.010955
v -0.003272 0.026353 -0.010955
v -0.011451 0.026353 -0.010955
v -0.019631 0.026353 -0.010955
v -0.027810 0.026353 -0.010955
v -0.019631 0.025726 -0.011737
v -0.027810 0.025726 -0.011737
v -0.019631 0.023952 -0.013256
v -0.027810 0.023952 -0.013256
v -0.019631 0.019687 -0.015544
v -0.027810 0.019687 -0.015544
v -0.019631 0.015570 -0.017673
v -0.027810 0.015570 -0.017673
v -0.019631 0.013980 -0.018946
v -0.027810 0.013980 -0.018946
v -0.019631 0.013368 -0.019674
v -0.027810 0.013368 -0.019674
v -0.019631 0.013114 -0.020066
v -0.027810 0.013114 -0.020066
v -0.019631 0.012998 -0.020273
v -0.027810 0.012998 -0.020273
v -0.035990 0.012998 -0.020273
v -0.044170 0.012998 -0.020273
v -0.044170 0.013114 -0.020066
v -0.052349 0.013114 -0.020066
v -0.052349 0.013368 -0.019674
v -0.060529 0.013368 -0.019674
v -0.060529 0.013980 -0.018946
v -0.068708 0.013980 -0.018946
v -0.068708 0.015570 -0.017673
v -0.076888 0.015570 -0.017673
v -0.076888 0.019687 -0.015544
v -0.085068 0.019687 -0.015544
v -0.085068 0.023952 -0.013256
v -0.093247 0.023952 -0.013256
v -0.093247 0.025726 -0.011737
v -0.101427 0.025726 -0.011737
v -0.101427 0.026353 -0.010955
v -0.109606 0.026353 -0.010955
v -0.117786 0.026353 -0.010955
v -0.125966 0.026353 -0.010955
v -0.117786 0.025726 -0.011737
v -0.125966 0.025726 -0.011737
v -0.117786 0.023952 -0.013256
v -0.125966 0.023952 -0.013256
v -0.117786 0.019687 -0.015544
v -0.125966 0.019687 -0.015544
v -0.117786 0.015570 -0.017673
v -0.125966 0.015570 -0.017673
v -0.117786 0.013980 -0.018946
v -0.125966 0.013980 -0.018946
v -0.117786 0.013368 -0.019674
v -0.125966 0.013368 -0.019674
v -0.117786 0.013114 -0.020066
v -0.125966 0.013114 -0.020066
v -0.117786 0.012998 -0.020273
v -0.125966 0.012998 -0.020273
v -0.134145 0.012998 -0.020273
v -0.142325 0.012998 -0.020273
v -0.142325 0.013114 -0.020066
v -0.150504 0.013114 -0.020066
v -0.150504 0.013368 -0.019674
v -0.158684 0.013368 -0.019674
v -0.158684 0.013980 -0.018946
v 0.013088 0.012998 -0.020273
v 0.021267 0.012998 -0.020273
v 0.029447 0.012998 -0.020273
v 0.021267 0.013114 -0.020066
v 0.029447 0.013114 -0.020066
v 0.021267 0.013368 -0.019674
v 0.029447 0.013368 -0.019674
v 0.021267 0.013980 -0.018946
v 0.029447 0.013980 -0.018946
v 0.021267 0.015570 -0.017673
v -0.158684 0.013114 -0.020066
v -0.158684 0.012998 -0.020273
v -0.150504 0.012998 -0.020273
v -0.158684 0.015570 -0.017673
v -0.158684 0.019687 -0.015544
v -0.158684 0.023952 -0.013256
v -0.158684 0.025726 -0.011737
v -0.158684 0.026353 -0.010955
v 0.135782 0.026353 -0.010955
v 0.127602 0.026353 -0.010955
v 0.119422 0.026353 -0.010955
v 0.127602 0.025726 -0.011737
v 0.119422 0.025726 -0.011737
v 0.127602 0.023952 -0.013256
v 0.168500 0.026353 -0.010955
v 0.160320 0.026353 -0.010955
v 0.152141 0.026353 -0.010955
v 0.160320 0.025726 -0.011737
v 0.152141 0.025726 -0.011737
v 0.160320 0.023952 -0.013256
v 0.152141 0.023952 -0.013256
v 0.160320 0.019687 -0.015544
v 0.152141 0.019687 -0.015544
v 0.160320 0.015570 -0.017673
v 0.152141 0.015570 -0.017673
v 0.160320 0.013980 -0.018946
v 0.152141 0.013980 -0.018946
v 0.160320 0.013368 -0.019674
v -0.101427 0.012998 -0.020273
v -0.093247 0.012998 -0.020273
v -0.101427 0.013114 -0.020066
v -0.093247 0.013114 -0.020066
v -0.101427 0.013368 -0.019674
v -0.093247 0.013368 -0.019674
v -0.101427 0.013980 -0.018946
v -0.093247 0.013980 -0.018946
v -0.101427 0.015570 -0.017673
v -0.093247 0.015570 -0.017673
v -0.101427 0.019687 -0.015544
v -0.093247 0.019687 -0.015544
v -0.101427 0.023952 -0.013256
v -0.085068 0.012998 -0.020273
v -0.085068 0.013114 -0.020066
v -0.085068 0.013368 -0.019674
v -0.085068 0.013980 -0.018946
v -0.085068 0.015570 -0.017673
v -0.068708 0.012998 -0.020273
v -0.060529 0.012998 -0.020273
v -0.068708 0.013114 -0.020066
v -0.060529 0.013114 -0.020066
v -0.068708 0.013368 -0.019674
v -0.052349 0.012998 -0.020273
v -0.003272 0.012998 -0.020273
v 0.004908 0.012998 -0.020273
v -0.003272 0.013114 -0.020066
v 0.004908 0.013114 -0.020066
v -0.003272 0.013368 -0.019674
v 0.004908 0.013368 -0.019674
v -0.003272 0.013980 -0.018946
v 0.004908 0.013980 -0.018946
v -0.003272 0.015570 -0.017673
v 0.004908 0.015570 -0.017673
v -0.003272 0.019687 -0.015544
v 0.004908 0.019687 -0.015544
v -0.003272 0.023952 -0.013256
v 0.004908 0.023952 -0.013256
v -0.003272 0.025726 -0.011737
v 0.013088 0.013114 -0.020066
v 0.013088 0.013368 -0.019674
v 0.013088 0.013980 -0.018946
v 0.013088 0.015570 -0.017673
v 0.013088 0.019687 -0.015544
v 0.037626 0.012998 -0.020273
v 0.037626 0.013114 -0.020066
v 0.037626 0.013368 -0.019674
v 0.053986 0.012998 -0.020273
v 0.045806 0.012998 -0.020273
v 0.094884 0.012998 -0.020273
v 0.094884 0.013114 -0.020066
v 0.094884 0.013368 -0.019674
v 0.094884 0.013980 -0.018946
v 0.094884 0.015570 -0.017673
v 0.094884 0.019687 -0.015544
v 0.094884 0.023952 -0.013256
v 0.094884 0.025726 -0.011737
v 0.103063 0.012998 -0.020273
v 0.103063 0.013114 -0.020066
v 0.103063 0.013368 -0.019674
v 0.103063 0.013980 -0.018946
v 0.103063 0.015570 -0.017673
v 0.103063 0.019687 -0.015544
v 0.103063 0.023952 -0.013256
v 0.119422 0.012998 -0.020273
v 0.127602 0.012998 -0.020273
v 0.119422 0.013114 -0.020066
v 0.127602 0.013114 -0.020066
v 0.119422 0.013368 -0.019674
v 0.127602 0.013368 -0.019674
v 0.119422 0.013980 -0.018946
v 0.127602 0.013980 -0.018946
v 0.119422 0.015570 -0.017673
v 0.135782 0.012998 -0.020273
v 0.135782 0.013114 -0.020066
v 0.135782 0.013368 -0.019674
v 0.152141 0.012998 -0.020273
v 0.143961 0.012998 -0.020273
v -0.142325 0.026353 -0.010955
v -0.150504 0.026353 -0.010955
v -0.142325 0.025726 -0.011737
v -0.150504 0.025726 -0.011737
v -0.142325 0.023952 -0.013256
v -0.150504 0.023952 -0.013256
v -0.142325 0.019687 -0.015544
v -0.150504 0.019687 -0.015544
v -0.142325 0.015570 -0.017673
v -0.150504 0.015570 -0.017673
v -0.142325 0.013980 -0.018946
v -0.150504 0.013980 -0.018946
v -0.142325 0.013368 -0.019674
v -0.093247 0.026353 -0.010955
v -0.085068 0.026353 -0.010955
v -0.076888 0.026353 -0.010955
v -0.076888 0.025726 -0.011737
v -0.068708 0.025726 -0.011737
v -0.068708 0.023952 -0.013256
v -0.060529 0.023952 -0.013256
v -0.060529 0.019687 -0.015544
v -0.052349 0.019687 -0.015544
v -0.052349 0.015570 -0.017673
v -0.044170 0.015570 -0.017673
v -0.044170 0.013980 -0.018946
v -0.035990 0.013980 -0.018946
v -0.035990 0.013368 -0.019674
v -0.060529 0.026353 -0.010955
v -0.052349 0.026353 -0.010955
v -0.044170 0.026353 -0.010955
v -0.044170 0.025726 -0.011737
v -0.035990 0.025726 -0.011737
v -0.035990 0.023952 -0.013256
v 0.013088 0.026353 -0.010955
v 0.021267 0.026353 -0.010955
v 0.029447 0.026353 -0.010955
v 0.029447 0.025726 -0.011737
v 0.037626 0.025726 -0.011737
v 0.037626 0.023952 -0.013256
v 0.045806 0.023952 -0.013256
v 0.045806 0.019687 -0.015544
v 0.053986 0.019687 -0.015544
v 0.053986 0.015570 -0.017673
v 0.062165 0.015570 -0.017673
v 0.062165 0.013980 -0.018946
v 0.070345 0.013980 -0.018946
v 0.070345 0.013368 -0.019674
v 0.037626 0.026353 -0.010955
v 0.045806 0.026353 -0.010955
v 0.045806 0.025726 -0.011737
v 0.053986 0.025726 -0.011737
v 0.053986 0.023952 -0.013256
v 0.062165 0.023952 -0.013256
v 0.062165 0.019687 -0.015544
v 0.070345 0.019687 -0.015544
v 0.070345 0.015570 -0.017673
v 0.062165 0.026353 -0.010955
v 0.070345 0.026353 -0.010955
v 0.111243 0.026353 -0.010955
v 0.143961 0.026353 -0.010955
v 0.143961 0.025726 -0.011737
v 0.135782 0.025726 -0.011737
v 0.143961 0.023952 -0.013256
v 0.135782 0.023952 -0.013256
v 0.143961 0.019687 -0.015544
v 0.135782 0.019687 -0.015544
v 0.143961 0.015570 -0.017673
v 0.143961 0.013114 -0.020066
v 0.168500 0.013114 -0.020066
v 0.168500 0.013368 -0.019674
v 0.168500 0.013980 -0.018946
v 0.168500 0.015570 -0.017673
v 0.168500 0.019687 -0.015544
v 0.168500 0.023952 -0.013256
v 0.168500 0.025726 -0.011737
v 0.111243 0.013114 -0.020066
v 0.111243 0.012998 -0.020273
v 0.111243 0.013368 -0.019674
v 0.111243 0.013980 -0.018946
v 0.111243 0.015570 -0.017673
v 0.111243 0.019687 -0.015544
v 0.053986 0.026353 -0.010955
v 0.062165 0.025726 -0.011737
v 0.070345 0.013114 -0.020066
v 0.070345 0.023952 -0.013256
v 0.070345 0.025726 -0.011737
v 0.062165 0.013368 -0.019674
v 0.053986 0.013980 -0.018946
v 0.045806 0.015570 -0.017673
v 0.037626 0.019687 -0.015544
v 0.029447 0.023952 -0.013256
v 0.021267 0.025726 -0.011737
v 0.045806 0.013114 -0.020066
v -0.035990 0.026353 -0.010955
v -0.068708 0.026353 -0.010955
v -0.060529 0.025726 -0.011737
v -0.134145 0.026353 -0.010955
v -0.134145 0.025726 -0.011737
v -0.134145 0.023952 -0.013256
v -0.134145 0.019687 -0.015544
v -0.134145 0.015570 -0.017673
v -0.134145 0.013980 -0.018946
v -0.134145 0.013368 -0.019674
v -0.134145 0.013114 -0.020066
v -0.011451 0.013114 -0.020066
v -0.011451 0.012998 -0.020273
v -0.011451 0.013368 -0.019674
v -0.011451 0.013980 -0.018946
v -0.011451 0.015570 -0.017673
v -0.011451 0.019687 -0.015544
v -0.011451 0.023952 -0.013256
v -0.011451 0.025726 -0.011737
v -0.035990 0.013114 -0.020066
v -0.035990 0.015570 -0.017673
v -0.035990 0.019687 -0.015544
v -0.044170 0.013368 -0.019674
v -0.052349 0.013980 -0.018946
v -0.060529 0.015570 -0.017673
v -0.068708 0.019687 -0.015544
v -0.076888 0.023952 -0.013256
v -0.085068 0.025726 -0.011737
v -0.044170 0.019687 -0.015544
v -0.044170 0.023952 -0.013256
v -0.052349 0.023952 -0.013256
v -0.052349 0.025726 -0.011737
v -0.076888 0.013114 -0.020066
v -0.076888 0.012998 -0.020273
v -0.076888 0.013368 -0.019674
v -0.076888 0.013980 -0.018946
v -0.109606 0.013114 -0.020066
v -0.109606 0.012998 -0.020273
v -0.109606 0.013368 -0.019674
v -0.109606 0.013980 -0.018946
v -0.109606 0.015570 -0.017673
v -0.109606 0.019687 -0.015544
v -0.109606 0.023952 -0.013256
v -0.109606 0.025726 -0.011737
v 0.050618 0.159322 -0.056466
v 0.046934 0.162453 -0.058068
v 0.043112 0.165376 -0.059688
v 0.039285 0.168286 -0.061318
v 0.035442 0.171171 -0.062951
v 0.019543 0.182013 -0.069360
v 0.031571 0.174019 -0.064579
v 0.027661 0.176819 -0.066195
v 0.019813 0.182434 -0.069355
v 0.023700 0.179559 -0.067791
v 0.019680 0.182226 -0.069358
v 0.015590 0.184807 -0.070886
v 0.011425 0.187292 -0.072370
v 0.007182 0.189672 -0.073800
v 0.002858 0.191938 -0.075172
v -0.015299 0.199528 -0.079974
v -0.054005 0.209473 -0.086281
v -0.034274 0.205611 -0.083655
v -0.029436 0.204325 -0.082841
v -0.024642 0.202925 -0.081959
v -0.015124 0.199996 -0.079992
v -0.019898 0.201406 -0.081007
v -0.015211 0.199765 -0.079983
v -0.010586 0.197998 -0.078887
v -0.006029 0.196104 -0.077719
v -0.001547 0.194083 -0.076480
v -0.094197 0.213879 -0.089106
v -0.073991 0.212461 -0.088036
v -0.068963 0.211886 -0.087667
v -0.063947 0.211242 -0.087252
v -0.053922 0.209966 -0.086272
v -0.058947 0.210522 -0.086790
v -0.053963 0.209722 -0.086276
v -0.047350 0.208522 -0.085508
v -0.040784 0.207156 -0.084637
v -0.089131 0.213789 -0.088887
v -0.084076 0.213411 -0.088646
v -0.079029 0.212970 -0.088363
v -0.226501 0.217414 -0.091233
v -0.226488 0.217539 -0.091235
v -0.226528 0.217164 -0.091234
v -0.226514 0.217289 -0.091232
v -0.227211 0.217541 -0.091318
v -0.227897 0.217641 -0.091385
v -0.229284 0.217964 -0.091432
v -0.228587 0.217699 -0.091425
v -0.229279 0.217712 -0.091433
v -0.229275 0.217464 -0.091435
v -0.229935 0.217423 -0.091406
v -0.230630 0.217553 -0.091326
v -0.230572 0.217312 -0.091329
v -0.231171 0.217123 -0.091191
v -0.231829 0.217063 -0.090986
v -0.231696 0.216854 -0.090989
v -0.232301 0.216684 -0.090718
v -0.232128 0.216507 -0.090721
v -0.232673 0.216232 -0.090400
v -0.232469 0.216093 -0.090403
v -0.232722 0.215629 -0.090051
v -0.233137 0.215192 -0.089678
v -0.232899 0.215125 -0.089679
v -0.233318 0.214063 -0.088913
v -0.233071 0.214047 -0.088915
v -0.233303 0.212904 -0.088144
v -0.233056 0.212922 -0.088145
v -0.233093 0.211350 -0.087128
v -0.232015 0.208355 -0.085144
v -0.232926 0.210577 -0.086625
v -0.232249 0.208276 -0.085144
v -0.232489 0.208195 -0.085144
v -0.231700 0.206757 -0.084174
v -0.231401 0.206003 -0.083695
v -0.230193 0.203835 -0.082262
v -0.230760 0.204504 -0.082746
v -0.230310 0.203789 -0.082265
v -0.230426 0.203743 -0.082268
v -0.230542 0.203697 -0.082271
v -0.233555 0.212886 -0.088143
v -0.233570 0.214079 -0.088912
v -0.233380 0.215261 -0.089676
v -0.233013 0.216163 -0.090260
v -0.232882 0.216374 -0.090398
v -0.232478 0.216864 -0.090716
v -0.231965 0.217276 -0.090984
v -0.231358 0.217587 -0.091186
v -0.230688 0.217799 -0.091324
v -0.230193 0.203835 -0.082287
v -0.228647 0.198583 -0.079071
v -0.226859 0.193398 -0.075881
v -0.225068 0.188201 -0.072739
v -0.223269 0.182984 -0.069635
v -0.215765 0.161985 -0.057624
v -0.221463 0.177746 -0.066569
v -0.219650 0.172488 -0.063543
v -0.216239 0.161827 -0.057615
v -0.217830 0.167208 -0.060560
v -0.216002 0.161906 -0.057620
v -0.214166 0.156582 -0.054725
v -0.212323 0.151235 -0.051879
v -0.210471 0.145864 -0.049082
v -0.208611 0.140470 -0.046337
v -0.200848 0.118719 -0.035941
v -0.185332 0.073715 -0.018712
v -0.193410 0.096378 -0.026616
v -0.195344 0.101986 -0.028828
v -0.197267 0.107566 -0.031122
v -0.201323 0.118563 -0.035925
v -0.199181 0.113117 -0.033492
v -0.201085 0.118641 -0.035933
v -0.202980 0.124137 -0.038441
v -0.204866 0.129607 -0.041014
v -0.206743 0.135051 -0.043646
v -0.169129 0.026719 -0.009597
v -0.177551 0.050380 -0.012709
v -0.179573 0.056243 -0.013987
v -0.181583 0.062074 -0.015421
v -0.185807 0.073557 -0.018693
v -0.183582 0.067871 -0.016997
v -0.185569 0.073636 -0.018703
v -0.187546 0.079369 -0.020526
v -0.189511 0.085069 -0.022458
v -0.191466 0.090739 -0.024491
v -0.171424 0.032610 -0.010021
v -0.173476 0.038561 -0.010700
v -0.175519 0.044485 -0.011609
v -0.169014 0.026141 -0.003873
v -0.168663 0.025644 0.001844
v -0.168312 0.025146 0.007561
v -0.167106 0.023853 0.023339
v -0.167828 0.024460 0.015454
v -0.167580 0.023694 0.023354
v -0.169388 0.029599 0.020726
v -0.171426 0.035413 0.018079
v -0.173461 0.041218 0.015408
v -0.175492 0.047013 0.012714
v -0.177520 0.052799 0.009999
v -0.183823 0.070033 0.001756
v -0.179545 0.058577 0.007265
v -0.181568 0.064347 0.004514
v -0.199492 0.116246 -0.020532
v -0.215263 0.161240 -0.044865
v -0.207706 0.138918 -0.032220
v -0.205947 0.133898 -0.029554
v -0.204179 0.128856 -0.026930
v -0.199966 0.116088 -0.020515
v -0.202405 0.123793 -0.024343
v -0.199731 0.116166 -0.020523
v -0.197943 0.111066 -0.018009
v -0.196153 0.105956 -0.015516
v -0.194360 0.100841 -0.013038
v -0.191667 0.093159 -0.009340
v -0.189647 0.087396 -0.006570
v -0.187627 0.081634 -0.003799
v -0.185608 0.075872 -0.001027
v -0.183588 0.070111 0.001747
v -0.230194 0.203838 -0.073686
v -0.223568 0.184172 -0.059659
v -0.221576 0.178487 -0.055833
v -0.219568 0.172758 -0.052089
v -0.215737 0.161080 -0.044856
v -0.217543 0.166983 -0.048430
v -0.215502 0.161159 -0.044861
v -0.213573 0.155657 -0.041594
v -0.211631 0.150114 -0.038401
v -0.209675 0.144534 -0.035278
v -0.230659 0.203652 -0.073670
v -0.228813 0.199135 -0.070261
v -0.227185 0.194488 -0.066888
v -0.225546 0.189813 -0.063567
v -0.230543 0.203698 -0.073666
v -0.230427 0.203745 -0.073662
v -0.230194 0.203839 -0.073670
v -0.230311 0.203792 -0.073658
v -0.230194 0.203839 -0.073654
v -0.232456 0.208110 -0.077041
v -0.231081 0.205228 -0.074781
v -0.231983 0.208271 -0.077041
v -0.233018 0.212729 -0.080566
v -0.232884 0.210434 -0.078777
v -0.232578 0.209310 -0.077904
v -0.232219 0.208190 -0.077041
v -0.232909 0.214898 -0.082382
v -0.233299 0.213844 -0.081474
v -0.233267 0.212708 -0.080565
v -0.233050 0.211188 -0.079366
v -0.233516 0.212687 -0.080564
v -0.232527 0.215882 -0.083263
v -0.232987 0.215496 -0.082830
v -0.233079 0.215228 -0.082606
v -0.233152 0.214956 -0.082381
v -0.233395 0.215015 -0.082379
v -0.232743 0.216009 -0.083261
v -0.232221 0.216313 -0.083662
v -0.231969 0.216888 -0.084011
v -0.231819 0.216688 -0.084013
v -0.231843 0.216979 -0.084089
v -0.231710 0.217064 -0.084161
v -0.232120 0.217088 -0.084009
v -0.231534 0.217442 -0.084289
v -0.231426 0.217216 -0.084291
v -0.230870 0.217694 -0.084488
v -0.230800 0.217454 -0.084490
v -0.230154 0.217853 -0.084614
v -0.229400 0.217677 -0.084673
v -0.229412 0.217927 -0.084672
v -0.229219 0.217684 -0.084679
v -0.229038 0.217686 -0.084681
v -0.229389 0.217427 -0.084675
v -0.228677 0.217681 -0.084676
v -0.227980 0.217385 -0.084638
v -0.227956 0.217633 -0.084637
v -0.226531 0.217165 -0.084461
v -0.226474 0.217663 -0.084464
v -0.231319 0.216991 -0.084293
v -0.230730 0.217214 -0.084492
v -0.230077 0.217359 -0.084617
v -0.227931 0.217882 -0.084637
v -0.232596 0.216643 -0.083658
v -0.232958 0.216136 -0.083259
v -0.219977 0.217252 -0.084336
v -0.213429 0.217089 -0.084208
v -0.206882 0.216927 -0.084079
v -0.200335 0.216764 -0.083951
v -0.193787 0.216602 -0.083823
v -0.187240 0.216439 -0.083695
v -0.182381 0.216319 -0.083600
v -0.175812 0.216155 -0.083471
v -0.169242 0.215992 -0.083343
v -0.162673 0.215829 -0.083215
v -0.094174 0.214379 -0.081882
v -0.156104 0.215666 -0.083086
v -0.149535 0.215503 -0.082958
v -0.094201 0.213879 -0.081881
v -0.142966 0.215340 -0.082830
v -0.136397 0.215177 -0.082702
v -0.129828 0.215014 -0.082574
v -0.123259 0.214851 -0.082447
v -0.115989 0.214670 -0.082305
v -0.108720 0.214490 -0.082164
v -0.101450 0.214309 -0.082023
v -0.089096 0.213697 -0.081547
v -0.084005 0.213233 -0.081188
v -0.078922 0.212735 -0.080801
v -0.073849 0.212196 -0.080384
v -0.053720 0.209280 -0.078323
v -0.067102 0.211408 -0.079773
v -0.060378 0.210524 -0.079089
v -0.053643 0.209774 -0.078314
v -0.053682 0.209527 -0.078319
v -0.047017 0.208397 -0.077450
v -0.040391 0.207109 -0.076464
v -0.033809 0.205635 -0.075341
v -0.014550 0.200117 -0.071042
v -0.028906 0.204390 -0.074399
v -0.024061 0.203019 -0.073367
v -0.014727 0.199650 -0.071024
v -0.019305 0.201518 -0.072246
v -0.014639 0.199883 -0.071033
v -0.008562 0.197486 -0.069271
v -0.002646 0.194845 -0.067353
v 0.003117 0.191967 -0.065291
v 0.019511 0.181901 -0.058448
v 0.008742 0.188866 -0.063101
v 0.014247 0.185570 -0.060810
v 0.019785 0.182319 -0.058443
v 0.019648 0.182110 -0.058445
v 0.024955 0.178524 -0.056038
v 0.030186 0.174840 -0.053613
v 0.035364 0.171082 -0.051188
v 0.040510 0.167268 -0.048778
v 0.050914 0.159726 -0.044043
v 0.045639 0.163412 -0.046394
v 0.050616 0.159324 -0.044042
v 0.055772 0.155905 -0.041903
v 0.060792 0.152280 -0.039800
v 0.065824 0.148650 -0.037734
v 0.070864 0.145014 -0.035703
v 0.090953 0.130200 -0.027890
v 0.075912 0.141371 -0.033704
v 0.080968 0.137722 -0.031735
v 0.091241 0.130609 -0.027869
v 0.086029 0.134066 -0.029795
v 0.091095 0.130402 -0.027880
v 0.095602 0.127141 -0.026197
v 0.100111 0.123873 -0.024531
v 0.104619 0.120598 -0.022878
v 0.110025 0.116656 -0.020909
v 0.131386 0.100504 -0.013111
v 0.115423 0.112699 -0.018951
v 0.120810 0.108722 -0.017001
v 0.131684 0.100905 -0.013098
v 0.126182 0.104724 -0.015053
v 0.131534 0.100703 -0.013104
v 0.138187 0.095634 -0.010658
v 0.142590 0.092219 -0.009015
v 0.146960 0.088769 -0.007356
v 0.151288 0.085276 -0.005677
v 0.169677 0.068586 0.002301
v 0.184746 0.049524 0.011405
v 0.178068 0.059687 0.006645
v 0.174091 0.064321 0.004428
v 0.169854 0.068759 0.002293
v 0.170035 0.068935 0.002285
v 0.165919 0.072577 0.000450
v 0.161854 0.076300 -0.001348
v 0.157684 0.079939 -0.003106
v 0.189589 0.038680 0.016473
v 0.187663 0.044290 0.013908
v 0.184962 0.049645 0.011401
v 0.181722 0.054807 0.008965
v 0.185182 0.049768 0.011397
v 0.192488 0.027182 0.021751
v 0.191484 0.033064 0.019093
v 0.189823 0.038760 0.016475
v 0.190062 0.038842 0.016477
v 0.192980 0.027271 0.021750
v 0.192746 0.027057 0.014069
v 0.192759 0.026889 0.006389
v 0.192773 0.026713 -0.001597
v 0.192537 0.026517 -0.009582
v 0.192647 0.028121 -0.009671
v 0.192445 0.029692 -0.009778
v 0.192105 0.032861 -0.010043
v 0.191861 0.032805 -0.010045
v 0.190263 0.038939 -0.010756
v 0.190029 0.038850 -0.010758
v 0.187450 0.044603 -0.011652
v 0.187228 0.044488 -0.011651
v 0.184299 0.050048 -0.012674
v 0.176637 0.059970 -0.014960
v 0.180723 0.055210 -0.013786
v 0.176828 0.060126 -0.014968
v 0.184510 0.050182 -0.012677
v 0.168562 0.069540 -0.017491
v 0.172697 0.064833 -0.016203
v 0.168383 0.069366 -0.017483
v 0.159197 0.077833 -0.020150
v 0.191621 0.032751 -0.010049
v 0.140238 0.093974 -0.025872
v 0.149995 0.086246 -0.022955
v 0.154717 0.082177 -0.021541
v 0.159369 0.078019 -0.020156
v 0.163931 0.073754 -0.018802
v 0.090731 0.131062 -0.041959
v 0.117482 0.111870 -0.033073
v 0.121883 0.108563 -0.031658
v 0.126270 0.105229 -0.030263
v 0.130792 0.102064 -0.028882
v 0.130640 0.101866 -0.028888
v 0.135533 0.098042 -0.027366
v 0.140395 0.094170 -0.025869
v 0.145218 0.090240 -0.024398
v 0.070674 0.145285 -0.049043
v 0.081966 0.137613 -0.045054
v 0.086421 0.134446 -0.043492
v 0.090874 0.131267 -0.041948
v 0.091017 0.131472 -0.041938
v 0.095880 0.127676 -0.040234
v 0.100881 0.124068 -0.038543
v 0.105874 0.120438 -0.036875
v 0.110857 0.116784 -0.035230
v 0.060645 0.152319 -0.052720
v 0.065809 0.149008 -0.050858
v 0.070820 0.145487 -0.049035
v 0.077510 0.140769 -0.046633
v 0.054130 0.156872 -0.055149
v 0.055777 0.156026 -0.054581
v 0.060790 0.152524 -0.052708
v 0.191917 0.032994 0.004527
v 0.190162 0.038891 0.002860
v 0.184846 0.049975 -0.000640
v 0.181427 0.055153 -0.002417
v 0.177644 0.060064 -0.004170
v 0.169299 0.069238 -0.007603
v 0.150802 0.085954 -0.014317
v 0.131238 0.101485 -0.020990
v 0.091129 0.131040 -0.034904
v 0.061005 0.152558 -0.046223
v 0.035550 0.171327 -0.057067
v 0.019799 0.182377 -0.063899
v 0.003103 0.192173 -0.070236
v -0.014837 0.200057 -0.075517
v -0.024278 0.203209 -0.077671
v -0.033981 0.205864 -0.079502
v -0.053783 0.209870 -0.082293
v -0.073894 0.212576 -0.084202
v -0.229348 0.217946 -0.088052
v -0.230775 0.217748 -0.087907
v -0.231440 0.217517 -0.087739
v -0.232036 0.217186 -0.087500
v -0.232364 0.216924 -0.087310
v -0.232646 0.216630 -0.087098
v -0.233080 0.215971 -0.086625
v -0.233387 0.215140 -0.086030
v -0.233559 0.213969 -0.085194
v -0.233536 0.212787 -0.084354
v -0.232472 0.208153 -0.081092
v -0.215988 0.161453 -0.051236
v -0.208395 0.139615 -0.039272
v -0.200644 0.117325 -0.028220
v -0.192774 0.094690 -0.017969
v -0.184815 0.071795 -0.008468
v 0.060643 0.152199 -0.046092
v 0.070695 0.145044 -0.042204
v 0.117657 0.111079 -0.025339
v 0.110973 0.116014 -0.027643
v 0.097557 0.125780 -0.032342
v 0.090838 0.130625 -0.034743
v 0.084120 0.135449 -0.037186
v 0.150496 0.085560 -0.014091
v 0.137529 0.095987 -0.018555
v 0.130944 0.101074 -0.020799
v 0.168958 0.068883 -0.007330
v 0.159944 0.077425 -0.010730
v 0.181031 0.054861 -0.002109
v 0.177270 0.059746 -0.003873
v 0.189689 0.038720 0.003210
v 0.187335 0.044335 0.001461
v 0.184425 0.049715 -0.000320
v 0.192051 0.029889 0.005711
v 0.191426 0.032880 0.004901
v 0.192301 0.028380 0.006106
v 0.035911 0.170438 -0.056810
v 0.043640 0.164631 -0.053357
v 0.047496 0.161699 -0.051650
v 0.003393 0.191459 -0.070076
v 0.011894 0.186722 -0.066983
v 0.020114 0.181573 -0.063689
v 0.030715 0.174241 -0.059122
v -0.033748 0.205291 -0.079454
v -0.024022 0.202608 -0.077593
v -0.014565 0.199423 -0.075410
v -0.005423 0.195705 -0.072898
v -0.073824 0.212066 -0.084229
v -0.053621 0.209337 -0.082295
v -0.046950 0.208160 -0.081465
v -0.084001 0.213067 -0.084939
v -0.227101 0.217269 -0.087956
v -0.226748 0.217206 -0.087910
v -0.227801 0.217372 -0.088034
v -0.229201 0.217449 -0.088092
v -0.229889 0.217406 -0.088058
v -0.230550 0.217289 -0.087966
v -0.231162 0.217092 -0.087807
v -0.231696 0.216813 -0.087573
v -0.232130 0.216455 -0.087267
v -0.232469 0.216033 -0.086908
v -0.232720 0.215560 -0.086513
v -0.232894 0.215049 -0.086098
v -0.233004 0.214512 -0.085675
v -0.233059 0.213963 -0.085250
v -0.233038 0.212832 -0.084399
v -0.232824 0.211300 -0.083275
v -0.232657 0.210536 -0.082722
v -0.231978 0.208251 -0.081091
v -0.231426 0.206737 -0.080024
v -0.231126 0.205984 -0.079495
v -0.230647 0.204857 -0.078709
v -0.172235 0.037134 0.003712
v -0.170177 0.031216 0.005390
v -0.176330 0.048913 -0.000009
v -0.180396 0.060611 -0.004125
v -0.184435 0.072229 -0.008562
v -0.189783 0.087610 -0.014859
v -0.192442 0.095260 -0.018138
v -0.208154 0.140447 -0.039612
v -0.200359 0.118029 -0.028470
v -0.195093 0.102882 -0.021498
v -0.223247 0.183855 -0.064724
v -0.215789 0.162405 -0.051680
v -0.228730 0.199625 -0.075097
v -0.226912 0.194398 -0.071585
v -0.229635 0.202230 -0.076870
v -0.107666 -0.179828 0.038447
v -0.107649 -0.179703 0.038450
v -0.110158 -0.178793 0.038973
v -0.107633 -0.179577 0.038453
v -0.111648 -0.177593 0.039467
v -0.109663 -0.178486 0.038903
v -0.111571 -0.177344 0.039489
v -0.107616 -0.179452 0.038456
v -0.107599 -0.179326 0.038459
v -0.113430 -0.176230 0.040135
v -0.114936 -0.174490 0.040878
v -0.115062 -0.174716 0.040854
v -0.116570 -0.173083 0.041602
v -0.116266 -0.173807 0.041351
v -0.117969 -0.171357 0.042363
v -0.120470 -0.167687 0.043888
v -0.120292 -0.167501 0.043910
v -0.122630 -0.163791 0.045377
v -0.124290 -0.159575 0.046814
v -0.124497 -0.159725 0.046798
v -0.126087 -0.155521 0.048134
v -0.126324 -0.155603 0.048136
v -0.127421 -0.151208 0.049375
v -0.129052 -0.145370 0.050872
v -0.128503 -0.146806 0.050515
v -0.128732 -0.145694 0.050784
v -0.127195 -0.151092 0.049388
v -0.128787 -0.145415 0.050850
v -0.128842 -0.145135 0.050915
v -0.128953 -0.144574 0.051045
v -0.129442 -0.142339 0.051545
v -0.132046 -0.133484 0.053231
v -0.134142 -0.129353 0.053883
v -0.133234 -0.131532 0.053566
v -0.132260 -0.133617 0.053224
v -0.130655 -0.137921 0.052447
v -0.130894 -0.137997 0.052446
v -0.136770 -0.125514 0.054416
v -0.136956 -0.125680 0.054414
v -0.134340 -0.129508 0.053878
v -0.133810 -0.130968 0.053673
v -0.143476 -0.119034 0.055166
v -0.140063 -0.122260 0.054836
v -0.138445 -0.123923 0.054637
v -0.138121 -0.124666 0.054564
v -0.143759 -0.119447 0.055166
v -0.122165 -0.165229 0.044888
v -0.112409 -0.177360 0.039683
v -0.145932 -0.117731 0.055338
v -0.145759 -0.117551 0.055338
v -0.147776 -0.115675 0.055528
v -0.147580 -0.115519 0.055529
v -0.149176 -0.113302 0.055716
v -0.147384 -0.115364 0.055529
v -0.150381 -0.110834 0.055891
v -0.145585 -0.117371 0.055338
v -0.154901 -0.100857 0.056410
v -0.153063 -0.106043 0.056192
v -0.150599 -0.110957 0.055892
v -0.150817 -0.111080 0.055892
v -0.160763 -0.079791 0.056434
v -0.158471 -0.090487 0.056590
v -0.156923 -0.095744 0.056544
v -0.155135 -0.100944 0.056412
v -0.155370 -0.101031 0.056413
v -0.164030 -0.058201 0.054213
v -0.162923 -0.069051 0.055974
v -0.162037 -0.074462 0.056241
v -0.161008 -0.079841 0.056435
v -0.161253 -0.079892 0.056436
v -0.160237 -0.083407 0.056522
v -0.165155 -0.037006 0.047883
v -0.164884 -0.051104 0.052334
v -0.164279 -0.058226 0.054213
v -0.163671 -0.063616 0.055407
v -0.164528 -0.058251 0.054214
v -0.163585 -0.064294 0.055540
v -0.163542 -0.064633 0.055604
v -0.163497 -0.064972 0.055668
v -0.163452 -0.065312 0.055730
v -0.163407 -0.065652 0.055771
v -0.163361 -0.065993 0.055793
v -0.163314 -0.066333 0.055814
v -0.163220 -0.067013 0.055855
v -0.163123 -0.067693 0.055896
v -0.165259 -0.044037 0.050203
v -0.165655 -0.037007 0.047883
v -0.165408 -0.031063 0.045802
v -0.165408 -0.024935 0.043558
v -0.165408 -0.018646 0.041164
v -0.165155 0.000988 0.033216
v -0.165655 0.000954 0.033231
v -0.165408 -0.005679 0.035987
v -0.165408 -0.012220 0.038636
v -0.165155 0.000988 0.033245
v -0.166449 0.006774 0.030763
v -0.166202 0.006808 0.030764
v -0.166668 0.012078 0.028505
v -0.167241 0.012578 0.028258
v -0.166668 0.012078 0.028258
v -0.166864 0.012578 0.028258
v -0.166365 0.012078 0.028258
v -0.166364 0.012078 0.028471
v -0.166616 0.012411 0.028329
v -0.166616 0.012577 0.028256
v -0.166616 0.013196 0.027988
v -0.166364 0.012576 0.028255
v -0.166364 0.013514 0.027848
v -0.166364 0.012327 0.028363
v -0.166616 0.013814 0.027719
v -0.166364 0.014452 0.027441
v -0.166616 0.014433 0.027449
v -0.166864 0.014433 0.027449
v -0.166864 0.013815 0.027719
v -0.166864 0.013196 0.027989
v -0.166364 0.014453 0.027456
v -0.166547 0.016782 0.026438
v -0.166982 0.019093 0.025412
v -0.167229 0.019077 0.025407
v -0.167594 0.023713 0.023346
v -0.166913 0.021435 0.024391
v -0.167096 0.023759 0.023361
v -0.166730 0.019109 0.025416
v -0.167229 0.025135 0.006882
v -0.167221 0.024212 0.017774
v -0.166729 0.025148 0.006894
v -0.166364 0.026536 -0.009573
v -0.166793 0.025856 -0.001481
v -0.166973 0.025165 0.006615
v -0.167097 0.024689 0.012195
v -0.166616 0.026033 -0.010524
v -0.166364 0.026026 -0.010519
v -0.166364 0.025374 -0.011362
v -0.166616 0.025379 -0.011366
v -0.166616 0.024325 -0.012351
v -0.166616 0.023733 -0.012794
v -0.166616 0.021067 -0.014330
v -0.166364 0.023424 -0.013000
v -0.166364 0.018922 -0.015344
v -0.166364 0.014617 -0.017727
v -0.166616 0.016807 -0.016377
v -0.166616 0.019636 -0.015014
v -0.166616 0.014332 -0.017951
v -0.166364 0.013757 -0.018460
v -0.166616 0.013341 -0.018900
v -0.166364 0.013033 -0.019283
v -0.166616 0.012578 -0.020000
v -0.166364 0.011950 -0.021175
v -0.166362 0.012080 -0.019949
v -0.166613 0.012275 -0.020485
v -0.166627 0.012081 -0.019966
v -0.166864 0.012328 -0.019990
v -0.166914 0.012324 -0.019991
v -0.167023 0.012578 -0.020000
v -0.167087 0.012461 -0.019998
v -0.167133 0.012498 -0.019999
v -0.167153 0.012513 -0.019999
v -0.167177 0.012537 -0.019999
v -0.167180 0.012550 -0.019999
v -0.167183 0.012564 -0.019999
v -0.167186 0.012575 -0.020000
v -0.166237 0.006786 -0.020000
v -0.166089 0.007544 -0.019999
v -0.165158 0.001007 -0.020000
v -0.165657 0.000973 -0.020000
v -0.165148 -0.005242 -0.019999
v -0.165146 -0.011505 -0.019999
v -0.165537 -0.017799 -0.020000
v -0.165287 -0.017812 -0.020000
v -0.165453 -0.024151 -0.020000
v -0.165037 -0.017824 -0.019999
v -0.165261 -0.027362 -0.020001
v -0.164872 -0.008374 -0.019998
v -0.165531 -0.030557 -0.020000
v -0.165155 -0.037009 -0.020000
v -0.165460 -0.041076 -0.020001
v -0.165406 -0.043697 -0.020001
v -0.165211 -0.048258 -0.020001
v -0.164865 -0.053463 -0.020001
v -0.161431 -0.078090 -0.020002
v -0.154660 -0.102715 -0.020003
v -0.158792 -0.090987 -0.020001
v -0.160821 -0.082470 -0.020001
v -0.161676 -0.078136 -0.020001
v -0.162663 -0.072363 -0.020001
v -0.163481 -0.066681 -0.020001
v -0.164143 -0.061179 -0.020001
v -0.149656 -0.112431 -0.020002
v -0.153346 -0.106343 -0.020001
v -0.154891 -0.102809 -0.020002
v -0.156976 -0.097091 -0.020002
v -0.146714 -0.116186 -0.020000
v -0.146898 -0.116356 -0.020000
v -0.149864 -0.112571 -0.020001
v -0.143474 -0.119036 -0.020000
v -0.138008 -0.124518 -0.020000
v -0.140000 -0.122142 -0.020000
v -0.139830 -0.121955 -0.019999
v -0.136629 -0.125370 -0.019999
v -0.136822 -0.125532 -0.019999
v -0.134159 -0.129346 -0.019999
v -0.133606 -0.130819 -0.020000
v -0.132040 -0.133480 -0.019999
v -0.130680 -0.137914 -0.020000
v -0.130443 -0.137842 -0.019999
v -0.129326 -0.142318 -0.020000
v -0.131813 -0.133370 -0.019998
v -0.127447 -0.151166 -0.020002
v -0.133947 -0.129210 -0.019998
v -0.124610 -0.159695 -0.020003
v -0.127679 -0.151276 -0.020001
v -0.128592 -0.146835 -0.020000
v -0.128766 -0.145713 -0.020000
v -0.129065 -0.145372 -0.020000
v -0.128806 -0.145432 -0.020000
v -0.128846 -0.145149 -0.020000
v -0.128929 -0.144582 -0.020000
v -0.120451 -0.167627 -0.020002
v -0.122890 -0.163925 -0.020001
v -0.124819 -0.159848 -0.020001
v -0.126653 -0.155701 -0.020000
v -0.114895 -0.174584 -0.020000
v -0.118016 -0.171478 -0.020000
v -0.120627 -0.167819 -0.020001
v -0.122389 -0.165367 -0.020000
v -0.111494 -0.177404 -0.020000
v -0.113357 -0.176314 -0.020000
v -0.115019 -0.174815 -0.020000
v -0.116569 -0.173194 -0.020000
v -0.116245 -0.173915 -0.020000
v -0.111572 -0.177655 -0.020000
v -0.109609 -0.178520 -0.020000
v -0.109653 -0.178779 -0.020000
v -0.107624 -0.179493 -0.020000
v -0.107645 -0.179661 -0.020000
v -0.107602 -0.179326 -0.020000
v -0.110099 -0.178830 -0.020000
v -0.112327 -0.177429 -0.020000
v 0.189152 -0.169916 -0.020000
v 0.190168 -0.170067 -0.020000
v 0.190615 -0.169718 -0.020001
v 0.192227 -0.169400 -0.020001
v 0.192115 -0.169176 -0.020001
v 0.193611 -0.168273 -0.020001
v 0.194275 -0.168070 -0.020001
v 0.195062 -0.166990 -0.020001
v 0.195250 -0.167156 -0.020001
v 0.196426 -0.165311 -0.020001
v 0.197899 -0.163296 -0.020000
v 0.197659 -0.163219 -0.020001
v 0.199720 -0.157754 -0.020000
v 0.199552 -0.157738 -0.020000
v 0.199887 -0.157770 -0.020000
v 0.192539 0.012078 -0.020000
v 0.193921 0.012078 -0.020000
v 0.192539 0.012078 -0.020933
v 0.192786 0.012582 -0.019992
v 0.192539 0.012586 -0.019985
v 0.192539 0.013097 -0.019200
v 0.192786 0.013226 -0.019038
v 0.192786 0.014048 -0.018193
v 0.192786 0.016096 -0.016768
v 0.192786 0.016808 -0.016378
v 0.192539 0.015269 -0.017273
v 0.192539 0.019070 -0.015280
v 0.192539 0.013725 -0.018494
v 0.192539 0.023493 -0.012964
v 0.192786 0.023669 -0.012844
v 0.192539 0.025288 -0.011473
v 0.192786 0.025357 -0.011399
v 0.192786 0.026034 -0.010536
v 0.193039 0.026557 -0.009582
v 0.192539 0.026557 -0.009583
v 0.192539 0.026000 -0.010586
v 0.192788 0.026557 -0.005663
v 0.192788 0.026557 0.001270
v 0.192787 0.026557 0.008204
v 0.192536 0.026557 0.022071
v 0.192786 0.026557 0.015137
v 0.193036 0.026557 0.022071
v 0.193037 0.019577 0.025186
v 0.192786 0.023509 0.023437
v 0.192537 0.019577 0.025186
v 0.192788 0.018049 0.025861
v 0.192539 0.012578 0.028258
v 0.192789 0.012578 0.028258
v 0.192539 0.012328 0.028367
v 0.192539 0.012078 0.028476
v 0.193039 0.012578 0.028258
v 0.192539 0.012078 0.028258
v 0.193921 0.012078 0.028258
v 0.194405 0.012578 0.028258
v 0.193921 0.012078 0.028468
v 0.195746 -0.027860 0.044641
v 0.195258 -0.028230 0.044770
v 0.196428 -0.048449 0.051551
v 0.195938 -0.048755 0.051637
v 0.197134 -0.069730 0.056009
v 0.196642 -0.069980 0.056022
v 0.198608 -0.114182 0.055656
v 0.198111 -0.114280 0.055649
v 0.199803 -0.157760 0.047471
v 0.199678 -0.157747 0.047477
v 0.199552 -0.157734 0.047482
v 0.199929 -0.157772 0.047466
v 0.200054 -0.157785 0.047461
v 0.199552 -0.157734 0.047440
v 0.198716 -0.161970 0.046068
v 0.199231 -0.159833 0.046770
v 0.198254 -0.161779 0.046068
v 0.196203 -0.165523 0.044668
v 0.196406 -0.165669 0.044667
v 0.198485 -0.161875 0.046068
v 0.199001 -0.160521 0.046537
v 0.194997 -0.167332 0.044012
v 0.194821 -0.167155 0.044012
v 0.193306 -0.168715 0.043445
v 0.193170 -0.168505 0.043445
v 0.192674 -0.169094 0.043286
v 0.191240 -0.169464 0.043029
v 0.191323 -0.169699 0.043029
v 0.190210 -0.169755 0.042901
v 0.189135 -0.169916 0.042829
v 0.189165 -0.170416 0.042829
v 0.190308 -0.170245 0.042900
v 0.191406 -0.169935 0.043030
v 0.193443 -0.168924 0.043445
v 0.195174 -0.167509 0.044012
v 0.196608 -0.165816 0.044667
v 0.040766 -0.174621 0.040749
v 0.040748 -0.175122 0.040748
v -0.107599 -0.179326 0.038448
v 0.189165 -0.170416 0.027121
v 0.189165 -0.170416 0.011414
v -0.107666 -0.179828 0.009223
v 0.189165 -0.170416 -0.004293
v 0.198679 -0.162060 0.041938
v 0.198642 -0.162150 0.037809
v 0.198605 -0.162240 0.033680
v 0.197660 -0.164154 0.037191
v 0.197603 -0.164255 0.033106
v 0.196462 -0.166004 0.036584
v 0.196389 -0.166098 0.032542
v 0.195017 -0.167654 0.036010
v 0.194939 -0.167726 0.032009
v 0.193305 -0.169011 0.035515
v 0.193236 -0.169055 0.031549
v 0.191323 -0.169968 0.035151
v 0.191281 -0.169985 0.031211
v 0.191240 -0.170002 0.027272
v 0.191157 -0.170035 0.019393
v 0.193029 -0.169186 0.019653
v 0.192891 -0.169273 0.011723
v 0.194547 -0.168088 0.012006
v 0.194233 -0.168377 -0.003997
v 0.195731 -0.166944 -0.003833
v 0.197718 -0.164053 0.041276
v 0.196535 -0.165910 0.040626
v 0.195096 -0.167581 0.040011
v 0.193374 -0.168968 0.039480
v 0.191365 -0.169952 0.039090
v 0.191073 -0.170068 0.011515
v 0.192615 -0.169448 -0.004139
v 0.190907 -0.170135 -0.004243
v 0.197084 -0.165167 -0.003660
v 0.198271 -0.163049 -0.003483
v 0.198419 -0.162689 0.013034
v 0.198494 -0.162510 0.021292
v 0.198568 -0.162330 0.029551
v 0.197545 -0.164357 0.029021
v 0.194704 -0.167943 0.020007
v 0.193167 -0.169099 0.027584
v 0.194860 -0.167798 0.028009
v 0.196170 -0.166380 0.020417
v 0.196316 -0.166192 0.028500
v 0.196023 -0.166568 0.012334
v 0.197315 -0.164762 0.012680
v 0.197430 -0.164559 0.020851
v 0.193037 0.023236 0.014526
v 0.193037 0.025584 0.014232
v 0.193037 0.025688 0.005910
v 0.193038 0.023402 0.005418
v 0.193037 0.022072 0.014708
v 0.193038 0.022209 0.005277
v 0.193038 0.015936 0.015765
v 0.193038 0.015791 0.004803
v 0.193038 0.015485 0.015836
v 0.193038 0.015336 0.004748
v 0.193039 0.015187 -0.006340
v 0.193039 0.015647 -0.006160
v 0.193038 0.022347 -0.004154
v 0.193038 0.023569 -0.003690
v 0.193038 0.025793 -0.002413
v -0.166955 0.016130 0.004654
v -0.166891 0.014194 0.004071
v -0.166864 0.013505 0.003725
v -0.166864 0.013042 -0.008138
v -0.167137 0.022566 0.005791
v -0.166985 0.017158 0.004854
v -0.167149 0.022947 0.005894
v -0.166896 0.012863 0.022101
v -0.166929 0.012823 0.016087
v -0.167023 0.012578 0.004129
v -0.166962 0.012782 0.010073
v -0.166995 0.012741 0.004058
v -0.166923 0.013157 0.009909
v -0.166943 0.013041 0.003927
v -0.166911 0.013279 0.009856
v -0.166926 0.013139 0.003885
v -0.166942 0.012998 -0.002087
v -0.166958 0.012858 -0.008058
v -0.166966 0.012788 -0.011043
v -0.166993 0.012752 -0.011027
v -0.167003 0.012694 -0.014018
v -0.167093 0.012619 -0.013985
v -0.167101 0.012608 -0.015489
v -0.167109 0.012598 -0.016993
v -0.167118 0.012588 -0.018496
v -0.167013 0.012636 -0.017009
v -0.167018 0.012607 -0.018505
v -0.166981 0.012648 -0.017014
v -0.166985 0.012613 -0.018507
v -0.166883 0.013389 0.021872
v -0.166879 0.013560 0.021798
v -0.166895 0.013419 0.015827
v -0.166974 0.012718 -0.014029
v -0.166978 0.012683 -0.015522
v -0.167102 0.012578 -0.007935
v -0.167077 0.012639 -0.010978
v -0.166983 0.012810 -0.008036
v -0.167027 0.012700 -0.001956
v -0.167060 0.012659 -0.007971
v -0.166963 0.012926 -0.002055
v -0.166903 0.013273 0.015891
v -0.167008 0.012665 -0.015514
v -0.167241 0.012578 0.004129
v -0.165656 0.000963 0.006615
v -0.165862 0.002878 0.006212
v -0.166343 0.006780 0.005381
v -0.166548 0.008247 0.005066
v -0.165661 -0.023023 0.011497
v -0.165708 -0.027680 0.012350
v -0.165701 -0.034184 0.013477
v -0.165655 -0.037007 -0.003029
v -0.165655 -0.037007 0.013941
v -0.143759 -0.119447 0.036375
v -0.145234 -0.118332 0.017646
v -0.143759 -0.119447 0.017583
v -0.143759 -0.119447 -0.001208
v -0.146585 -0.117039 0.017716
v -0.149001 -0.114081 0.017858
v -0.153019 -0.107136 0.018097
v -0.156882 -0.097424 0.018265
v -0.160880 -0.082499 0.018257
v -0.163921 -0.064294 0.017907
v -0.165313 -0.049315 0.016230
v -0.110128 -0.178811 0.009486
v -0.114401 -0.175720 0.010245
v -0.116839 -0.173210 0.010822
v -0.121186 -0.167194 0.012081
v -0.124592 -0.160575 0.013284
v -0.127285 -0.153129 0.014436
v -0.129058 -0.145371 0.015436
v -0.130787 -0.137955 0.016223
v -0.133708 -0.130893 0.016836
v -0.138065 -0.124592 0.017282
v -0.107601 -0.179326 0.009224
v 0.189141 -0.169916 0.014264
v 0.189149 -0.169916 -0.014301
v 0.189536 -0.169876 0.028680
v 0.189522 -0.169880 0.021775
v 0.189498 -0.169887 0.009379
v 0.189475 -0.169893 -0.003016
v 0.189946 -0.169825 0.009398
v 0.189889 -0.169843 -0.003006
v 0.190831 -0.169621 0.009456
v 0.190714 -0.169668 -0.002972
v 0.192548 -0.168896 0.009648
v 0.192344 -0.169024 -0.002861
v 0.193621 -0.168196 0.009818
v 0.193391 -0.168383 -0.002763
v 0.194134 -0.167786 0.009913
v 0.193898 -0.168002 -0.002708
v 0.195108 -0.166854 0.010115
v 0.194877 -0.167120 -0.002592
v 0.195569 -0.166335 0.010220
v 0.195346 -0.166621 -0.002531
v 0.196838 -0.164585 0.010546
v 0.196661 -0.164896 -0.002342
v 0.197934 -0.162553 0.010878
v 0.197819 -0.162831 -0.002150
v 0.198849 -0.160248 0.011209
v 0.198797 -0.160426 -0.001959
v 0.191015 -0.169548 0.028808
v 0.190037 -0.169797 0.028712
v 0.192867 -0.168696 0.029127
v 0.193982 -0.167903 0.029409
v 0.194502 -0.167449 0.029565
v 0.195469 -0.166440 0.029900
v 0.194370 -0.167570 0.022534
v 0.195340 -0.166588 0.022821
v 0.195916 -0.165891 0.030075
v 0.195792 -0.166050 0.022971
v 0.197114 -0.164102 0.030615
v 0.198113 -0.162120 0.031165
v 0.198929 -0.159972 0.031713
v 0.198049 -0.162274 0.023907
v 0.198901 -0.160071 0.024377
v 0.197016 -0.164275 0.023434
v 0.193853 -0.168008 0.022400
v 0.192752 -0.168767 0.022158
v 0.190949 -0.169574 0.021884
v 0.190004 -0.169807 0.021802
v 0.192539 0.012078 0.023243
v 0.192539 0.012078 0.004129
v 0.192539 0.012078 -0.014985
v 0.192539 0.012590 0.013680
v 0.192539 0.013421 0.013666
v 0.192539 0.013209 -0.015129
v 0.192539 0.012586 -0.015910
v 0.192538 0.016476 0.013421
v 0.192538 0.015211 0.013548
v 0.192537 0.021758 0.012781
v 0.192538 0.019104 0.013104
v 0.192539 0.016154 -0.013106
v 0.192539 0.014844 -0.013829
v 0.192539 0.022062 -0.010579
v 0.192539 0.019074 -0.011844
v -0.166719 0.023143 0.009392
v -0.166680 0.022127 0.009217
v -0.166562 0.018804 0.008920
v -0.166523 0.017683 0.008839
v -0.166463 0.018862 -0.003212
v -0.166443 0.017534 -0.003620
v -0.166404 0.015090 -0.004562
v -0.166395 0.014553 -0.004845
v -0.166426 0.015078 0.008517
v -0.166387 0.014178 0.008296
v -0.166363 0.013970 0.015575
v -0.166445 0.015565 0.008604
v -0.166372 0.013869 0.008194
v -0.166361 0.013357 0.001008
v -0.166375 0.013605 -0.005494
v -0.166368 0.013300 -0.005770
v -0.166361 0.012927 -0.008174
v -0.166521 0.022774 -0.001891
v -0.166541 0.023918 -0.001321
v -0.166365 0.013929 0.015593
v -0.166644 0.012078 0.001064
v -0.166366 0.013762 0.011639
v -0.166372 0.013414 0.003731
v -0.166375 0.013323 0.001754
v -0.166384 0.013132 -0.002199
v -0.166392 0.013031 -0.004175
v -0.166681 0.012318 -0.008880
v -0.166543 0.012426 -0.014053
v -0.166484 0.012561 -0.012078
v -0.166445 0.012691 -0.010103
v -0.166420 0.012812 -0.008127
v -0.165822 0.006658 0.005419
v -0.165463 0.003788 0.006025
v -0.165300 0.002350 0.006326
v -0.165157 0.000997 0.006608
v -0.165155 -0.037006 0.043471
v -0.165014 -0.008531 0.008668
v -0.165048 -0.003651 0.007626
v -0.165155 -0.037005 0.011736
v -0.165192 -0.034896 0.013749
v -0.165213 -0.032543 0.013340
v -0.165216 -0.029389 0.012777
v -0.165209 -0.027805 0.012487
v -0.165096 -0.018225 0.010654
v -0.165127 0.000020 0.006824
v -0.165094 -0.001205 0.007093
v -0.164959 -0.046015 0.030134
v -0.165121 -0.041136 0.028945
v -0.165153 -0.038802 0.028323
v -0.165157 -0.037664 0.028006
v -0.165157 -0.037649 0.025310
v -0.165163 -0.037552 0.008496
v -0.165168 -0.037457 -0.008318
v -0.165169 -0.038501 0.008683
v -0.165183 -0.038244 -0.008242
v -0.165159 -0.040511 0.009052
v -0.165192 -0.039973 -0.008091
v -0.165043 -0.044934 0.009758
v -0.165116 -0.044004 -0.007801
v -0.164396 -0.055140 0.011002
v -0.164539 -0.053965 -0.007292
v -0.163845 -0.060774 0.011512
v -0.164013 -0.059676 -0.007083
v -0.163682 -0.062225 0.011623
v -0.163854 -0.061161 -0.007037
v -0.163596 -0.062957 0.011674
v -0.163770 -0.061911 -0.007016
v -0.163508 -0.063692 0.011695
v -0.163684 -0.062666 -0.007007
v -0.163127 -0.066659 0.011763
v -0.163309 -0.065726 -0.006980
v -0.162552 -0.070670 0.011843
v -0.162735 -0.069887 -0.006947
v -0.161154 -0.078786 0.011959
v -0.161319 -0.078365 -0.006900
v -0.160325 -0.082845 0.011996
v -0.160468 -0.082616 -0.006885
v -0.158380 -0.090847 0.012024
v -0.158458 -0.090976 -0.006874
v -0.156650 -0.096653 0.012003
v -0.156661 -0.096991 -0.006882
v -0.154658 -0.102198 0.011945
v -0.154595 -0.102660 -0.006906
v -0.152377 -0.107383 0.011851
v -0.152242 -0.107864 -0.006944
v -0.149753 -0.112091 0.011722
v -0.149573 -0.112474 -0.006997
v -0.146711 -0.116164 0.011568
v -0.146553 -0.116346 -0.007059
v -0.144990 -0.117877 0.011488
v -0.144893 -0.117947 -0.007091
v -0.144066 -0.118622 0.011451
v -0.144021 -0.118646 -0.007106
v -0.143476 -0.119035 0.007801
v -0.143474 -0.119036 -0.018968
v -0.162916 -0.067742 0.033513
v -0.163303 -0.064882 0.033398
v -0.163394 -0.064170 0.033362
v -0.163422 -0.064002 0.030364
v -0.163510 -0.063289 0.030283
v -0.158290 -0.090697 0.033952
v -0.160158 -0.083110 0.033905
v -0.160963 -0.079274 0.033843
v -0.160990 -0.079206 0.030818
v -0.162369 -0.071452 0.030632
v -0.152534 -0.106825 0.033661
v -0.154732 -0.101661 0.033820
v -0.156638 -0.096260 0.033917
v -0.156639 -0.096314 0.030888
v -0.158302 -0.090718 0.030921
v -0.149963 -0.111647 0.033444
v -0.146896 -0.115952 0.033183
v -0.145102 -0.117797 0.033048
v -0.144118 -0.118595 0.032986
v -0.145086 -0.117808 0.030068
v -0.144110 -0.118598 0.030009
v -0.143476 -0.119034 0.044199
v -0.143476 -0.119035 0.018099
v -0.146870 -0.115981 0.030195
v -0.149934 -0.111708 0.030441
v -0.152512 -0.106902 0.030646
v -0.154722 -0.101735 0.030797
v -0.160181 -0.083074 0.030877
v -0.162339 -0.071577 0.033646
v -0.162946 -0.067593 0.030506
v -0.163332 -0.064717 0.030398
v -0.163482 -0.063460 0.033276
v -0.163651 -0.062048 0.033089
v -0.164230 -0.056504 0.032229
v -0.164253 -0.056315 0.029295
v -0.164971 -0.045865 0.027318
v -0.163678 -0.061871 0.030106
v -0.165126 -0.041049 0.026195
v -0.165155 -0.038761 0.025608
v -0.139894 -0.122032 0.036062
v -0.141640 -0.120476 0.036193
v -0.142549 -0.119740 0.036253
v -0.141634 -0.120456 0.017377
v -0.142548 -0.119728 0.017414
v -0.141627 -0.120437 -0.001313
v -0.142547 -0.119716 -0.001294
v -0.143015 -0.119367 -0.001284
v -0.136738 -0.125474 0.035746
v -0.134096 -0.129313 0.035347
v -0.131989 -0.133451 0.034858
v -0.131933 -0.133419 0.016516
v -0.130322 -0.137767 0.016137
v -0.130268 -0.137748 -0.001950
v -0.129148 -0.142231 0.015695
v -0.129118 -0.142228 -0.002175
v -0.128703 -0.144488 0.015450
v -0.128695 -0.144493 -0.002299
v -0.128604 -0.145060 -0.002332
v -0.128517 -0.145623 -0.002365
v -0.128331 -0.146737 -0.002432
v -0.128510 -0.145615 0.015321
v -0.128310 -0.146727 0.015189
v -0.128504 -0.145607 0.033033
v -0.128290 -0.146717 0.032831
v -0.127258 -0.151110 0.031978
v -0.125951 -0.155414 0.031050
v -0.126033 -0.155440 0.014016
v -0.124450 -0.159635 0.013357
v -0.124530 -0.159665 -0.003358
v -0.122566 -0.163688 0.012656
v -0.122631 -0.163721 -0.003711
v -0.120371 -0.167564 0.011921
v -0.120411 -0.167596 -0.004081
v -0.117837 -0.171210 0.011167
v -0.117849 -0.171239 -0.004460
v -0.114915 -0.174537 0.010420
v -0.114905 -0.174560 -0.004835
v -0.113289 -0.176033 0.010064
v -0.113271 -0.176053 -0.005014
v -0.111513 -0.177389 -0.005181
v -0.109623 -0.178511 -0.005327
v -0.109636 -0.178503 0.009443
v -0.109649 -0.178495 0.024124
v -0.111552 -0.177359 0.024563
v -0.113307 -0.176013 0.025065
v -0.114926 -0.174513 0.025604
v -0.117825 -0.171181 0.026733
v -0.130376 -0.137786 0.034277
v -0.129179 -0.142235 0.033602
v -0.128711 -0.144484 0.033229
v -0.128605 -0.145048 0.033131
v -0.128605 -0.145054 0.015386
v -0.124370 -0.159605 0.030050
v -0.122501 -0.163656 0.028988
v -0.120331 -0.167533 0.027875
v -0.126115 -0.155465 -0.003026
v -0.127384 -0.151147 -0.002716
v -0.131876 -0.133386 -0.001756
v -0.134049 -0.129273 0.016834
v -0.134003 -0.129233 -0.001594
v -0.136706 -0.125433 0.017091
v -0.136674 -0.125394 -0.001462
v -0.139862 -0.121971 -0.001357
v -0.139878 -0.122001 0.017294
v -0.143014 -0.119374 0.017432
v -0.143012 -0.119382 0.036281
v -0.111532 -0.177374 0.009732
v -0.127321 -0.151129 0.014628
v -0.176014 0.066763 -0.006555
v -0.176472 0.068080 -0.017070
v -0.190364 0.108045 -0.031347
v -0.203605 0.146136 -0.042721
v -0.189973 0.106921 -0.023407
v -0.189582 0.105796 -0.015467
v -0.203445 0.145673 -0.035946
v -0.207000 0.204150 -0.074043
v -0.207000 0.204150 -0.082587
v -0.209344 0.203113 -0.077601
v -0.209319 0.203128 -0.081946
v -0.211432 0.201754 -0.076668
v -0.211396 0.201781 -0.081103
v -0.213200 0.200173 -0.080102
v -0.213235 0.200136 -0.075565
v -0.214707 0.198354 -0.078973
v -0.214735 0.198314 -0.074330
v -0.216040 0.196103 -0.072844
v -0.214768 0.198266 -0.069682
v -0.216559 0.194911 -0.067245
v -0.217124 0.193162 -0.070887
v -0.217488 0.191314 -0.064675
v -0.217606 0.190103 -0.068874
v -0.217557 0.187619 -0.062081
v -0.217487 0.187008 -0.066864
v -0.217562 0.187635 -0.072447
v -0.217482 0.191361 -0.074692
v -0.216529 0.194989 -0.076902
v -0.212710 0.200660 -0.071443
v -0.210108 0.202668 -0.072935
v -0.079330 0.199591 -0.070654
v -0.079330 0.199591 -0.079740
v -0.079330 0.199591 -0.079740
v -0.048976 0.196069 -0.072822
v -0.048876 0.196047 -0.068066
v -0.020048 0.187193 -0.061784
v -0.020174 0.187242 -0.067013
v 0.032260 0.159888 -0.044140
v 0.032172 0.159944 -0.050377
v 0.080104 0.125813 -0.025402
v 0.079999 0.125895 -0.032365
v 0.125293 0.088125 -0.006951
v 0.125293 0.088125 -0.023559
v 0.079893 0.125977 -0.039327
v 0.032083 0.160000 -0.056615
v -0.020300 0.187291 -0.072241
v -0.049075 0.196090 -0.077578
v 0.125293 0.088125 -0.023559
v 0.131718 0.057203 -0.003095
v 0.126748 0.081120 -0.003587
v 0.128203 0.074121 -0.000213
v 0.129658 0.067119 0.003157
v 0.131114 0.060110 0.006510
v 0.132573 0.053088 0.009836
v 0.134035 0.046053 0.013134
v 0.135500 0.039006 0.016402
v 0.136968 0.031942 0.019634
v 0.131593 0.057806 -0.014366
vn -0.0014 -0.4142 0.9102
vn 0.0025 -0.3380 0.9411
vn -0.0017 -0.2690 0.9631
vn 0.0022 -0.1533 0.9882
vn -0.0011 -0.1089 0.9941
vn 0.0014 0.0369 0.9993
vn -0.0000 0.0521 0.9986
vn -0.0027 -0.4227 0.9063
vn -0.9658 -0.2592 -0.0000
vn -0.9722 -0.2269 0.0576
vn -0.9782 -0.2025 -0.0464
vn -0.9878 -0.1491 0.0456
vn -0.9911 -0.1260 -0.0427
vn -0.9956 -0.0939 0.0073
vn -0.9981 -0.0609 -0.0022
vn -0.9989 -0.0456 -0.0146
vn -0.9984 -0.0304 -0.0480
vn -0.9999 -0.0108 -0.0036
vn -0.9984 0.0570 0.0064
vn -0.9895 0.1443 0.0067
vn -0.9895 0.1448 -0.0016
vn -0.9983 0.0581 0.0027
vn -0.9775 0.2107 -0.0030
vn -0.9668 0.2500 -0.0530
vn -0.9688 0.2478 -0.0000
vn -0.0215 -0.5038 -0.8635
vn 0.0039 -0.5030 -0.8643
vn -0.0030 -0.5475 -0.8368
vn 0.0164 -0.4328 -0.9013
vn -0.0016 -0.4381 -0.8989
vn -0.0000 -0.4336 -0.9011
vn -0.0018 -0.4263 -0.9046
vn -0.0014 -0.4267 -0.9044
vn -0.0002 -0.4182 -0.9084
vn -0.0000 -0.4160 -0.9094
vn -0.0000 -0.4135 -0.9105
vn -0.0001 -0.4113 -0.9115
vn -0.0000 -0.4105 -0.9118
vn -0.0000 -0.3762 -0.9266
vn -0.0020 -0.3783 -0.9257
vn -0.0000 -0.3542 -0.9352
vn 0.0145 -0.3484 -0.9372
vn -0.0000 -0.3208 -0.9471
vn -0.0004 -0.2813 -0.9596
vn -0.0014 -0.0793 -0.9969
vn -0.0007 -0.1186 -0.9929
vn -0.0000 -0.2060 -0.9785
vn 0.0524 -0.2616 -0.9637
vn -0.0000 -0.2749 -0.9615
vn -0.0017 0.0449 -0.9990
vn -0.0000 -0.0056 -1.0000
vn -0.0000 -0.0309 -0.9995
vn 0.0863 -0.0119 -0.9962
vn 0.0010 0.0796 -0.9968
vn -0.0016 0.2344 -0.9721
vn -0.0001 0.2501 -0.9682
vn -0.0000 0.4136 -0.9104
vn -0.0000 0.4127 -0.9109
vn -0.0000 0.4866 -0.8736
vn 0.0004 0.5093 -0.8606
vn 0.0016 0.5334 -0.8459
vn -0.0002 -0.0487 -0.9988
vn 0.0025 -0.3953 -0.9186
vn -0.0006 -0.3940 -0.9191
vn -0.0000 -0.3943 -0.9190
vn -0.0000 -0.4101 -0.9120
vn -0.0000 -0.4168 -0.9090
vn -0.0081 -0.4288 -0.9034
vn -0.0124 -0.4321 -0.9017
vn 0.0024 -0.4341 -0.9008
vn -0.0085 -0.4600 -0.8879
vn 0.0419 -0.4669 -0.8833
vn -0.0399 -0.5349 -0.8440
vn 0.0108 -0.5441 -0.8389
vn 0.0004 -0.5665 -0.8241
vn -0.0003 -0.5717 -0.8205
vn 0.0011 -0.5780 -0.8160
vn 0.0064 -0.5851 -0.8109
vn 0.0143 -0.5930 -0.8051
vn 0.0148 -0.5927 -0.8053
vn 0.0100 -0.5962 -0.8027
vn 0.0068 -0.5992 -0.8006
vn 0.0045 -0.6017 -0.7987
vn 0.0030 -0.6039 -0.7971
vn -0.0000 -0.6088 -0.7933
vn -0.0005 -0.6052 -0.7960
vn -0.0025 -0.6049 -0.7963
vn -0.0018 -0.6043 -0.7968
vn 0.0006 -0.5789 -0.8154
vn -0.0041 -0.5706 -0.8212
vn -0.0126 -0.5731 -0.8194
vn 0.9679 0.2077 -0.1418
vn 0.9575 0.2828 0.0572
vn 0.9620 0.2699 0.0417
vn 0.9884 0.1029 -0.1114
vn 0.3774 -0.4793 -0.7923
vn 0.6491 -0.3676 -0.6660
vn 0.8841 -0.1919 -0.4260
vn 0.9939 0.1095 -0.0114
vn 0.9759 0.1714 0.1348
vn 1.0000 0.0051 -0.0032
vn 0.9987 0.0478 0.0186
vn 0.9826 0.1495 0.1104
vn 0.9971 0.0759 0.0029
vn 0.9889 -0.0668 -0.1326
vn 0.9986 -0.0021 -0.0530
vn 0.2749 -0.5087 -0.8159
vn 0.6341 -0.3241 -0.7021
vn 0.9931 0.1041 -0.0531
vn -0.0000 -0.4102 -0.9120
vn -0.0002 -0.4103 -0.9120
vn 0.0008 -0.4152 -0.9097
vn 0.9699 0.0969 -0.2233
vn -0.0000 -0.4260 -0.9047
vn -0.0000 -0.4113 -0.9115
vn -0.0000 0.4078 0.9131
vn -0.0221 0.4099 0.9118
vn 0.0182 0.4760 0.8792
vn -0.0458 0.4817 0.8751
vn 0.0379 0.5413 0.8400
vn -0.0720 0.5499 0.8321
vn -0.0601 0.5552 0.8295
vn -0.0260 0.5713 0.8203
vn -0.0151 0.5775 0.8163
vn -0.0105 0.5805 0.8142
vn -0.0073 0.5830 0.8125
vn -0.0050 0.5851 0.8110
vn -0.0033 0.5870 0.8096
vn -0.0023 0.5885 0.8085
vn -0.0000 0.5826 0.8128
vn 0.0001 0.5917 0.8062
vn -0.0000 0.5924 0.8056
vn 0.0002 0.5799 0.8147
vn 0.0016 0.5773 0.8165
vn 0.0005 0.5730 0.8195
vn -0.0009 0.5540 0.8325
vn 0.0006 0.5545 0.8322
vn -0.0008 0.5281 0.8492
vn -0.0005 0.5282 0.8491
vn 0.0005 0.5008 0.8656
vn -0.0165 0.4650 0.8851
vn -0.0025 0.4660 0.8848
vn 0.0020 0.4356 0.9002
vn 0.0025 0.4351 0.9004
vn -0.0012 0.4113 0.9115
vn 0.0028 0.3971 0.9178
vn -0.0000 0.3874 0.9219
vn -0.5909 -0.8060 -0.0359
vn -0.5914 -0.8057 -0.0347
vn -0.5912 -0.8057 -0.0360
vn 0.6287 0.7676 -0.1248
vn 0.6292 0.7671 -0.1252
vn 0.6299 0.7658 -0.1297
vn -0.5896 -0.8067 -0.0413
vn -0.5883 -0.8075 -0.0433
vn -0.5870 -0.8082 -0.0470
vn 0.6305 0.7643 -0.1355
vn 0.6314 0.7632 -0.1369
vn 0.6320 0.7616 -0.1432
vn -0.5849 -0.8093 -0.0545
vn -0.5830 -0.8101 -0.0631
vn -0.5822 -0.8106 -0.0633
vn 0.6341 0.7582 -0.1518
vn 0.6349 0.7561 -0.1587
vn 0.6363 0.7538 -0.1644
vn -0.5794 -0.8118 -0.0722
vn -0.5774 -0.8127 -0.0786
vn -0.5753 -0.8136 -0.0847
vn 0.6389 0.7482 -0.1789
vn 0.6401 0.7450 -0.1878
vn 0.6415 0.7418 -0.1956
vn -0.5678 -0.8165 -0.1046
vn -0.5644 -0.8170 -0.1187
vn -0.5593 -0.8197 -0.1236
vn 0.6440 0.7351 -0.2121
vn 0.6450 0.7323 -0.2184
vn 0.6459 0.7296 -0.2247
vn -0.5519 -0.8206 -0.1486
vn -0.5478 -0.8217 -0.1575
vn -0.5424 -0.8218 -0.1748
vn 0.6478 0.7230 -0.2399
vn 0.6483 0.7203 -0.2467
vn 0.6497 0.7171 -0.2523
vn -0.5264 -0.8248 -0.2064
vn -0.5190 -0.8219 -0.2347
vn -0.5057 -0.8238 -0.2560
vn 0.6508 0.7128 -0.2615
vn 0.6508 0.7103 -0.2682
vn 0.6515 0.7083 -0.2718
vn -0.4838 -0.8217 -0.3014
vn -0.4711 -0.8189 -0.3277
vn -0.4535 -0.8182 -0.3534
vn 0.6527 0.7046 -0.2784
vn 0.6524 0.7034 -0.2821
vn 0.6534 0.7005 -0.2870
vn -0.4222 -0.8022 -0.4222
vn -0.3861 -0.7926 -0.4720
vn -0.3664 -0.7855 -0.4987
vn 0.6541 0.6965 -0.2951
vn 0.6548 0.6952 -0.2967
vn 0.6545 0.6933 -0.3016
vn -0.2766 -0.7367 -0.6170
vn -0.2358 -0.7094 -0.6641
vn -0.1702 -0.6581 -0.7334
vn 0.6559 0.6894 -0.3076
vn 0.6554 0.6868 -0.3142
vn 0.6565 0.6862 -0.3134
vn -0.0000 -0.5190 -0.8548
vn 0.0759 -0.4295 -0.8999
vn 0.1838 -0.3184 -0.9300
vn 0.6558 0.6815 -0.3248
vn 0.6568 0.6802 -0.3256
vn 0.6574 0.6782 -0.3284
vn 0.3536 -0.0763 -0.9323
vn 0.4355 0.0291 -0.8997
vn 0.4870 0.1353 -0.8628
vn 0.6574 0.6735 -0.3379
vn 0.6582 0.6724 -0.3386
vn 0.6579 0.6704 -0.3432
vn 0.5623 0.2829 -0.7770
vn 0.5930 0.3466 -0.7268
vn 0.6005 0.3920 -0.6970
vn 0.6595 0.6674 -0.3460
vn 0.6576 0.6640 -0.3559
vn 0.6591 0.6637 -0.3537
vn 0.6236 0.4601 -0.6320
vn 0.6361 0.4915 -0.5948
vn 0.6456 0.5145 -0.5643
vn 0.6591 0.6597 -0.3611
vn 0.6587 0.6577 -0.3655
vn 0.6591 0.6564 -0.3671
vn 0.6538 0.5504 -0.5192
vn 0.6516 0.5644 -0.5068
vn 0.6562 0.5797 -0.4830
vn 0.6594 0.6535 -0.3716
vn 0.6600 0.6521 -0.3729
vn 0.6601 0.6505 -0.3755
vn 0.6570 0.5954 -0.4625
vn 0.6571 0.6051 -0.4496
vn 0.6600 0.6115 -0.4364
vn 0.6598 0.6477 -0.3809
vn 0.6607 0.6473 -0.3801
vn 0.6601 0.6459 -0.3835
vn 0.6599 0.6217 -0.4219
vn 0.6599 0.6269 -0.4141
vn 0.6611 0.6296 -0.4081
vn 0.6607 0.6438 -0.3860
vn 0.6606 0.6428 -0.3877
vn 0.6609 0.6423 -0.3882
vn 0.6601 0.6345 -0.4020
vn 0.6615 0.6371 -0.3956
vn 0.6607 0.6379 -0.3957
vn 0.6610 0.6409 -0.3902
vn 0.6611 0.6403 -0.3911
vn 0.6613 0.6393 -0.3923
vn 0.6612 0.6399 -0.3916
vn 0.6613 0.6394 -0.3922
vn 0.6613 0.6396 -0.3919
vn 0.6589 0.6394 -0.3962
vn 0.6612 0.6396 -0.3921
vn 0.6612 0.6394 -0.3924
vn -0.0784 -0.5202 -0.8505
vn -0.1755 -0.6113 -0.7717
vn -0.1216 -0.5627 -0.8177
vn 0.6401 0.7141 -0.2833
vn 0.6401 0.7145 -0.2825
vn 0.6403 0.7139 -0.2836
vn -0.0423 -0.4737 -0.8797
vn 0.0222 -0.4368 -0.8993
vn 0.0588 -0.3455 -0.9366
vn 0.6403 0.7137 -0.2840
vn 0.6403 0.7104 -0.2923
vn 0.6409 0.7111 -0.2892
vn 0.1701 -0.2390 -0.9560
vn 0.2363 -0.1736 -0.9561
vn 0.2854 -0.1022 -0.9529
vn 0.6402 0.7104 -0.2924
vn 0.6419 0.7071 -0.2967
vn 0.6401 0.7074 -0.2997
vn 0.3891 0.0531 -0.9197
vn 0.4269 0.1285 -0.8951
vn 0.4521 0.1729 -0.8751
vn 0.6420 0.7054 -0.3005
vn 0.6411 0.7047 -0.3040
vn 0.6412 0.7041 -0.3051
vn 0.5189 0.2865 -0.8054
vn 0.5427 0.3478 -0.7645
vn 0.5567 0.3672 -0.7452
vn 0.6419 0.7024 -0.3077
vn 0.6413 0.7014 -0.3109
vn 0.6419 0.7014 -0.3099
vn 0.5840 0.4396 -0.6824
vn 0.5957 0.4695 -0.6517
vn 0.6019 0.4922 -0.6288
vn 0.6423 0.6989 -0.3146
vn 0.6414 0.6984 -0.3177
vn 0.6419 0.6973 -0.3188
vn 0.6172 0.5306 -0.5809
vn 0.6193 0.5437 -0.5665
vn 0.6243 0.5623 -0.5423
vn 0.6413 0.6969 -0.3209
vn 0.6423 0.6960 -0.3209
vn 0.6420 0.6949 -0.3240
vn 0.6292 0.5843 -0.5126
vn 0.6313 0.5919 -0.5011
vn 0.6321 0.6067 -0.4820
vn 0.6420 0.6940 -0.3258
vn 0.6423 0.6933 -0.3267
vn 0.6423 0.6930 -0.3274
vn 0.6388 0.6182 -0.4579
vn 0.6375 0.6283 -0.4460
vn 0.6399 0.6348 -0.4330
vn 0.6430 0.6915 -0.3292
vn 0.6420 0.6911 -0.3320
vn 0.6431 0.6907 -0.3306
vn 0.6403 0.6455 -0.4164
vn 0.6398 0.6460 -0.4164
vn 0.6423 0.6544 -0.3990
vn 0.6426 0.6895 -0.3341
vn 0.6428 0.6884 -0.3360
vn 0.6427 0.6886 -0.3359
vn 0.6391 0.6593 -0.3960
vn 0.6425 0.6627 -0.3847
vn 0.6417 0.6660 -0.3804
vn 0.6428 0.6874 -0.3380
vn 0.6428 0.6873 -0.3384
vn 0.6426 0.6866 -0.3400
vn 0.6431 0.6717 -0.3677
vn 0.6434 0.6744 -0.3622
vn 0.6424 0.6752 -0.3626
vn 0.6427 0.6861 -0.3410
vn 0.6431 0.6858 -0.3407
vn 0.6429 0.6854 -0.3419
vn 0.6430 0.6788 -0.3547
vn 0.6429 0.6800 -0.3525
vn 0.6432 0.6819 -0.3483
vn 0.6431 0.6850 -0.3424
vn 0.6432 0.6848 -0.3424
vn 0.6432 0.6846 -0.3428
vn 0.6431 0.6830 -0.3463
vn 0.6430 0.6834 -0.3458
vn 0.6434 0.6843 -0.3433
vn 0.6433 0.6845 -0.3429
vn 0.6434 0.6845 -0.3429
vn 0.6434 0.6845 -0.3427
vn 0.6435 0.6843 -0.3430
vn 0.6435 0.6841 -0.3434
vn 0.6435 0.6835 -0.3446
vn 0.6435 0.6846 -0.3423
vn 0.6436 0.6847 -0.3420
vn 0.6435 0.6849 -0.3417
vn 0.6438 0.6830 -0.3450
vn 0.6433 0.6805 -0.3507
vn 0.6439 0.6795 -0.3518
vn 0.6437 0.6854 -0.3405
vn 0.6436 0.6857 -0.3400
vn 0.6438 0.6862 -0.3386
vn 0.6438 0.6751 -0.3602
vn 0.6447 0.6745 -0.3598
vn 0.6433 0.6712 -0.3683
vn 0.6439 0.6869 -0.3369
vn 0.6438 0.6870 -0.3370
vn 0.6443 0.6878 -0.3344
vn 0.6424 0.6639 -0.3829
vn 0.6430 0.6617 -0.3856
vn 0.6446 0.6597 -0.3864
vn 0.6438 0.6884 -0.3341
vn 0.6439 0.6893 -0.3322
vn 0.6442 0.6905 -0.3291
vn 0.6403 0.6461 -0.4154
vn 0.6425 0.6417 -0.4189
vn 0.6450 0.6344 -0.4261
vn 0.6445 0.6915 -0.3263
vn 0.6441 0.6925 -0.3249
vn 0.6438 0.6927 -0.3249
vn 0.6374 0.6149 -0.4644
vn 0.6380 0.6097 -0.4703
vn 0.6356 0.5911 -0.4966
vn 0.6444 0.6949 -0.3192
vn 0.6439 0.6961 -0.3176
vn 0.6442 0.6960 -0.3173
vn 0.6278 0.5603 -0.5403
vn 0.6219 0.5435 -0.5638
vn 0.6162 0.5117 -0.5987
vn 0.6444 0.6982 -0.3120
vn 0.6440 0.6993 -0.3103
vn 0.6442 0.7009 -0.3061
vn 0.5906 0.4422 -0.6750
vn 0.5764 0.3953 -0.7151
vn 0.5417 0.3426 -0.7676
vn 0.6434 0.7034 -0.3019
vn 0.6442 0.7041 -0.2987
vn 0.6442 0.7047 -0.2973
vn 0.4673 0.1720 -0.8672
vn 0.4022 0.0688 -0.9130
vn 0.3171 -0.0531 -0.9469
vn 0.6439 0.7089 -0.2879
vn 0.6444 0.7092 -0.2861
vn 0.6434 0.7102 -0.2856
vn 0.1252 -0.3208 -0.9388
vn 0.0159 -0.4408 -0.8974
vn -0.0884 -0.5359 -0.8396
vn 0.6435 0.7134 -0.2776
vn 0.6436 0.7148 -0.2736
vn 0.6429 0.7164 -0.2712
vn -0.2413 -0.6745 -0.6977
vn -0.3010 -0.7161 -0.6297
vn -0.3427 -0.7600 -0.5523
vn 0.6427 0.7189 -0.2648
vn 0.6429 0.7197 -0.2620
vn 0.6422 0.7218 -0.2581
vn -0.4052 -0.7806 -0.4758
vn -0.4338 -0.7883 -0.4362
vn -0.4568 -0.8064 -0.3756
vn 0.6428 0.7236 -0.2512
vn 0.6419 0.7253 -0.2490
vn 0.6416 0.7258 -0.2482
vn -0.4902 -0.8152 -0.3085
vn -0.4961 -0.8157 -0.2974
vn -0.5065 -0.8144 -0.2833
vn 0.6416 0.7291 -0.2384
vn 0.6407 0.7305 -0.2362
vn 0.6407 0.7320 -0.2318
vn -0.5228 -0.8181 -0.2395
vn -0.5280 -0.8145 -0.2404
vn -0.5334 -0.8213 -0.2026
vn 0.6407 0.7343 -0.2241
vn 0.6400 0.7353 -0.2230
vn 0.6400 0.7365 -0.2189
vn -0.5433 -0.8195 -0.1821
vn -0.5451 -0.8179 -0.1843
vn -0.5490 -0.8183 -0.1705
vn 0.6394 0.7393 -0.2112
vn 0.6386 0.7404 -0.2099
vn 0.6380 0.7413 -0.2087
vn -0.5548 -0.8160 -0.1623
vn -0.5606 -0.8178 -0.1301
vn -0.5588 -0.8170 -0.1421
vn 0.6379 0.7441 -0.1984
vn 0.6370 0.7452 -0.1970
vn 0.6373 0.7460 -0.1932
vn -0.5644 -0.8164 -0.1226
vn -0.5664 -0.8160 -0.1153
vn -0.5690 -0.8150 -0.1101
vn 0.6361 0.7490 -0.1855
vn 0.6361 0.7503 -0.1803
vn 0.6351 0.7519 -0.1768
vn -0.5719 -0.8141 -0.1007
vn -0.5729 -0.8131 -0.1029
vn -0.5742 -0.8135 -0.0923
vn 0.6340 0.7541 -0.1711
vn 0.6343 0.7547 -0.1672
vn 0.6339 0.7560 -0.1632
vn -0.5780 -0.8114 -0.0874
vn -0.5765 -0.8131 -0.0806
vn -0.5787 -0.8118 -0.0780
vn 0.6333 0.7576 -0.1583
vn 0.6324 0.7591 -0.1541
vn 0.6326 0.7592 -0.1535
vn -0.5813 -0.8111 -0.0646
vn -0.5812 -0.8106 -0.0714
vn -0.5832 -0.8098 -0.0637
vn 0.6314 0.7615 -0.1468
vn 0.6313 0.7623 -0.1428
vn 0.6297 0.7638 -0.1420
vn -0.5837 -0.8095 -0.0625
vn -0.5852 -0.8091 -0.0537
vn -0.5857 -0.8087 -0.0535
vn 0.6297 0.7654 -0.1328
vn 0.6291 0.7653 -0.1362
vn 0.6296 0.7660 -0.1298
vn -0.5871 -0.8078 -0.0518
vn -0.5874 -0.8081 -0.0450
vn -0.5884 -0.8074 -0.0446
vn 0.6222 0.7772 -0.0942
vn 0.6225 0.7764 -0.0986
vn 0.6232 0.7759 -0.0978
vn -0.5888 -0.8071 -0.0432
vn -0.5892 -0.8069 -0.0421
vn -0.5894 -0.8068 -0.0410
vn 0.6240 0.7748 -0.1018
vn 0.6243 0.7744 -0.1029
vn 0.6248 0.7736 -0.1058
vn -0.5901 -0.8064 -0.0386
vn -0.5895 -0.8066 -0.0425
vn -0.5901 -0.8065 -0.0364
vn 0.6262 0.7716 -0.1121
vn 0.6271 0.7701 -0.1171
vn 0.6278 0.7690 -0.1206
vn -0.5908 -0.8060 -0.0346
vn 0.6400 0.6858 -0.3464
vn 0.6408 0.6826 -0.3514
vn 0.6402 0.6868 -0.3441
vn 0.6385 0.6865 -0.3478
vn 0.6417 0.6890 -0.3368
vn 0.6387 0.6870 -0.3465
vn 0.6377 0.6859 -0.3505
vn 0.6413 0.6860 -0.3436
vn 0.6401 0.6864 -0.3451
vn 0.6407 0.6885 -0.3397
vn 0.6406 0.6892 -0.3385
vn 0.6397 0.6936 -0.3311
vn 0.6415 0.6887 -0.3380
vn 0.6399 0.6856 -0.3471
vn 0.6395 0.6884 -0.3423
vn 0.6404 0.6914 -0.3344
vn 0.6409 0.6910 -0.3342
vn 0.6397 0.6930 -0.3324
vn 0.6407 0.6896 -0.3377
vn 0.6403 0.6894 -0.3388
vn 0.6398 0.6895 -0.3394
vn 0.6415 0.6922 -0.3307
vn 0.6412 0.6956 -0.3241
vn 0.6381 0.6973 -0.3265
vn 0.6393 0.6918 -0.3358
vn 0.6400 0.6900 -0.3382
vn 0.6409 0.6912 -0.3339
vn 0.6411 0.6950 -0.3255
vn 0.6404 0.6939 -0.3291
vn 0.6385 0.6994 -0.3211
vn 0.6399 0.6921 -0.3340
vn 0.6403 0.6915 -0.3345
vn 0.6402 0.6918 -0.3339
vn 0.6393 0.6998 -0.3188
vn 0.6396 0.6980 -0.3221
vn 0.6435 0.6990 -0.3119
vn 0.6402 0.6920 -0.3336
vn 0.6405 0.6920 -0.3330
vn 0.6403 0.6922 -0.3331
vn 0.6379 0.7016 -0.3174
vn 0.6397 0.7077 -0.2997
vn 0.6378 0.7297 -0.2464
vn 0.6333 0.7459 -0.2065
vn 0.6350 0.7441 -0.2075
vn 0.6405 0.6915 -0.3341
vn 0.6407 0.6911 -0.3344
vn 0.6404 0.6917 -0.3338
vn 0.6348 0.7450 -0.2051
vn 0.6350 0.7427 -0.2127
vn 0.6350 0.7435 -0.2098
vn 0.6403 0.6921 -0.3332
vn 0.6397 0.6902 -0.3382
vn 0.6417 0.6889 -0.3371
vn 0.6357 0.7414 -0.2149
vn 0.6339 0.7419 -0.2187
vn 0.6347 0.7419 -0.2162
vn 0.6420 0.6898 -0.3347
vn 0.6406 0.6864 -0.3441
vn 0.6390 0.6879 -0.3443
vn 0.6357 0.7405 -0.2179
vn 0.6358 0.7403 -0.2184
vn 0.6359 0.7400 -0.2194
vn 0.6420 0.6862 -0.3421
vn 0.6404 0.6872 -0.3430
vn 0.6386 0.6839 -0.3528
vn 0.6371 0.7383 -0.2211
vn 0.6352 0.7388 -0.2250
vn 0.6348 0.7397 -0.2234
vn 0.6420 0.6820 -0.3503
vn 0.6396 0.6836 -0.3515
vn 0.6410 0.6785 -0.3590
vn 0.6359 0.7370 -0.2290
vn 0.6362 0.7387 -0.2227
vn 0.6360 0.7375 -0.2272
vn 0.6388 0.6812 -0.3577
vn 0.6420 0.6746 -0.3644
vn 0.6395 0.6735 -0.3707
vn 0.6364 0.7365 -0.2292
vn 0.6365 0.7363 -0.2297
vn 0.6369 0.7355 -0.2313
vn 0.6399 0.6725 -0.3719
vn 0.6393 0.6691 -0.3790
vn 0.6405 0.6687 -0.3778
vn 0.6352 0.7366 -0.2322
vn 0.6386 0.7342 -0.2306
vn 0.6360 0.7340 -0.2383
vn 0.6398 0.6626 -0.3893
vn 0.6389 0.6611 -0.3935
vn 0.6357 0.6561 -0.4068
vn 0.6362 0.7331 -0.2405
vn 0.6377 0.7338 -0.2342
vn 0.6384 0.7329 -0.2352
vn 0.6393 0.6491 -0.4123
vn 0.6395 0.6468 -0.4154
vn 0.6345 0.6392 -0.4346
vn 0.6377 0.7316 -0.2412
vn 0.6383 0.7307 -0.2422
vn 0.6372 0.7314 -0.2431
vn 0.6343 0.6284 -0.4502
vn 0.6418 0.6247 -0.4448
vn 0.6323 0.6288 -0.4527
vn 0.6382 0.7309 -0.2420
vn 0.6388 0.7300 -0.2430
vn 0.6378 0.7292 -0.2478
vn 0.6311 0.5976 -0.4946
vn 0.6224 0.5936 -0.5102
vn 0.6281 0.6048 -0.4897
vn 0.6378 0.7285 -0.2500
vn 0.6387 0.7273 -0.2513
vn 0.6385 0.7270 -0.2527
vn 0.6246 0.5694 -0.5345
vn 0.6148 0.5476 -0.5675
vn 0.6092 0.5367 -0.5838
vn 0.6374 0.7257 -0.2589
vn 0.6390 0.7252 -0.2564
vn 0.6398 0.7270 -0.2494
vn 0.6043 0.5075 -0.6143
vn 0.5925 0.4730 -0.6521
vn 0.5938 0.4347 -0.6771
vn 0.6393 0.7236 -0.2604
vn 0.6392 0.7233 -0.2614
vn 0.6389 0.7231 -0.2626
vn 0.5485 0.3863 -0.7416
vn 0.5354 0.3432 -0.7717
vn 0.5208 0.2939 -0.8015
vn 0.6390 0.7219 -0.2655
vn 0.6389 0.7207 -0.2690
vn 0.6402 0.7197 -0.2685
vn 0.4562 0.2070 -0.8655
vn 0.4107 0.1210 -0.9037
vn 0.3846 0.0675 -0.9206
vn 0.6394 0.7188 -0.2729
vn 0.6400 0.7194 -0.2699
vn 0.6396 0.7176 -0.2756
vn 0.2549 -0.1199 -0.9595
vn 0.1916 -0.2374 -0.9523
vn 0.1264 -0.3153 -0.9405
vn 0.6402 0.7159 -0.2785
vn 0.6401 0.7156 -0.2797
vn 0.6401 0.6942 -0.3293
vn 0.6409 0.6904 -0.3356
vn 0.6420 0.6934 -0.3271
vn 0.6396 0.6835 -0.3518
vn 0.6390 0.6844 -0.3512
vn 0.6403 0.6842 -0.3491
vn 0.6396 0.6921 -0.3345
vn 0.6402 0.6939 -0.3296
vn 0.6403 0.6925 -0.3324
vn 0.6401 0.6821 -0.3535
vn 0.6409 0.6845 -0.3475
vn 0.6400 0.6802 -0.3574
vn 0.6393 0.6929 -0.3334
vn 0.6407 0.6919 -0.3329
vn 0.6390 0.6935 -0.3328
vn 0.6413 0.6824 -0.3508
vn 0.6391 0.6803 -0.3588
vn 0.6394 0.6844 -0.3504
vn 0.6416 0.6920 -0.3309
vn 0.6402 0.6916 -0.3343
vn 0.6394 0.6918 -0.3355
vn 0.6401 0.6816 -0.3547
vn 0.6421 0.6802 -0.3537
vn 0.6380 0.6832 -0.3553
vn 0.6404 0.6916 -0.3339
vn 0.6399 0.6920 -0.3342
vn 0.6402 0.6922 -0.3332
vn 0.6405 0.6811 -0.3548
vn 0.6396 0.6822 -0.3543
vn 0.6405 0.6859 -0.3455
vn 0.6401 0.6924 -0.3329
vn 0.6402 0.6922 -0.3331
vn 0.6397 0.6943 -0.3296
vn 0.6395 0.6775 -0.3634
vn 0.6390 0.6736 -0.3714
vn 0.6392 0.6804 -0.3584
vn 0.6403 0.6923 -0.3328
vn 0.6398 0.6917 -0.3350
vn 0.6395 0.6934 -0.3320
vn 0.6396 0.6816 -0.3554
vn 0.6405 0.6820 -0.3530
vn 0.6409 0.6825 -0.3512
vn 0.6409 0.6920 -0.3323
vn 0.6387 0.6927 -0.3349
vn 0.6400 0.6909 -0.3363
vn 0.6406 0.6848 -0.3474
vn 0.6395 0.6829 -0.3530
vn 0.6406 0.6835 -0.3500
vn 0.6405 0.6904 -0.3364
vn 0.6410 0.6923 -0.3314
vn 0.6397 0.6881 -0.3424
vn 0.6396 0.6844 -0.3500
vn 0.6403 0.6839 -0.3497
vn 0.6392 0.6853 -0.3489
vn 0.6403 0.6892 -0.3390
vn 0.6394 0.6917 -0.3356
vn 0.6413 0.6901 -0.3354
vn 0.6416 0.6848 -0.3455
vn 0.6398 0.6824 -0.3536
vn 0.6402 0.6883 -0.3411
vn 0.6388 0.6881 -0.3441
vn 0.6392 0.6944 -0.3305
vn 0.6406 0.6834 -0.3501
vn 0.6403 0.6858 -0.3460
vn 0.6397 0.6869 -0.3450
vn 0.6409 0.6859 -0.3445
vn 0.6403 0.6847 -0.3480
vn 0.6403 0.6950 -0.3270
vn 0.6406 0.6933 -0.3300
vn 0.6402 0.6930 -0.3316
vn 0.6403 0.6885 -0.3405
vn 0.6384 0.6884 -0.3442
vn 0.6411 0.6870 -0.3422
vn 0.6399 0.6926 -0.3328
vn 0.6402 0.6919 -0.3340
vn 0.6406 0.6925 -0.3318
vn 0.6402 0.6895 -0.3387
vn 0.6406 0.6844 -0.3482
vn 0.6388 0.6893 -0.3417
vn 0.6401 0.6925 -0.3328
vn 0.6403 0.6924 -0.3326
vn 0.6403 0.6923 -0.3329
vn 0.6393 0.6896 -0.3404
vn 0.6404 0.6842 -0.3490
vn 0.6403 0.6881 -0.3413
vn 0.6403 0.6920 -0.3335
vn 0.6404 0.6924 -0.3324
vn 0.6397 0.6929 -0.3327
vn 0.6404 0.6864 -0.3446
vn 0.6396 0.6860 -0.3470
vn 0.6387 0.6866 -0.3473
vn 0.6401 0.6927 -0.3322
vn 0.6401 0.6926 -0.3324
vn 0.6400 0.6925 -0.3328
vn 0.6393 0.6846 -0.3502
vn 0.6396 0.6865 -0.3459
vn 0.6405 0.6853 -0.3466
vn 0.6396 0.6925 -0.3338
vn 0.6412 0.6930 -0.3297
vn 0.6387 0.6934 -0.3335
vn 0.6413 0.6826 -0.3503
vn 0.6396 0.6860 -0.3468
vn 0.6386 0.6858 -0.3492
vn 0.6410 0.6930 -0.3299
vn 0.6397 0.6925 -0.3334
vn 0.6412 0.6937 -0.3281
vn 0.6411 0.6824 -0.3512
vn 0.6391 0.6860 -0.3480
vn 0.6402 0.6831 -0.3514
vn 0.6404 0.6933 -0.3305
vn 0.6408 0.6914 -0.3337
vn 0.6395 0.6946 -0.3295
vn 0.6389 0.6855 -0.3492
vn 0.6401 0.6851 -0.3477
vn 0.6419 0.6812 -0.3521
vn 0.6401 0.6947 -0.3280
vn 0.6405 0.6919 -0.3333
vn 0.6405 0.6922 -0.3325
vn 0.6404 0.6916 -0.3340
vn 0.6404 0.6915 -0.3342
vn 0.6403 0.6915 -0.3343
vn 0.6406 0.6926 -0.3317
vn 0.6396 0.6939 -0.3310
vn 0.6409 0.6929 -0.3302
vn 0.6403 0.6914 -0.3346
vn 0.6403 0.6910 -0.3354
vn 0.6402 0.6913 -0.3351
vn 0.6416 0.6947 -0.3251
vn 0.6413 0.6972 -0.3203
vn 0.6396 0.6976 -0.3228
vn 0.6405 0.6907 -0.3357
vn 0.6406 0.6890 -0.3388
vn 0.6404 0.6917 -0.3337
vn 0.6404 0.6918 -0.3337
vn 0.6288 0.7669 -0.1288
vn 0.6252 0.7729 -0.1081
vn 0.6609 0.6414 -0.3896
vn 0.6606 0.6447 -0.3847
vn 0.6600 0.6496 -0.3774
vn 0.6593 0.6552 -0.3689
vn 0.6594 0.6617 -0.3569
vn 0.6578 0.6681 -0.3478
vn 0.6573 0.6760 -0.3332
vn 0.6560 0.6824 -0.3225
vn 0.6547 0.6907 -0.3070
vn 0.6543 0.6991 -0.2884
vn 0.6520 0.7066 -0.2751
vn 0.6501 0.7142 -0.2594
vn 0.6467 0.7265 -0.2323
vn 0.6426 0.7385 -0.2042
vn 0.6372 0.7514 -0.1714
vn 0.6331 0.7603 -0.1454
vn 0.6301 0.7650 -0.1337
vn 0.6280 0.7682 -0.1244
vn 0.6256 0.7721 -0.1119
vn 0.6234 0.7754 -0.1006
vn -0.5862 -0.8083 -0.0553
vn 0.6308 0.7630 -0.1411
vn -0.5828 -0.8102 -0.0631
vn 0.6318 0.7603 -0.1509
vn -0.5787 -0.8114 -0.0819
vn 0.6329 0.7568 -0.1635
vn -0.5743 -0.8137 -0.0901
vn 0.6353 0.7526 -0.1732
vn -0.5701 -0.8148 -0.1052
vn 0.6365 0.7479 -0.1887
vn -0.5644 -0.8166 -0.1211
vn 0.6386 0.7426 -0.2020
vn -0.5553 -0.8205 -0.1356
vn 0.6396 0.7380 -0.2150
vn -0.5389 -0.8197 -0.1939
vn 0.6408 0.7321 -0.2310
vn -0.5120 -0.8230 -0.2460
vn 0.6412 0.7286 -0.2409
vn -0.4670 -0.8078 -0.3597
vn 0.6424 0.7232 -0.2537
vn -0.3803 -0.7689 -0.5140
vn 0.6435 0.7173 -0.2671
vn -0.1574 -0.6154 -0.7723
vn 0.6433 0.7120 -0.2815
vn 0.2305 -0.2006 -0.9522
vn 0.6436 0.7069 -0.2935
vn 0.5229 0.2694 -0.8087
vn 0.6445 0.7018 -0.3034
vn 0.6068 0.4856 -0.6293
vn 0.6441 0.6978 -0.3135
vn 0.6320 0.5772 -0.5171
vn 0.6445 0.6938 -0.3214
vn 0.6390 0.6245 -0.4491
vn 0.6438 0.6907 -0.3293
vn 0.6418 0.6519 -0.4038
vn 0.6439 0.6886 -0.3336
vn 0.6442 0.6689 -0.3709
vn 0.6438 0.6864 -0.3384
vn 0.6433 0.6782 -0.3552
vn 0.6437 0.6853 -0.3406
vn 0.6609 0.6389 -0.3937
vn 0.6603 0.6321 -0.4056
vn 0.6601 0.6179 -0.4272
vn 0.6539 0.5864 -0.4780
vn 0.6502 0.5422 -0.5322
vn 0.6273 0.4361 -0.6452
vn 0.5229 0.2134 -0.8252
vn 0.2684 -0.1952 -0.9433
vn -0.0929 -0.5928 -0.8000
vn -0.3194 -0.7555 -0.5720
vn -0.4321 -0.8098 -0.3969
vn -0.4921 -0.8194 -0.2939
vn -0.5376 -0.8230 -0.1835
vn -0.5555 -0.8192 -0.1425
vn -0.5726 -0.8146 -0.0930
vn -0.5802 -0.8117 -0.0672
vn -0.5853 -0.8090 -0.0546
vn -0.5899 -0.8065 -0.0396
vn -0.5896 -0.8067 -0.0401
vn -0.5902 -0.8065 -0.0361
vn -0.5887 -0.8071 -0.0452
vn 0.6433 0.6824 -0.3471
vn 0.6433 0.6844 -0.3433
vn 0.6433 0.6846 -0.3429
vn 0.6431 0.6854 -0.3417
vn 0.6432 0.6866 -0.3391
vn 0.6428 0.6882 -0.3364
vn 0.6426 0.6898 -0.3336
vn 0.6423 0.6920 -0.3295
vn 0.6425 0.6945 -0.3238
vn 0.6424 0.6974 -0.3178
vn 0.6416 0.7003 -0.3131
vn 0.6410 0.7027 -0.3086
vn 0.6410 0.7059 -0.3015
vn 0.6414 0.7090 -0.2933
vn 0.6416 0.7118 -0.2857
vn 0.6394 0.7164 -0.2792
vn 0.3205 -0.0382 -0.9465
vn 0.6398 0.7197 -0.2697
vn 0.5015 0.2451 -0.8297
vn 0.6403 0.7210 -0.2648
vn 0.5719 0.4429 -0.6905
vn 0.6383 0.7236 -0.2627
vn 0.6110 0.5218 -0.5954
vn 0.6385 0.7265 -0.2540
vn 0.6306 0.5578 -0.5396
vn 0.6384 0.7283 -0.2492
vn 0.6310 0.6063 -0.4840
vn 0.6376 0.7292 -0.2484
vn 0.6391 0.6370 -0.4310
vn 0.6361 0.7334 -0.2399
vn 0.6386 0.6549 -0.4042
vn 0.6363 0.7358 -0.2317
vn 0.6403 0.6606 -0.3920
vn 0.6366 0.7355 -0.2319
vn 0.6400 0.6747 -0.3676
vn 0.6366 0.7367 -0.2281
vn 0.6403 0.6795 -0.3582
vn 0.6363 0.7391 -0.2212
vn 0.6415 0.6839 -0.3475
vn 0.6347 0.7408 -0.2196
vn 0.6414 0.6870 -0.3415
vn 0.6356 0.7409 -0.2169
vn 0.6392 0.6908 -0.3380
vn 0.6359 0.7423 -0.2111
vn 0.6404 0.6904 -0.3364
vn 0.6352 0.7428 -0.2117
vn 0.6395 0.7043 -0.3083
vn 0.6434 0.6827 -0.3464
vn 0.6428 0.6978 -0.3162
vn 0.6435 0.6773 -0.3566
vn 0.6412 0.6945 -0.3265
vn 0.6427 0.6694 -0.3725
vn 0.6379 0.6933 -0.3354
vn 0.6426 0.6574 -0.3936
vn 0.6411 0.6870 -0.3421
vn 0.6364 0.6385 -0.4328
vn 0.6410 0.6878 -0.3408
vn 0.6351 0.6140 -0.4687
vn 0.6414 0.6856 -0.3443
vn 0.6274 0.5726 -0.5278
vn 0.6391 0.6854 -0.3489
vn 0.6105 0.5116 -0.6046
vn 0.6395 0.6851 -0.3488
vn 0.5607 0.4072 -0.7209
vn 0.6404 0.6831 -0.3510
vn 0.4810 0.2346 -0.8447
vn 0.6386 0.6836 -0.3534
vn 0.3280 -0.0175 -0.9445
vn 0.6396 0.6827 -0.3533
vn 0.1178 -0.3140 -0.9421
vn 0.6395 0.6876 -0.3438
vn -0.0823 -0.5103 -0.8560
vn 0.6393 0.6811 -0.3569
vn 0.6399 0.6812 -0.3557
vn 0.6398 0.6854 -0.3477
vn 0.6384 0.6821 -0.3567
vn 0.6402 0.6820 -0.3536
vn 0.6408 0.6837 -0.3492
vn 0.6410 0.6840 -0.3483
vn 0.6398 0.6848 -0.3489
vn 0.6404 0.6859 -0.3456
vn 0.6399 0.6857 -0.3469
vn 0.6425 0.6830 -0.3474
vn 0.6391 0.6860 -0.3478
vn 0.6404 0.6903 -0.3366
vn 0.6401 0.6955 -0.3264
vn 0.6404 0.6913 -0.3346
vn 0.6404 0.6925 -0.3321
vn 0.6403 0.6922 -0.3330
vn 0.6405 0.6917 -0.3338
vn 0.6404 0.6918 -0.3338
vn 0.6409 0.6907 -0.3349
vn 0.6416 0.6896 -0.3359
vn 0.6399 0.6884 -0.3415
vn 0.6406 0.6876 -0.3419
vn 0.6397 0.6828 -0.3529
vn 0.6400 0.6895 -0.3391
vn 0.6410 0.6895 -0.3372
vn 0.6394 0.6921 -0.3349
vn 0.6396 0.6914 -0.3359
vn 0.6407 0.6904 -0.3358
vn 0.6400 0.6949 -0.3278
vn 0.6400 0.6922 -0.3335
vn 0.6399 0.6930 -0.3321
vn 0.6399 0.6922 -0.3338
vn 0.6404 0.6943 -0.3284
vn 0.6408 0.6926 -0.3312
vn 0.6392 0.6948 -0.3297
vn 0.6405 0.6923 -0.3324
vn 0.6403 0.6926 -0.3321
vn 0.6406 0.6919 -0.3329
vn 0.6401 0.6919 -0.3341
vn 0.6398 0.6934 -0.3315
vn 0.8456 0.0768 -0.5282
vn 0.8553 0.0889 -0.5105
vn 0.8682 0.0994 -0.4861
vn 0.9483 0.2885 -0.1322
vn 0.9497 0.2903 -0.1173
vn 0.9492 0.3093 -0.0583
vn 0.9131 0.1517 -0.3786
vn 0.9459 0.2041 -0.2521
vn 0.9597 0.2326 -0.1575
vn 0.9331 0.3430 0.1078
vn 0.9648 0.2399 -0.1075
vn 0.9295 0.3298 -0.1652
vn 0.9296 0.2673 -0.2539
vn 0.8886 0.1448 -0.4353
vn 0.9435 0.3118 -0.1122
vn 0.9470 0.2937 -0.1297
vn 0.9294 0.3311 -0.1631
vn 0.9294 0.3320 -0.1613
vn 0.8642 0.4538 0.2174
vn 0.8139 0.4800 0.3274
vn 0.9003 0.3893 0.1945
vn 0.8252 0.4340 0.3615
vn 0.8874 0.1208 -0.4450
vn 0.9863 -0.0695 -0.1499
vn 0.9870 -0.0731 -0.1433
vn 0.9884 -0.0814 -0.1281
vn -0.9589 0.0048 0.2836
vn -0.9399 -0.0273 0.3404
vn -0.7168 -0.2170 0.6626
vn 0.9904 -0.1009 -0.0948
vn 0.9907 -0.1094 -0.0805
vn 0.9907 -0.1167 -0.0696
vn 0.9903 -0.1343 -0.0363
vn 0.9906 -0.1207 -0.0649
vn 0.9936 -0.1059 -0.0404
vn 0.9932 -0.1033 -0.0528
vn 0.9927 -0.0982 -0.0706
vn 0.8286 -0.3000 0.4727
vn -0.7721 -0.1567 0.6159
vn -0.9277 -0.0358 0.3715
vn 0.9897 -0.0824 -0.1168
vn 0.9879 -0.0789 -0.1332
vn 0.9884 -0.0754 -0.1319
vn -0.9469 -0.0204 0.3207
vn -0.9479 -0.0000 0.3184
vn -0.9471 -0.0190 0.3204
vn 0.9880 -0.0736 -0.1359
vn 0.9877 -0.0739 -0.1380
vn 0.9869 -0.0719 -0.1447
vn -0.9539 -0.0027 0.3000
vn -0.9614 0.0088 0.2751
vn 0.9906 -0.1205 -0.0648
vn 0.9906 -0.1205 -0.0651
vn 0.9906 -0.1207 -0.0650
vn 0.9892 -0.1407 0.0422
vn 0.9916 -0.0912 -0.0915
vn -0.9451 -0.0171 0.3263
vn 0.9882 -0.0764 -0.1329
vn -0.9506 -0.0057 0.3102
vn -0.9646 0.0148 0.2632
vn 0.9896 -0.0914 -0.1109
vn 0.9664 -0.2167 0.1385
vn 0.4070 0.3298 -0.8518
vn 0.2564 0.3714 -0.8924
vn 0.0807 0.4194 -0.9042
vn 0.0008 0.4544 -0.8908
vn -0.0004 -0.4102 -0.9120
vn 0.0003 -0.4122 -0.9111
vn 0.6017 0.7987 -0.0060
vn 0.0058 -0.4273 -0.9041
vn -0.0350 -0.4689 -0.8825
vn -0.0540 -0.4845 -0.8731
vn -0.0008 -0.4470 -0.8945
vn 0.0021 -0.4416 -0.8972
vn 0.0788 -0.3516 -0.9328
vn -0.0108 -0.4477 -0.8941
vn 0.0017 -0.4312 -0.9023
vn 0.3378 0.7570 0.5594
vn 0.6182 0.7730 -0.1424
vn 0.0009 -0.4516 -0.8922
vn -0.0023 -0.4588 -0.8885
vn -0.0604 -0.5520 -0.8317
vn -0.1279 -0.6162 -0.7772
vn -0.0052 -0.4416 -0.8972
vn 0.0109 -0.4588 -0.8885
vn 0.9533 0.2738 -0.1273
vn 0.9531 0.2756 -0.1249
vn 0.9532 0.2756 -0.1241
vn 0.9533 0.2750 -0.1246
vn 0.9533 0.2751 -0.1243
vn 0.9534 0.2753 -0.1239
vn 0.9534 0.2735 -0.1271
vn 0.9532 0.2726 -0.1308
vn 0.9536 0.2686 -0.1356
vn 0.9534 0.2757 -0.1224
vn 0.9534 0.2763 -0.1214
vn 0.9535 0.2765 -0.1200
vn 0.9536 0.2596 -0.1525
vn 0.9523 0.2574 -0.1636
vn 0.9512 0.2443 -0.1884
vn 0.9535 0.2783 -0.1161
vn 0.9535 0.2787 -0.1144
vn 0.9534 0.2798 -0.1127
vn 0.9440 0.2218 -0.2444
vn 0.9353 0.1916 -0.2974
vn 0.9198 0.1400 -0.3665
vn 0.9536 0.2806 -0.1091
vn 0.9533 0.2823 -0.1070
vn 0.9535 0.2824 -0.1056
vn 0.7343 -0.0671 -0.6755
vn 0.2704 -0.2953 -0.9163
vn -0.3906 -0.4964 -0.7752
vn 0.9533 0.2843 -0.1022
vn 0.9534 0.2842 -0.1010
vn 0.9531 0.2860 -0.0985
vn -0.8174 -0.4476 -0.3625
vn -0.8631 -0.4202 -0.2800
vn -0.8854 -0.4126 -0.2141
vn 0.9530 0.2876 -0.0953
vn 0.9533 0.2870 -0.0941
vn 0.9528 0.2893 -0.0918
vn -0.9100 -0.3854 -0.1531
vn -0.9156 -0.3810 -0.1285
vn -0.9203 -0.3730 -0.1178
vn 0.9530 0.2900 -0.0878
vn 0.9529 0.2906 -0.0869
vn 0.9526 0.2924 -0.0841
vn -0.9243 -0.3692 -0.0964
vn -0.9274 -0.3630 -0.0902
vn -0.9277 -0.3640 -0.0825
vn 0.9523 0.2944 -0.0805
vn 0.9523 0.2949 -0.0790
vn 0.9525 0.2944 -0.0783
vn -0.6311 -0.5048 -0.5890
vn -0.3503 -0.5002 -0.7919
vn 0.1606 -0.3475 -0.9238
vn 0.9521 0.2963 -0.0752
vn 0.9518 0.2976 -0.0737
vn 0.9523 0.2964 -0.0721
vn 0.8001 0.0303 -0.5991
vn 0.8710 0.0791 -0.4849
vn 0.9080 0.1179 -0.4020
vn 0.9517 0.2990 -0.0705
vn 0.9520 0.2979 -0.0703
vn 0.9520 0.2985 -0.0677
vn 0.9387 0.1861 -0.2903
vn 0.9426 0.1992 -0.2681
vn 0.9451 0.2214 -0.2403
vn 0.9518 0.2996 -0.0662
vn 0.9513 0.3017 -0.0633
vn 0.9506 0.2330 -0.2052
vn 0.9516 0.2417 -0.1899
vn 0.9526 0.2452 -0.1800
vn 0.9515 0.3015 -0.0612
vn 0.9515 0.3016 -0.0607
vn 0.9516 0.3017 -0.0593
vn 0.9539 0.2508 -0.1650
vn 0.9538 0.2559 -0.1573
vn 0.9534 0.2598 -0.1535
vn 0.9507 0.3047 -0.0576
vn 0.9512 0.3035 -0.0565
vn 0.9513 0.3025 -0.0595
vn 0.9508 0.3027 -0.0659
vn 0.9537 0.2930 -0.0674
vn 0.9536 0.2657 -0.1416
vn 0.9544 0.2646 -0.1384
vn 0.9536 0.2690 -0.1355
vn 0.9540 0.2907 -0.0727
vn 0.9525 0.2959 -0.0721
vn 0.9506 0.3011 -0.0753
vn 0.9541 0.2686 -0.1324
vn 0.9542 0.2686 -0.1319
vn 0.9541 0.2695 -0.1307
vn 0.9517 0.2972 -0.0774
vn 0.9534 0.2908 -0.0801
vn 0.9517 0.2954 -0.0836
vn 0.9542 0.2699 -0.1292
vn 0.9542 0.2699 -0.1291
vn 0.9542 0.2698 -0.1290
vn 0.9536 0.2881 -0.0871
vn 0.9534 0.2885 -0.0878
vn 0.9548 0.2837 -0.0883
vn 0.9543 0.2692 -0.1296
vn 0.9542 0.2693 -0.1301
vn 0.9542 0.2697 -0.1296
vn 0.9542 0.2698 -0.1295
vn 0.9548 0.2819 -0.0944
vn 0.9536 0.2813 -0.1070
vn 0.9531 0.2869 -0.0967
vn 0.9543 0.2698 -0.1288
vn 0.9542 0.2695 -0.1296
vn 0.9542 0.2671 -0.1348
vn 0.9542 0.2748 -0.1186
vn 0.9543 0.2711 -0.1260
vn 0.9541 0.2686 -0.1321
vn 0.9545 0.2713 -0.1241
vn 0.9543 0.2727 -0.1222
vn 0.9542 0.2724 -0.1234
vn 0.9543 0.2679 -0.1326
vn 0.9543 0.2701 -0.1278
vn 0.9540 0.2728 -0.1243
vn 0.9543 0.2701 -0.1281
vn 0.9543 0.2695 -0.1294
vn 0.9543 0.2696 -0.1293
vn 0.9545 0.2753 -0.1142
vn 0.9538 0.2780 -0.1139
vn 0.9541 0.2774 -0.1130
vn 0.9542 0.2702 -0.1284
vn 0.9542 0.2696 -0.1295
vn 0.9542 0.2698 -0.1293
vn 0.9548 0.2762 -0.1100
vn 0.9528 0.2824 -0.1110
vn 0.9558 0.2736 -0.1081
vn 0.9542 0.2696 -0.1294
vn 0.9542 0.2696 -0.1293
vn 0.9542 0.2700 -0.1293
vn 0.9527 0.2829 -0.1111
vn 0.9552 0.2741 -0.1117
vn 0.9516 0.2866 -0.1113
vn 0.9542 0.2698 -0.1291
vn 0.9542 0.2697 -0.1295
vn 0.9542 0.2696 -0.1296
vn 0.9543 0.2694 -0.1296
vn 0.9531 0.2812 -0.1118
vn 0.9539 0.2778 -0.1135
vn 0.9547 0.2751 -0.1138
vn 0.9542 0.2699 -0.1294
vn 0.9543 0.2693 -0.1294
vn 0.9546 0.2759 -0.1124
vn 0.9537 0.2792 -0.1123
vn 0.9537 0.2796 -0.1108
vn 0.9544 0.2691 -0.1293
vn 0.9541 0.2698 -0.1298
vn 0.9551 0.2739 -0.1130
vn 0.9541 0.2775 -0.1130
vn 0.9539 0.2774 -0.1147
vn 0.9546 0.2678 -0.1304
vn 0.9542 0.2695 -0.1298
vn 0.9540 0.2703 -0.1295
vn 0.9537 0.2785 -0.1135
vn 0.9553 0.2723 -0.1155
vn 0.9536 0.2792 -0.1129
vn 0.9537 0.2714 -0.1294
vn 0.9546 0.2678 -0.1302
vn 0.9547 0.2675 -0.1305
vn 0.9541 0.2768 -0.1142
vn 0.9536 0.2772 -0.1178
vn 0.9548 0.2745 -0.1138
vn 0.9546 0.2683 -0.1294
vn 0.9545 0.2674 -0.1317
vn 0.9545 0.2674 -0.1320
vn 0.9551 0.2721 -0.1169
vn 0.9540 0.2756 -0.1177
vn 0.9542 0.2765 -0.1146
vn 0.9547 0.2673 -0.1305
vn 0.9543 0.2688 -0.1308
vn 0.9551 0.2633 -0.1358
vn 0.9535 0.2772 -0.1184
vn 0.9546 0.2745 -0.1161
vn 0.9542 0.2748 -0.1180
vn 0.9544 0.2664 -0.1348
vn 0.9545 0.2652 -0.1362
vn 0.9543 0.2679 -0.1327
vn 0.9551 0.2727 -0.1160
vn 0.9536 0.2763 -0.1195
vn 0.9535 0.2770 -0.1190
vn 0.9539 0.2671 -0.1368
vn 0.9534 0.2682 -0.1385
vn 0.9559 0.2630 -0.1311
vn 0.9545 0.2744 -0.1167
vn 0.9543 0.2734 -0.1206
vn 0.9541 0.2736 -0.1216
vn 0.9523 0.2689 -0.1441
vn 0.9540 0.2619 -0.1459
vn 0.9545 0.2619 -0.1428
vn 0.9540 0.2745 -0.1202
vn 0.9542 0.2734 -0.1214
vn 0.9541 0.2739 -0.1207
vn 0.9552 0.2574 -0.1460
vn 0.9536 0.2665 -0.1399
vn 0.9548 0.2614 -0.1415
vn 0.9542 0.2731 -0.1221
vn 0.9540 0.2735 -0.1232
vn 0.9546 0.2725 -0.1208
vn 0.9534 0.2667 -0.1410
vn 0.9553 0.2611 -0.1385
vn 0.9540 0.2656 -0.1392
vn 0.9545 0.2717 -0.1231
vn 0.9540 0.2739 -0.1223
vn 0.9547 0.2707 -0.1235
vn 0.9539 0.2673 -0.1366
vn 0.9546 0.2651 -0.1357
vn 0.9541 0.2680 -0.1338
vn 0.9547 0.2700 -0.1249
vn 0.9541 0.2722 -0.1251
vn 0.9545 0.2709 -0.1244
vn 0.9538 0.2686 -0.1343
vn 0.9543 0.2669 -0.1343
vn 0.9550 0.2653 -0.1329
vn 0.9545 0.2701 -0.1263
vn 0.9545 0.2705 -0.1251
vn 0.9539 0.2727 -0.1257
vn 0.9547 0.2662 -0.1331
vn 0.9544 0.2675 -0.1329
vn 0.9543 0.2680 -0.1322
vn 0.9546 0.2700 -0.1262
vn 0.9548 0.2687 -0.1273
vn 0.9543 0.2708 -0.1261
vn 0.9545 0.2670 -0.1324
vn 0.9545 0.2675 -0.1315
vn 0.9543 0.2686 -0.1311
vn 0.9545 0.2698 -0.1270
vn 0.9547 0.2683 -0.1285
vn 0.9542 0.2703 -0.1281
vn 0.9543 0.2689 -0.1305
vn 0.9545 0.2681 -0.1307
vn 0.9543 0.2687 -0.1305
vn 0.9545 0.2692 -0.1280
vn 0.9542 0.2704 -0.1281
vn 0.9547 0.2680 -0.1293
vn 0.9544 0.2685 -0.1303
vn 0.9544 0.2685 -0.1304
vn 0.9544 0.2686 -0.1303
vn 0.9544 0.2694 -0.1288
vn 0.9542 0.2696 -0.1298
vn 0.9544 0.2689 -0.1295
vn 0.9544 0.2684 -0.1305
vn 0.9543 0.2687 -0.1306
vn 0.9547 0.2672 -0.1311
vn 0.9545 0.2683 -0.1301
vn 0.9543 0.2690 -0.1302
vn 0.9541 0.2689 -0.1316
vn 0.9546 0.2670 -0.1322
vn 0.9545 0.2675 -0.1316
vn 0.9544 0.2685 -0.1302
vn 0.9546 0.2680 -0.1303
vn 0.9544 0.2686 -0.1306
vn 0.9543 0.2672 -0.1336
vn 0.9543 0.2670 -0.1340
vn 0.9552 0.2638 -0.1342
vn 0.9545 0.2681 -0.1305
vn 0.9544 0.2683 -0.1305
vn 0.9545 0.2680 -0.1305
vn 0.9550 0.2629 -0.1373
vn 0.9543 0.2667 -0.1347
vn 0.9544 0.2629 -0.1413
vn 0.9545 0.2681 -0.1304
vn 0.9545 0.2682 -0.1303
vn 0.9543 0.2629 -0.1419
vn 0.9545 0.2631 -0.1405
vn 0.9538 0.2654 -0.1406
vn 0.9545 0.2682 -0.1304
vn 0.9546 0.2682 -0.1300
vn 0.9546 0.2681 -0.1301
vn 0.9548 0.2595 -0.1452
vn 0.9542 0.2595 -0.1487
vn 0.9547 0.2594 -0.1457
vn 0.9545 0.2683 -0.1300
vn 0.9544 0.2691 -0.1290
vn 0.9546 0.2683 -0.1295
vn 0.9541 0.2581 -0.1516
vn 0.9533 0.2603 -0.1534
vn 0.9541 0.2553 -0.1567
vn 0.9545 0.2691 -0.1286
vn 0.9546 0.2688 -0.1284
vn 0.9544 0.2696 -0.1279
vn 0.9553 0.2461 -0.1641
vn 0.9523 0.2579 -0.1632
vn 0.9546 0.2454 -0.1688
vn 0.9545 0.2695 -0.1275
vn 0.9546 0.2695 -0.1271
vn 0.9547 0.2693 -0.1270
vn 0.9527 0.2501 -0.1729
vn 0.9532 0.2391 -0.1849
vn 0.9552 0.2339 -0.1811
vn 0.9545 0.2705 -0.1254
vn 0.9548 0.2694 -0.1258
vn 0.9546 0.2706 -0.1247
vn 0.9533 0.2272 -0.1988
vn 0.9497 0.2422 -0.1988
vn 0.9512 0.2259 -0.2100
vn 0.9546 0.2714 -0.1230
vn 0.9544 0.2718 -0.1233
vn 0.9549 0.2704 -0.1226
vn 0.9471 0.2293 -0.2247
vn 0.9536 0.2039 -0.2217
vn 0.9433 0.2306 -0.2388
vn 0.9545 0.2724 -0.1212
vn 0.9551 0.2708 -0.1201
vn 0.9542 0.2740 -0.1201
vn 0.9440 0.1855 -0.2728
vn 0.9406 0.1903 -0.2811
vn 0.9331 0.2060 -0.2948
vn 0.9546 0.2738 -0.1177
vn 0.9548 0.2721 -0.1195
vn 0.9543 0.2750 -0.1169
vn 0.9255 0.1639 -0.3415
vn 0.7821 -0.0370 -0.6220
vn -0.0890 -0.4452 -0.8910
vn 0.1087 -0.4281 -0.8972
vn 0.9551 0.2725 -0.1160
vn 0.9545 0.2752 -0.1151
vn 0.9550 0.2743 -0.1125
vn 0.4574 -0.2710 -0.8470
vn 0.6117 -0.1579 -0.7751
vn 0.7016 -0.1109 -0.7038
vn 0.9548 0.2758 -0.1113
vn 0.9546 0.2765 -0.1111
vn 0.9541 0.2783 -0.1107
vn 0.8126 -0.0000 -0.5828
vn 0.8515 0.0399 -0.5228
vn 0.8764 0.0635 -0.4773
vn 0.9547 0.2775 -0.1071
vn 0.9543 0.2789 -0.1074
vn 0.9547 0.2777 -0.1071
vn 0.9128 0.0801 -0.4004
vn 0.9149 0.1404 -0.3784
vn 0.9248 0.1519 -0.3489
vn 0.9535 0.2827 -0.1046
vn 0.9552 0.2774 -0.1030
vn 0.9540 0.2821 -0.1016
vn 0.9360 0.1812 -0.3019
vn 0.9368 0.1816 -0.2990
vn 0.9440 0.1829 -0.2745
vn 0.9544 0.2814 -0.1000
vn 0.9540 0.2835 -0.0981
vn 0.9541 0.2828 -0.0983
vn 0.9421 0.2142 -0.2580
vn 0.9504 0.1996 -0.2386
vn 0.9490 0.2189 -0.2270
vn 0.9548 0.2813 -0.0960
vn 0.9538 0.2851 -0.0946
vn 0.9532 0.2866 -0.0960
vn 0.9502 0.2304 -0.2098
vn 0.9541 0.2192 -0.2040
vn 0.9509 0.2319 -0.2050
vn 0.9542 0.2842 -0.0935
vn 0.9540 0.2852 -0.0922
vn 0.9533 0.2883 -0.0896
vn 0.9534 0.2370 -0.1867
vn 0.9535 0.2437 -0.1772
vn 0.9533 0.2420 -0.1809
vn 0.9536 0.2878 -0.0885
vn 0.9548 0.2846 -0.0861
vn 0.9554 0.2419 -0.1693
vn 0.9544 0.2474 -0.1669
vn 0.9535 0.2543 -0.1617
vn 0.9529 0.2913 -0.0845
vn 0.9539 0.2893 -0.0800
vn 0.9535 0.2896 -0.0832
vn 0.9545 0.2533 -0.1576
vn 0.9545 0.2561 -0.1530
vn 0.9558 0.2524 -0.1506
vn 0.9534 0.2913 -0.0786
vn 0.9537 0.2909 -0.0763
vn 0.9531 0.2925 -0.0782
vn 0.9544 0.2587 -0.1486
vn 0.9556 0.2568 -0.1444
vn 0.9551 0.2590 -0.1436
vn 0.9520 0.3020 -0.0503
vn 0.9512 0.3043 -0.0519
vn 0.9517 0.3025 -0.0525
vn 0.9552 0.2603 -0.1406
vn 0.9555 0.2604 -0.1386
vn 0.9551 0.2618 -0.1388
vn 0.9508 0.3055 -0.0522
vn 0.9520 0.3008 -0.0559
vn 0.9519 0.3013 -0.0565
vn 0.9555 0.2619 -0.1360
vn 0.9551 0.2634 -0.1355
vn 0.9554 0.2626 -0.1352
vn 0.9511 0.3038 -0.0561
vn 0.9527 0.2985 -0.0573
vn 0.9511 0.3032 -0.0597
vn 0.9553 0.2631 -0.1346
vn 0.9554 0.2629 -0.1346
vn 0.9553 0.2631 -0.1347
vn 0.9519 0.3002 -0.0607
vn 0.9528 0.2976 -0.0606
vn 0.9527 0.2974 -0.0632
vn 0.9556 0.2615 -0.1356
vn 0.9552 0.2626 -0.1363
vn 0.9553 0.2625 -0.1360
vn 0.9528 0.2971 -0.0622
vn 0.9526 0.2968 -0.0664
vn 0.9523 0.2982 -0.0648
vn 0.9554 0.2612 -0.1380
vn 0.9551 0.2607 -0.1406
vn 0.9561 0.2563 -0.1421
vn 0.9534 0.2940 -0.0669
vn 0.9529 0.2954 -0.0690
vn 0.9526 0.2966 -0.0674
vn 0.9554 0.2578 -0.1442
vn 0.9558 0.2538 -0.1488
vn 0.9554 0.2544 -0.1503
vn 0.9524 0.2966 -0.0703
vn 0.9537 0.2921 -0.0719
vn 0.9528 0.2950 -0.0726
vn 0.9553 0.2506 -0.1566
vn 0.9550 0.2473 -0.1639
vn 0.9554 0.2453 -0.1646
vn 0.9532 0.2933 -0.0741
vn 0.9538 0.2906 -0.0767
vn 0.9535 0.2921 -0.0743
vn 0.9560 0.2367 -0.1730
vn 0.9524 0.2395 -0.1887
vn 0.9554 0.2279 -0.1878
vn 0.9543 0.2887 -0.0776
vn 0.9535 0.2903 -0.0810
vn 0.9542 0.2884 -0.0793
vn 0.9550 0.2150 -0.2043
vn 0.9489 0.2168 -0.2294
vn 0.9496 0.2063 -0.2359
vn 0.9535 0.2896 -0.0837
vn 0.9544 0.2866 -0.0840
vn 0.9542 0.2862 -0.0867
vn 0.9421 0.1772 -0.2845
vn 0.9386 0.1656 -0.3026
vn 0.9262 0.1523 -0.3448
vn 0.9542 0.2857 -0.0888
vn 0.9542 0.2855 -0.0899
vn 0.9546 0.2832 -0.0928
vn 0.8932 0.0868 -0.4412
vn 0.8600 -0.0076 -0.5103
vn 0.7562 -0.0568 -0.6518
vn 0.9545 0.2823 -0.0960
vn 0.9553 0.2800 -0.0953
vn 0.9548 0.2802 -0.0990
vn 0.3354 -0.3354 -0.8804
vn -0.0778 -0.4925 -0.8668
vn -0.4010 -0.5431 -0.7378
vn 0.9550 0.2786 -0.1018
vn 0.9555 0.2758 -0.1047
vn 0.9551 0.2774 -0.1043
vn -0.7441 -0.4865 -0.4579
vn -0.7820 -0.4812 -0.3960
vn -0.8303 -0.4570 -0.3189
vn 0.9555 0.2739 -0.1092
vn 0.9555 0.2734 -0.1104
vn 0.9562 0.2706 -0.1114
vn -0.8719 -0.4327 -0.2294
vn -0.8848 -0.4195 -0.2028
vn -0.9005 -0.3972 -0.1773
vn 0.9559 0.2700 -0.1155
vn 0.9557 0.2698 -0.1173
vn 0.9563 0.2670 -0.1190
vn -0.9046 -0.4037 -0.1371
vn -0.9164 -0.3807 -0.1237
vn -0.9183 -0.3808 -0.1083
vn 0.9561 0.2664 -0.1222
vn 0.9561 0.2655 -0.1238
vn 0.9562 0.2642 -0.1258
vn -0.9224 -0.3744 -0.0949
vn -0.9268 -0.3658 -0.0844
vn -0.9277 -0.3648 -0.0794
vn 0.9565 0.2618 -0.1288
vn 0.9561 0.2627 -0.1300
vn 0.9568 0.2590 -0.1322
vn -0.9301 -0.3608 -0.0683
vn -0.9313 -0.3590 -0.0621
vn -0.9341 -0.3530 -0.0544
vn 0.9566 0.2585 -0.1343
vn 0.9565 0.2580 -0.1360
vn 0.9565 0.2579 -0.1366
vn -0.9359 -0.3492 -0.0475
vn -0.9339 -0.3541 -0.0490
vn -0.9363 -0.3484 -0.0434
vn 0.9566 0.2563 -0.1388
vn 0.9567 0.2550 -0.1401
vn 0.9568 0.2546 -0.1404
vn -0.9367 -0.3480 -0.0396
vn -0.9379 -0.3448 -0.0369
vn -0.9369 -0.3475 -0.0388
vn 0.9568 0.2540 -0.1412
vn 0.9569 0.2539 -0.1413
vn 0.9569 0.2538 -0.1410
vn -0.9376 -0.3457 -0.0368
vn -0.9379 -0.3452 -0.0351
vn -0.9387 -0.3433 -0.0305
vn 0.9569 0.2544 -0.1400
vn 0.9571 0.2546 -0.1385
vn 0.9571 0.2552 -0.1372
vn -0.9390 -0.3430 -0.0267
vn -0.9396 -0.3412 -0.0269
vn -0.9399 -0.3407 -0.0238
vn 0.9571 0.2582 -0.1313
vn 0.9572 0.2603 -0.1263
vn 0.9570 0.2631 -0.1218
vn -0.9405 -0.3393 -0.0207
vn -0.9411 -0.3376 -0.0201
vn -0.9411 -0.3376 -0.0184
vn 0.9570 0.2664 -0.1148
vn 0.9569 0.2687 -0.1100
vn 0.9567 0.2702 -0.1079
vn -0.9412 -0.3374 -0.0174
vn -0.9415 -0.3366 -0.0181
vn -0.9412 -0.3374 -0.0171
vn 0.9565 0.2734 -0.1017
vn 0.9558 0.2766 -0.0992
vn 0.9567 0.2748 -0.0958
vn -0.9417 -0.3358 -0.0182
vn -0.9414 -0.3369 -0.0143
vn -0.9416 -0.3365 -0.0142
vn 0.9560 0.2778 -0.0947
vn 0.9566 0.2767 -0.0915
vn 0.9563 0.2778 -0.0916
vn -0.9418 -0.3360 -0.0127
vn -0.9420 -0.3353 -0.0146
vn -0.9421 -0.3351 -0.0126
vn 0.9557 0.2809 -0.0874
vn 0.9556 0.2815 -0.0874
vn 0.9558 0.2820 -0.0834
vn -0.9418 -0.3358 -0.0136
vn -0.9421 -0.3352 -0.0114
vn -0.9424 -0.3341 -0.0121
vn 0.9561 0.2815 -0.0816
vn 0.9555 0.2839 -0.0807
vn 0.9550 0.2859 -0.0788
vn -0.9420 -0.3355 -0.0108
vn -0.9424 -0.3343 -0.0116
vn -0.9433 -0.3318 -0.0115
vn 0.9550 0.2869 -0.0753
vn 0.9554 0.2857 -0.0745
vn 0.9544 0.2892 -0.0745
vn -0.9422 -0.3349 -0.0096
vn -0.9429 -0.3328 -0.0105
vn -0.9426 -0.3337 -0.0104
vn 0.9545 0.2899 -0.0703
vn 0.9538 0.2922 -0.0705
vn 0.9547 0.2896 -0.0682
vn -0.9428 -0.3332 -0.0093
vn -0.9431 -0.3325 -0.0097
vn -0.9428 -0.3332 -0.0095
vn 0.9543 0.2915 -0.0667
vn 0.9542 0.2925 -0.0637
vn 0.9545 0.2912 -0.0639
vn -0.9436 -0.3309 -0.0102
vn -0.9430 -0.3327 -0.0070
vn -0.9427 -0.3336 -0.0090
vn 0.9536 0.2949 -0.0610
vn 0.9542 0.2931 -0.0599
vn 0.9533 0.2959 -0.0607
vn -0.9432 -0.3322 -0.0074
vn -0.9432 -0.3320 -0.0072
vn 0.9534 0.2958 -0.0598
vn 0.9534 0.2963 -0.0562
vn 0.9531 0.2976 -0.0544
vn -0.9434 -0.3316 -0.0097
vn -0.9433 -0.3317 -0.0071
vn -0.9424 -0.3344 -0.0094
vn 0.9524 0.3001 -0.0527
vn 0.9522 0.3007 -0.0545
vn 0.9536 0.2966 -0.0514
vn -0.9432 -0.3320 -0.0089
vn -0.9428 -0.3332 -0.0085
vn -0.9432 -0.3320 -0.0071
vn 0.9522 0.3012 -0.0514
vn 0.9520 0.3018 -0.0503
vn 0.9527 0.3002 -0.0486
vn -0.9429 -0.3331 -0.0076
vn -0.9440 -0.3300 -0.0065
vn -0.9429 -0.3331 -0.0070
vn 0.9513 0.3046 -0.0480
vn 0.9532 0.2985 -0.0479
vn 0.9521 0.3022 -0.0462
vn -0.9434 -0.3317 -0.0069
vn -0.9436 -0.3311 -0.0059
vn -0.9431 -0.3324 -0.0057
vn 0.9516 0.3038 -0.0470
vn 0.9526 0.3007 -0.0465
vn 0.9528 0.3002 -0.0460
vn -0.9433 -0.3320 -0.0067
vn -0.9437 -0.3307 -0.0052
vn -0.9436 -0.3309 -0.0051
vn 0.9516 0.3040 -0.0449
vn 0.9525 0.3003 -0.0499
vn 0.9532 0.2749 -0.1258
vn 0.9532 0.2758 -0.1236
vn 0.9532 0.2760 -0.1231
vn 0.9533 0.2752 -0.1244
vn 0.9534 0.2921 -0.0750
vn 0.9522 0.2991 -0.0620
vn 0.9612 0.2277 -0.1555
vn 0.9612 0.2280 -0.1556
vn 0.9612 0.2278 -0.1556
vn 0.9612 0.2268 -0.1572
vn 0.9612 0.2262 -0.1578
vn 0.9609 0.2295 -0.1553
vn 0.9612 0.2279 -0.1552
vn 0.9611 0.2287 -0.1550
vn 0.9608 0.2245 -0.1624
vn 0.9613 0.2250 -0.1591
vn 0.9607 0.2232 -0.1650
vn 0.9610 0.2296 -0.1543
vn 0.9612 0.2291 -0.1538
vn 0.9609 0.2303 -0.1538
vn 0.9610 0.2187 -0.1690
vn 0.9600 0.2215 -0.1712
vn 0.9614 0.2125 -0.1748
vn 0.9611 0.2300 -0.1527
vn 0.9608 0.2316 -0.1525
vn 0.9612 0.2302 -0.1522
vn 0.9594 0.2132 -0.1848
vn 0.9601 0.2101 -0.1848
vn 0.9595 0.2083 -0.1897
vn 0.9613 0.2306 -0.1506
vn 0.9606 0.2343 -0.1496
vn 0.9613 0.2315 -0.1493
vn 0.9570 0.2031 -0.2070
vn 0.9602 0.1872 -0.2075
vn 0.9561 0.1921 -0.2213
vn 0.9610 0.2338 -0.1479
vn 0.9606 0.2353 -0.1477
vn 0.9610 0.2351 -0.1459
vn 0.9559 0.1812 -0.2311
vn 0.9532 0.1699 -0.2501
vn 0.9542 0.1590 -0.2535
vn 0.9610 0.2364 -0.1438
vn 0.9606 0.2379 -0.1437
vn 0.9608 0.2376 -0.1429
vn 0.9422 0.1543 -0.2975
vn 0.9444 0.1180 -0.3069
vn 0.9386 0.1015 -0.3298
vn 0.9607 0.2387 -0.1414
vn 0.9602 0.2413 -0.1409
vn 0.9610 0.2394 -0.1381
vn 0.9162 0.0901 -0.3905
vn 0.9037 -0.0000 -0.4281
vn 0.8585 -0.0365 -0.5115
vn 0.9603 0.2438 -0.1358
vn 0.9607 0.2423 -0.1356
vn 0.9603 0.2443 -0.1349
vn 0.7740 -0.1327 -0.6192
vn 0.6767 -0.2165 -0.7037
vn 0.5529 -0.3492 -0.7566
vn 0.9602 0.2455 -0.1331
vn 0.9600 0.2475 -0.1310
vn 0.9597 0.2495 -0.1296
vn 0.0869 -0.5790 -0.8107
vn -0.2109 -0.5422 -0.8133
vn -0.3903 -0.6245 -0.6765
vn 0.9592 0.2517 -0.1288
vn 0.9608 0.2467 -0.1262
vn 0.9593 0.2533 -0.1246
vn -0.6427 -0.5509 -0.5325
vn -0.6997 -0.5461 -0.4607
vn -0.7570 -0.5327 -0.3785
vn 0.9601 0.2512 -0.1228
vn 0.9600 0.2521 -0.1220
vn 0.9596 0.2551 -0.1192
vn -0.8108 -0.4887 -0.3221
vn -0.8385 -0.4791 -0.2595
vn -0.8530 -0.4669 -0.2334
vn 0.9606 0.2513 -0.1184
vn 0.9589 0.2591 -0.1158
vn 0.9595 0.2566 -0.1160
vn -0.8800 -0.4248 -0.2124
vn -0.8831 -0.4347 -0.1766
vn -0.8750 -0.4468 -0.1862
vn 0.9579 0.2640 -0.1129
vn 0.9597 0.2570 -0.1139
vn 0.9593 0.2613 -0.1070
vn -0.8909 -0.4320 -0.1404
vn -0.9025 -0.4033 -0.1513
vn -0.9075 -0.4012 -0.1242
vn 0.9582 0.2650 -0.1077
vn 0.9591 0.2612 -0.1090
vn 0.9594 0.2621 -0.1043
vn -0.9089 -0.4003 -0.1167
vn -0.9140 -0.3906 -0.1094
vn -0.9201 -0.3771 -0.1056
vn 0.9594 0.2620 -0.1042
vn 0.9576 0.2694 -0.1018
vn 0.9582 0.2674 -0.1021
vn -0.9231 -0.3746 -0.0870
vn -0.9257 -0.3677 -0.0888
vn -0.9193 -0.3845 -0.0841
vn 0.9576 0.2715 -0.0969
vn 0.9579 0.2692 -0.0997
vn 0.9589 0.2665 -0.0978
vn -0.9299 -0.3610 -0.0711
vn -0.9242 -0.3738 -0.0779
vn -0.9313 -0.3586 -0.0647
vn 0.9585 0.2678 -0.0973
vn 0.9575 0.2729 -0.0938
vn 0.9578 0.2722 -0.0928
vn -0.9297 -0.3628 -0.0635
vn -0.9262 -0.3722 -0.0606
vn -0.9318 -0.3594 -0.0501
vn 0.9576 0.2736 -0.0903
vn 0.9571 0.2756 -0.0892
vn 0.9569 0.2761 -0.0896
vn -0.9334 -0.3548 -0.0540
vn -0.9325 -0.3584 -0.0439
vn -0.9331 -0.3561 -0.0499
vn 0.9570 0.2777 -0.0838
vn 0.9573 0.2758 -0.0865
vn 0.9567 0.2779 -0.0867
vn -0.9361 -0.3494 -0.0396
vn -0.9344 -0.3535 -0.0442
vn -0.9358 -0.3498 -0.0430
vn 0.9569 0.2781 -0.0837
vn 0.9565 0.2804 -0.0805
vn 0.9553 0.2843 -0.0807
vn -0.9345 -0.3533 -0.0427
vn -0.9342 -0.3551 -0.0355
vn -0.9370 -0.3470 -0.0400
vn 0.9568 0.2794 -0.0798
vn 0.9553 0.2854 -0.0771
vn 0.9566 0.2812 -0.0763
vn -0.9384 -0.3435 -0.0373
vn -0.9353 -0.3520 -0.0362
vn -0.9385 -0.3438 -0.0302
vn 0.9562 0.2833 -0.0740
vn 0.9568 0.2809 -0.0749
vn 0.9553 0.2868 -0.0720
vn -0.9390 -0.3423 -0.0329
vn -0.9375 -0.3471 -0.0254
vn -0.9405 -0.3383 -0.0309
vn 0.9547 0.2892 -0.0704
vn 0.9553 0.2870 -0.0703
vn 0.9553 0.2879 -0.0666
vn -0.9395 -0.3416 -0.0252
vn -0.9377 -0.3465 -0.0264
vn -0.9385 -0.3439 -0.0293
vn 0.9546 0.2903 -0.0662
vn 0.9555 0.2873 -0.0674
vn 0.9535 0.2945 -0.0644
vn -0.9381 -0.3455 -0.0242
vn -0.9414 -0.3368 -0.0202
vn -0.9401 -0.3401 -0.0245
vn 0.9548 0.2906 -0.0631
vn 0.9545 0.2914 -0.0630
vn 0.9541 0.2932 -0.0619
vn -0.9399 -0.3407 -0.0217
vn -0.9409 -0.3383 -0.0181
vn -0.9399 -0.3407 -0.0235
vn 0.9534 0.2959 -0.0585
vn 0.9549 0.2907 -0.0607
vn 0.9532 0.2965 -0.0584
vn -0.9401 -0.3403 -0.0195
vn -0.9394 -0.3426 -0.0163
vn -0.9429 -0.3330 -0.0090
vn -0.9432 -0.3322 -0.0032
vn -0.9436 -0.3309 -0.0053
vn 0.9537 0.2953 -0.0573
vn 0.9540 0.2941 -0.0574
vn 0.9536 0.2959 -0.0558
vn -0.9438 -0.3304 -0.0065
vn -0.9439 -0.3301 -0.0033
vn 0.9542 0.2630 -0.1427
vn 0.9526 0.2701 -0.1400
vn 0.9543 0.2694 -0.1295
vn 0.9542 0.2697 -0.1293
vn 0.9542 0.2702 -0.1285
vn 0.9543 0.2696 -0.1292
vn 0.9542 0.2663 -0.1362
vn 0.9543 0.2649 -0.1385
vn -0.7678 -0.4757 -0.4292
vn -0.9109 -0.3853 -0.1475
vn 0.9611 0.2278 -0.1561
vn 0.9613 0.2275 -0.1553
vn 0.9610 0.2267 -0.1586
vn 0.9612 0.2285 -0.1548
vn 0.9611 0.2220 -0.1642
vn 0.9608 0.2310 -0.1531
vn 0.9616 0.2146 -0.1711
vn 0.9606 0.2330 -0.1513
vn 0.9612 0.1978 -0.1923
vn 0.9606 0.2350 -0.1481
vn 0.9578 0.1755 -0.2276
vn 0.9606 0.2363 -0.1462
vn 0.9538 0.1237 -0.2740
vn 0.9603 0.2406 -0.1415
vn 0.9305 0.0758 -0.3584
vn 0.9600 0.2438 -0.1381
vn 0.8439 -0.0564 -0.5335
vn 0.9602 0.2455 -0.1332
vn 0.3328 -0.4483 -0.8296
vn 0.9604 0.2466 -0.1293
vn -0.5287 -0.5818 -0.6181
vn 0.9601 0.2501 -0.1251
vn -0.7970 -0.5015 -0.3367
vn 0.9597 0.2537 -0.1204
vn -0.8605 -0.4538 -0.2317
vn 0.9587 0.2599 -0.1159
vn -0.9043 -0.3948 -0.1620
vn 0.9587 0.2615 -0.1123
vn -0.9141 -0.3873 -0.1199
vn 0.9574 0.2681 -0.1069
vn -0.9107 -0.4005 -0.1005
vn 0.9586 0.2665 -0.1000
vn -0.9254 -0.3713 -0.0759
vn 0.9569 0.2742 -0.0957
vn -0.9284 -0.3652 -0.0686
vn 0.9570 0.2753 -0.0918
vn -0.9309 -0.3612 -0.0553
vn 0.9569 0.2763 -0.0900
vn -0.9340 -0.3542 -0.0473
vn 0.9566 0.2795 -0.0824
vn -0.9348 -0.3533 -0.0371
vn 0.9560 0.2831 -0.0775
vn -0.9370 -0.3480 -0.0312
vn 0.9549 0.2876 -0.0740
vn -0.9388 -0.3430 -0.0315
vn 0.9555 0.2860 -0.0725
vn -0.9373 -0.3471 -0.0301
vn 0.9540 0.2915 -0.0701
vn -0.9390 -0.3430 -0.0242
vn 0.9553 0.2883 -0.0650
vn -0.9394 -0.3418 -0.0254
vn 0.9547 0.2905 -0.0644
vn -0.9431 -0.3319 -0.0204
vn 0.9537 0.2949 -0.0590
vn 0.9529 0.2979 -0.0572
vn 0.9528 0.2986 -0.0541
vn 0.9521 0.3024 -0.0455
vn -0.9436 -0.3310 -0.0047
vn 0.9524 0.3008 -0.0487
vn -0.9433 -0.3319 -0.0063
vn 0.9529 0.2989 -0.0512
vn -0.9430 -0.3328 -0.0080
vn 0.9527 0.2996 -0.0509
vn -0.9433 -0.3319 -0.0070
vn 0.9534 0.2966 -0.0562
vn -0.9428 -0.3332 -0.0089
vn 0.9536 0.2954 -0.0580
vn -0.9431 -0.3324 -0.0101
vn 0.9536 0.2942 -0.0639
vn -0.9425 -0.3342 -0.0099
vn 0.9544 0.2910 -0.0665
vn -0.9422 -0.3350 -0.0096
vn 0.9549 0.2882 -0.0712
vn -0.9428 -0.3333 -0.0103
vn 0.9551 0.2862 -0.0770
vn -0.9427 -0.3334 -0.0104
vn 0.9550 0.2845 -0.0835
vn -0.9428 -0.3331 -0.0120
vn 0.9559 0.2802 -0.0884
vn -0.9422 -0.3348 -0.0146
vn 0.9562 0.2769 -0.0953
vn -0.9411 -0.3376 -0.0172
vn 0.9568 0.2714 -0.1040
vn -0.9407 -0.3387 -0.0198
vn 0.9571 0.2645 -0.1181
vn -0.9406 -0.3388 -0.0230
vn 0.9572 0.2564 -0.1343
vn -0.9388 -0.3429 -0.0311
vn 0.9570 0.2539 -0.1405
vn -0.9436 -0.3310 -0.0043
vn 0.9568 0.2545 -0.1408
vn -0.9357 -0.3499 -0.0449
vn 0.9569 0.2555 -0.1383
vn -0.9336 -0.3540 -0.0547
vn 0.9564 0.2599 -0.1331
vn -0.9305 -0.3601 -0.0669
vn 0.9559 0.2643 -0.1279
vn -0.9224 -0.3727 -0.1010
vn 0.9561 0.2671 -0.1205
vn -0.9057 -0.3946 -0.1549
vn 0.9555 0.2721 -0.1141
vn -0.8563 -0.4417 -0.2678
vn 0.9555 0.2746 -0.1077
vn -0.5856 -0.5522 -0.5934
vn 0.9556 0.2775 -0.0994
vn 0.6175 -0.1979 -0.7612
vn 0.9553 0.2813 -0.0912
vn 0.9150 0.1025 -0.3902
vn 0.9544 0.2857 -0.0868
vn 0.9476 0.1939 -0.2540
vn 0.9539 0.2883 -0.0829
vn 0.9514 0.2302 -0.2045
vn 0.9532 0.2915 -0.0799
vn 0.9544 0.2420 -0.1746
vn 0.9530 0.2936 -0.0742
vn 0.9555 0.2509 -0.1551
vn 0.9534 0.2938 -0.0689
vn 0.9552 0.2582 -0.1448
vn 0.9523 0.2980 -0.0661
vn 0.9557 0.2594 -0.1394
vn 0.9518 0.2998 -0.0644
vn 0.9554 0.2627 -0.1348
vn 0.9520 0.3004 -0.0595
vn 0.9553 0.2632 -0.1350
vn -0.9374 -0.3462 -0.0367
vn 0.9518 0.3013 -0.0570
vn 0.9554 0.2619 -0.1365
vn 0.9515 0.3029 -0.0543
vn 0.9549 0.2614 -0.1411
vn 0.9546 0.2588 -0.1473
vn 0.9532 0.2913 -0.0808
vn 0.9554 0.2492 -0.1583
vn 0.9537 0.2889 -0.0835
vn 0.9545 0.2446 -0.1707
vn 0.9539 0.2872 -0.0874
vn 0.9526 0.2355 -0.1928
vn 0.9541 0.2852 -0.0909
vn 0.9491 0.2217 -0.2236
vn 0.9545 0.2819 -0.0971
vn 0.9466 0.1950 -0.2568
vn 0.9539 0.2819 -0.1033
vn 0.9324 0.1620 -0.3230
vn 0.9550 0.2776 -0.1044
vn 0.8972 0.1167 -0.4259
vn 0.9545 0.2773 -0.1097
vn 0.7699 -0.0056 -0.6382
vn 0.9542 0.2768 -0.1139
vn 0.2986 -0.3346 -0.8938
vn 0.9546 0.2745 -0.1160
vn 0.9419 0.1561 -0.2974
vn 0.9548 0.2723 -0.1193
vn 0.9494 0.1930 -0.2477
vn 0.9544 0.2721 -0.1231
vn 0.9521 0.2208 -0.2117
vn 0.9547 0.2703 -0.1242
vn 0.9516 0.2450 -0.1854
vn 0.9546 0.2700 -0.1260
vn 0.9534 0.2491 -0.1701
vn 0.9547 0.2688 -0.1280
vn 0.9541 0.2528 -0.1607
vn 0.9547 0.2682 -0.1290
vn 0.9541 0.2572 -0.1536
vn 0.9546 0.2684 -0.1293
vn 0.9550 0.2590 -0.1443
vn 0.9545 0.2682 -0.1305
vn 0.9545 0.2646 -0.1373
vn 0.9540 0.2680 -0.1347
vn 0.9545 0.2668 -0.1336
vn 0.9547 0.2673 -0.1309
vn 0.9544 0.2691 -0.1296
vn 0.9544 0.2691 -0.1291
vn 0.9545 0.2683 -0.1306
vn 0.9544 0.2686 -0.1304
vn 0.9543 0.2698 -0.1283
vn 0.9543 0.2686 -0.1309
vn 0.9536 0.2728 -0.1275
vn 0.9543 0.2684 -0.1311
vn 0.9546 0.2696 -0.1264
vn 0.9537 0.2691 -0.1345
vn 0.9543 0.2713 -0.1250
vn 0.9539 0.2729 -0.1246
vn 0.9545 0.2638 -0.1391
vn 0.9536 0.2745 -0.1236
vn 0.9548 0.2618 -0.1405
vn 0.9542 0.2726 -0.1228
vn 0.9531 0.2665 -0.1436
vn 0.9545 0.2725 -0.1210
vn 0.9542 0.2739 -0.1201
vn 0.9548 0.2643 -0.1362
vn 0.9539 0.2754 -0.1192
vn 0.9539 0.2704 -0.1306
vn 0.9548 0.2737 -0.1158
vn 0.9535 0.2704 -0.1333
vn 0.9535 0.2781 -0.1165
vn 0.9537 0.2700 -0.1321
vn 0.9541 0.2764 -0.1149
vn 0.9547 0.2670 -0.1312
vn 0.9539 0.2779 -0.1132
vn 0.9539 0.2709 -0.1293
vn 0.9543 0.2763 -0.1143
vn 0.9542 0.2698 -0.1294
vn 0.9538 0.2786 -0.1121
vn 0.9558 0.2712 -0.1135
vn 0.9552 0.2736 -0.1132
vn 0.9532 0.2842 -0.1031
vn 0.9545 0.2732 -0.1196
vn 0.9543 0.2709 -0.1263
vn 0.9543 0.2670 -0.1342
vn 0.9543 0.2810 -0.1017
vn 0.9516 0.2924 -0.0949
vn 0.9541 0.2704 -0.1291
vn 0.9539 0.2879 -0.0844
vn 0.9541 0.2700 -0.1297
vn 0.9533 0.2922 -0.0760
vn 0.9499 0.3047 -0.0692
vn 0.9511 0.3033 -0.0581
vn 0.9516 0.3009 -0.0623
vn 0.9519 0.2990 -0.0674
vn 0.9522 0.2969 -0.0720
vn 0.9529 0.2932 -0.0771
vn 0.9528 0.2922 -0.0821
vn 0.9529 0.2896 -0.0901
vn 0.9533 0.2863 -0.0966
vn 0.9532 0.2843 -0.1032
vn 0.9534 0.2808 -0.1105
vn 0.9534 0.2773 -0.1188
vn 0.9534 0.2756 -0.1232
vn 0.9546 0.2608 -0.1442
vn 0.9541 0.2603 -0.1483
vn 0.9523 0.2511 -0.1735
vn 0.9488 0.2206 -0.2262
vn 0.9250 0.1598 -0.3448
vn 0.5870 -0.1941 -0.7860
vn -0.9244 -0.3673 -0.1031
vn -0.9043 -0.3908 -0.1716
vn -0.7008 -0.5010 -0.5078
vn 0.8709 0.0938 -0.4824
vn 0.9490 0.2313 -0.2143
vn 0.9527 0.2687 -0.1421
vn 0.9533 0.2748 -0.1251
vn -0.0000 0.9126 -0.4089
vn -0.9829 -0.1678 0.0762
vn -0.9830 -0.1657 0.0796
vn -0.9829 -0.1659 0.0795
vn -0.9827 -0.1670 0.0797
vn -0.9827 -0.1670 0.0802
vn -0.9829 -0.1659 0.0800
vn -0.9831 -0.1651 0.0795
vn -0.9828 -0.1668 0.0790
vn -0.9829 -0.1658 0.0803
vn -0.9830 -0.1660 0.0790
vn -0.9829 -0.1657 0.0802
vn -0.9829 -0.1666 0.0784
vn -0.9829 -0.1660 0.0797
vn -0.9829 -0.1657 0.0803
vn -0.9831 -0.1607 0.0876
vn -0.9829 -0.1601 0.0914
vn -0.9829 -0.1629 0.0861
vn -0.9827 -0.1682 0.0781
vn -0.9829 -0.1664 0.0791
vn -0.9829 -0.1656 0.0801
vn -0.9828 -0.1664 0.0801
vn -0.9829 -0.1662 0.0797
vn -0.9829 -0.1661 0.0797
vn -0.9829 -0.1681 0.0756
vn -0.9829 -0.1662 0.0788
vn -0.9828 -0.1664 0.0802
vn -0.9829 -0.1666 0.0785
vn -0.9826 -0.1758 0.0601
vn -0.9828 -0.1731 0.0643
vn -0.9825 -0.1745 0.0644
vn -0.9811 -0.1344 0.1394
vn -0.9780 -0.1553 0.1391
vn -0.9827 -0.1316 0.1300
vn -0.9821 -0.1766 0.0649
vn -0.9832 -0.1689 0.0691
vn -0.9832 -0.1697 0.0672
vn -0.9808 -0.1530 0.1207
vn -0.9819 -0.1489 0.1174
vn -0.9829 -0.1453 0.1132
vn -0.9824 -0.1742 0.0682
vn -0.9833 -0.1682 0.0696
vn -0.9828 -0.1700 0.0725
vn -0.9827 -0.1571 0.0982
vn -0.9830 -0.1488 0.1075
vn -0.9827 -0.1569 0.0987
vn -0.9827 -0.1702 0.0726
vn -0.9825 -0.1725 0.0696
vn -0.9830 -0.1684 0.0729
vn -0.9828 -0.1570 0.0968
vn -0.9830 -0.1550 0.0981
vn -0.9818 -0.1679 0.0890
vn -0.9832 -0.1661 0.0755
vn -0.9828 -0.1698 0.0725
vn -0.9830 -0.1677 0.0749
vn -0.9814 -0.1690 0.0907
vn -0.9835 -0.1576 0.0893
vn -0.9836 -0.1563 0.0904
vn -0.9827 -0.1694 0.0749
vn -0.9830 -0.1678 0.0749
vn -0.9829 -0.1673 0.0772
vn -0.9829 -0.1633 0.0846
vn -0.9830 -0.1621 0.0858
vn -0.9825 -0.1657 0.0846
vn -0.9829 -0.1674 0.0771
vn -0.9830 -0.1670 0.0768
vn -0.9828 -0.1680 0.0763
vn -0.9831 -0.1617 0.0861
vn -0.9828 -0.1634 0.0858
vn -0.9832 -0.1628 0.0829
vn -0.9827 -0.1680 0.0778
vn -0.9829 -0.1667 0.0778
vn -0.9829 -0.1666 0.0778
vn -0.9829 -0.1642 0.0832
vn -0.9830 -0.1640 0.0825
vn -0.9830 -0.1638 0.0824
vn -0.9828 -0.1673 0.0779
vn -0.9829 -0.1670 0.0782
vn -0.9828 -0.1672 0.0781
vn -0.9830 -0.1643 0.0824
vn -0.9827 -0.1663 0.0814
vn -0.9828 -0.1655 0.0820
vn -0.9830 -0.1662 0.0783
vn -0.9829 -0.1661 0.0794
vn -0.9830 -0.1658 0.0794
vn -0.9829 -0.1658 0.0796
vn -0.9829 -0.1666 0.0790
vn -0.9830 -0.1670 0.0767
vn -0.9826 -0.1687 0.0773
vn -0.9827 -0.1684 0.0774
vn -0.9826 -0.1686 0.0775
vn -0.9827 -0.1677 0.0789
vn -0.9827 -0.1680 0.0785
vn -0.9827 -0.1681 0.0777
vn -0.9826 -0.1685 0.0777
vn -0.9827 -0.1683 0.0777
vn -0.9827 -0.1684 0.0777
vn -0.9827 -0.1683 0.0776
vn -0.9827 -0.1681 0.0781
vn -0.9827 -0.1684 0.0776
vn -0.9827 -0.1682 0.0773
vn -0.9826 -0.1681 0.0792
vn -0.9829 -0.1657 0.0804
vn -0.9823 -0.1700 0.0793
vn -0.9827 -0.1683 0.0773
vn -0.9827 -0.1685 0.0771
vn -0.9827 -0.1688 0.0768
vn -0.9826 -0.1671 0.0815
vn -0.9827 -0.1658 0.0829
vn -0.9826 -0.1666 0.0817
vn -0.9827 -0.1683 0.0769
vn -0.9827 -0.1688 0.0760
vn -0.9827 -0.1688 0.0764
vn -0.9827 -0.1652 0.0841
vn -0.9828 -0.1606 0.0906
vn -0.9826 -0.1641 0.0875
vn -0.9827 -0.1687 0.0757
vn -0.9827 -0.1689 0.0754
vn -0.9826 -0.1698 0.0750
vn -0.9834 -0.1555 0.0930
vn -0.9825 -0.1596 0.0965
vn -0.9828 -0.1597 0.0932
vn -0.9828 -0.1690 0.0751
vn -0.9826 -0.1703 0.0736
vn -0.9828 -0.1693 0.0743
vn -0.9819 -0.1612 0.0995
vn -0.9821 -0.1513 0.1122
vn -0.9809 -0.1620 0.1078
vn -0.9829 -0.1689 0.0733
vn -0.9825 -0.1712 0.0729
vn -0.9827 -0.1698 0.0735
vn -0.9823 -0.1524 0.1087
vn -0.9828 -0.1358 0.1254
vn -0.9805 -0.1480 0.1295
vn -0.9828 -0.1702 0.0715
vn -0.9827 -0.1704 0.0720
vn -0.9826 -0.1722 0.0703
vn -0.9801 -0.1361 0.1446
vn -0.9773 -0.1578 0.1417
vn -0.9807 -0.1221 0.1526
vn -0.9827 -0.1713 0.0705
vn -0.9826 -0.1720 0.0701
vn -0.9825 -0.1729 0.0693
vn -0.9767 -0.1221 0.1766
vn -0.9766 -0.1321 0.1698
vn -0.9724 -0.1024 0.2098
vn -0.9828 -0.1714 0.0682
vn -0.9828 -0.1709 0.0695
vn -0.9826 -0.1731 0.0671
vn -0.9637 -0.0741 0.2564
vn -0.9635 -0.0826 0.2546
vn -0.9544 -0.0631 0.2918
vn -0.9829 -0.1713 0.0679
vn -0.9825 -0.1737 0.0670
vn -0.9827 -0.1720 0.0688
vn -0.9368 -0.0441 0.3472
vn -0.8762 -0.0000 0.4819
vn -0.7919 0.1242 0.5978
vn -0.9826 -0.1739 0.0654
vn -0.9827 -0.1725 0.0669
vn -0.9826 -0.1736 0.0666
vn -0.4090 0.2181 0.8861
vn 0.1046 0.4184 0.9022
vn 0.5120 0.4452 0.7346
vn -0.9827 -0.1735 0.0654
vn -0.9828 -0.1729 0.0648
vn -0.9828 -0.1731 0.0639
vn 0.7913 0.3887 0.4720
vn 0.8480 0.4017 0.3459
vn -0.4601 0.2998 0.8357
vn -0.9402 -0.0637 0.3346
vn -0.9579 -0.0864 0.2737
vn -0.9829 -0.1733 0.0619
vn -0.9824 -0.1756 0.0629
vn -0.9828 -0.1733 0.0639
vn -0.9621 -0.0717 0.2629
vn -0.9695 -0.0891 0.2284
vn -0.9736 -0.1041 0.2031
vn -0.9828 -0.1743 0.0603
vn -0.9823 -0.1770 0.0618
vn -0.9829 -0.1742 0.0599
vn -0.9781 -0.1112 0.1761
vn -0.9754 -0.1233 0.1827
vn -0.9793 -0.1069 0.1718
vn -0.9825 -0.1764 0.0603
vn -0.9824 -0.1778 0.0574
vn -0.9826 -0.1690 0.0771
vn -0.9826 -0.1689 0.0773
vn -0.9826 -0.1687 0.0775
vn -0.9821 -0.1667 0.0871
vn -0.9826 -0.1644 0.0865
vn -0.9828 -0.1630 0.0866
vn -0.9826 -0.1661 0.0837
vn -0.9826 -0.1674 0.0809
vn -0.9828 -0.1661 0.0810
vn -0.9826 -0.1687 0.0774
vn -0.9826 -0.1694 0.0764
vn -0.9826 -0.1692 0.0768
vn -0.9826 -0.1693 0.0769
vn -0.9827 -0.1645 0.0847
vn -0.9827 -0.1640 0.0858
vn -0.9821 -0.1654 0.0901
vn -0.9822 -0.1631 0.0928
vn -0.9829 -0.1587 0.0930
vn -0.9814 -0.1642 0.0997
vn -0.9826 -0.1690 0.0770
vn -0.9826 -0.1689 0.0769
vn -0.9826 -0.1692 0.0767
vn -0.9820 -0.1655 0.0910
vn -0.9824 -0.1629 0.0912
vn -0.9825 -0.1701 0.0757
vn -0.9826 -0.1695 0.0763
vn -0.9825 -0.1699 0.0764
vn -0.9826 -0.1695 0.0764
vn -0.9825 -0.1695 0.0768
vn -0.9825 -0.1696 0.0766
vn -0.9826 -0.1694 0.0766
vn -0.9826 -0.1694 0.0765
vn -0.9826 -0.1682 0.0783
vn -0.9824 -0.1698 0.0780
vn -0.9826 -0.1671 0.0814
vn -0.9826 -0.1695 0.0762
vn -0.9826 -0.1694 0.0763
vn -0.9825 -0.1699 0.0762
vn -0.9825 -0.1699 0.0761
vn -0.9825 -0.1700 0.0760
vn -0.9826 -0.1690 0.0769
vn -0.9824 -0.1695 0.0785
vn -0.9825 -0.1687 0.0786
vn -0.9825 -0.1692 0.0777
vn -0.9825 -0.1696 0.0767
vn -0.9823 -0.1593 0.0981
vn -0.9825 -0.1595 0.0961
vn -0.9824 -0.1703 0.0764
vn -0.9825 -0.1699 0.0756
vn -0.9825 -0.1701 0.0754
vn -0.9826 -0.1689 0.0771
vn -0.9825 -0.1694 0.0771
vn -0.9825 -0.1662 0.0836
vn -0.9824 -0.1684 0.0806
vn -0.9827 -0.1610 0.0916
vn -0.9826 -0.1686 0.0774
vn -0.9826 -0.1685 0.0776
vn -0.9828 -0.1651 0.0833
vn -0.9826 -0.1678 0.0794
vn -0.9825 -0.1680 0.0802
vn -0.9827 -0.1680 0.0777
vn -0.9827 -0.1679 0.0780
vn -0.9828 -0.1658 0.0806
vn -0.9827 -0.1684 0.0766
vn -0.9827 -0.1637 0.0862
vn -0.9827 -0.1690 0.0753
vn -0.9824 -0.1635 0.0905
vn -0.9827 -0.1698 0.0745
vn -0.9826 -0.1544 0.1035
vn -0.9828 -0.1697 0.0725
vn -0.9825 -0.1493 0.1117
vn -0.9826 -0.1711 0.0716
vn -0.9812 -0.1451 0.1270
vn -0.9828 -0.1702 0.0711
vn -0.9813 -0.1028 0.1627
vn -0.9829 -0.1703 0.0706
vn -0.9729 -0.1126 0.2018
vn -0.9826 -0.1730 0.0682
vn -0.9389 0.0011 0.3443
vn -0.9830 -0.1716 0.0659
vn -0.6662 0.2087 0.7160
vn -0.9828 -0.1727 0.0654
vn 0.6926 0.4052 0.5967
vn -0.9827 -0.1739 0.0631
vn -0.9612 -0.0494 0.2713
vn -0.9824 -0.1759 0.0624
vn -0.9732 -0.1084 0.2026
vn -0.9826 -0.1754 0.0611
vn -0.9833 -0.1709 0.0632
vn -0.9828 -0.1722 0.0674
vn -0.9826 -0.1725 0.0693
vn -0.9826 -0.1709 0.0721
vn -0.9825 -0.1703 0.0749
vn -0.9829 -0.1675 0.0766
vn -0.9830 -0.1671 0.0765
vn -0.9829 -0.1670 0.0780
vn -0.9829 -0.1663 0.0785
vn -0.9802 -0.1315 0.1480
vn -0.9821 -0.1259 0.1399
vn -0.9808 -0.1575 0.1151
vn -0.9819 -0.1548 0.1089
vn -0.9826 -0.1543 0.1038
vn -0.9831 -0.1561 0.0957
vn -0.9824 -0.1642 0.0894
vn -0.9830 -0.1625 0.0854
vn -0.9825 -0.1669 0.0829
vn -0.9828 -0.1654 0.0823
vn -0.9829 -0.1659 0.0797
vn -0.9829 -0.1663 0.0790
vn -0.9829 -0.1644 0.0834
vn -0.9830 -0.1654 0.0803
vn -0.9830 -0.1655 0.0799
vn -0.9828 -0.1665 0.0799
vn -0.9829 -0.1661 0.0789
vn 0.9833 0.1629 -0.0814
vn -0.9822 -0.1763 0.0647
vn -0.9789 -0.2043 -0.0009
vn -0.2067 -0.4596 -0.8637
vn -0.0000 -0.4333 -0.9013
vn -0.6074 -0.4420 -0.6600
vn -0.9693 -0.2460 -0.0000
vn -0.9693 -0.2461 -0.0000
vn -0.0000 1.0000 -0.0000
vn 0.2769 0.9609 -0.0000
vn 0.3548 0.8689 -0.3452
vn 0.3238 0.9376 0.1266
vn 0.4767 0.8308 -0.2874
vn 0.4549 0.8859 -0.0906
vn 0.4772 0.8788 0.0066
vn 0.4772 0.8787 0.0074
vn 0.4773 0.8787 0.0081
vn 0.4835 0.8718 0.0794
vn 0.5953 0.7235 -0.3497
vn 0.5683 0.8223 0.0296
vn 0.6510 0.7583 -0.0353
vn 0.6887 0.7019 -0.1816
vn 0.6850 0.7254 0.0679
vn 0.7087 0.7052 0.0223
vn 0.7090 0.7049 0.0217
vn 0.7094 0.7045 0.0211
vn 0.7647 0.6363 -0.1019
vn 0.7538 0.6567 0.0207
vn 0.7823 0.6227 0.0136
vn 0.7613 0.6484 0.0058
vn 0.7530 0.6575 0.0268
vn 0.7827 0.6224 -0.0000
vn 1.0000 -0.0000 -0.0000
vn 0.0375 -0.9993 -0.0000
vn 0.0375 -0.9993 0.0003
vn 0.0375 -0.9993 -0.0004
vn -0.0000 0.3746 0.9272
vn -0.0357 -0.9994 -0.0000
vn 0.9997 0.0264 -0.0000
vn 0.9915 -0.1233 -0.0415
vn 0.9920 -0.1261 -0.0000
vn 0.9479 -0.3187 -0.0000
vn 0.8869 -0.4619 0.0002
vn 0.8870 -0.4618 -0.0000
vn 0.8028 -0.5962 -0.0000
vn 0.8029 -0.5961 -0.0001
vn 0.6953 -0.7187 -0.0001
vn 0.6952 -0.7188 -0.0000
vn 0.5651 -0.8250 -0.0000
vn 0.5649 -0.8252 0.0003
vn 0.4122 -0.9111 0.0003
vn 0.4124 -0.9110 -0.0000
vn 0.9951 -0.0807 0.0569
vn 0.9808 0.1948 -0.0000
vn 0.9446 0.3283 -0.0000
vn 0.9446 0.3282 -0.0000
vn -0.9792 -0.2029 -0.0000
vn -0.9792 -0.2029 0.0001
vn -0.9792 -0.2030 -0.0000
vn -0.9792 -0.2029 -0.0001
vn -0.3983 -0.9172 -0.0000
vn -0.3578 -0.9020 -0.2418
vn -0.4712 -0.8820 -0.0001
vn -0.5441 -0.8390 -0.0001
vn -0.5441 -0.8390 -0.0000
vn -0.6265 -0.7794 -0.0000
vn -0.1109 -0.9938 -0.0000
vn -0.2824 -0.9593 -0.0000
vn -0.9914 0.1305 -0.0000
vn -0.9914 -0.1305 -0.0000
vn -0.9239 -0.3827 -0.0000
vn -0.7934 -0.6088 -0.0000
vn -0.6088 -0.7934 -0.0000
vn -0.3827 -0.9239 -0.0000
vn -0.1305 -0.9914 -0.0000
vn 0.1305 -0.9914 -0.0000
vn 0.3827 -0.9239 -0.0000
vn 0.6088 -0.7934 -0.0000
vn 0.7934 -0.6088 -0.0000
vn 0.9239 -0.3827 -0.0000
vn 0.9914 -0.1305 -0.0000
vn 0.9914 0.1305 -0.0000
vn 0.9239 0.3827 -0.0000
vn 0.7934 0.6088 -0.0000
vn 0.6088 0.7934 -0.0000
vn 0.3827 0.9239 -0.0000
vn 0.1305 0.9914 -0.0000
vn -0.1305 0.9914 -0.0000
vn -0.3827 0.9239 -0.0000
vn -0.6088 0.7934 -0.0000
vn -0.7934 0.6088 -0.0000
vn -0.9239 0.3827 -0.0000
vn -0.6088 0.7933 -0.0000
vn -0.6088 -0.7933 -0.0000
vn -0.7933 -0.6088 -0.0000
vn -0.6087 -0.7934 -0.0000
vn 0.6087 -0.7934 -0.0000
vn 0.6088 -0.7933 -0.0000
vn 0.9914 -0.1306 -0.0000
vn 0.9914 0.1306 -0.0000
vn 0.6088 0.7933 -0.0000
vn 0.6087 0.7934 -0.0000
vn -0.6087 0.7934 -0.0000
vn -0.7933 0.6088 -0.0000
vn -0.7934 -0.6087 -0.0000
vn 0.7934 0.6087 -0.0000
vn 0.8236 -0.1208 -0.5541
vn 0.9360 0.2940 0.1937
vn 0.9767 0.1845 -0.1093
vn 0.9978 0.0641 -0.0140
vn 0.9566 0.1897 0.2210
vn 0.9995 0.0318 -0.0059
vn 0.9995 0.0313 -0.0068
vn 0.9995 0.0307 -0.0079
vn 0.9717 -0.0611 -0.2282
vn -0.0020 0.1043 0.9945
vn 0.0004 0.1333 0.9911
vn -0.0013 0.1924 0.9813
vn -0.0000 0.0557 0.9984
vn 0.0009 0.0825 0.9966
vn -0.0064 0.2051 0.9787
vn 0.0023 0.2608 0.9654
vn -0.0055 0.3011 0.9536
vn 0.0057 0.3255 0.9455
vn -0.0128 0.3901 0.9207
vn 0.0513 0.4785 0.8766
vn -0.0067 0.4658 0.8849
vn 0.0055 0.5001 0.8659
vn 0.0020 0.5002 0.8659
vn -0.0005 0.5091 0.8607
vn 0.0014 0.5208 0.8537
vn 0.0007 0.5212 0.8535
vn -0.0000 0.5258 0.8506
vn -0.0000 0.5331 0.8461
vn 0.0001 0.5328 0.8463
vn -0.0002 0.5391 0.8422
vn 0.0002 0.5355 0.8445
vn -0.0000 0.5387 0.8425
vn -0.0000 0.5416 0.8406
vn -0.0000 0.5428 0.8399
vn -0.0000 0.5446 0.8387
vn 0.0004 0.5437 0.8393
vn 0.0002 0.5444 0.8388
vn -0.0000 0.5451 0.8384
vn -0.0000 0.5455 0.8381
vn -0.0000 0.5458 0.8379
vn -0.0000 0.5460 0.8378
vn -0.0001 0.5340 0.8455
vn -0.0000 0.5316 0.8470
vn -0.0000 0.5304 0.8478
vn -0.0003 0.5287 0.8488
vn -0.0009 0.5269 0.8499
vn -0.0019 0.5249 0.8512
vn -0.0037 0.5226 0.8526
vn -0.0077 0.5188 0.8549
vn -0.0159 0.5134 0.8580
vn -0.0295 0.5054 0.8624
vn -0.0497 0.4945 0.8678
vn 0.1551 0.4927 0.8563
vn 0.0839 0.4695 0.8789
vn -0.0866 0.3205 0.9433
vn 0.0408 0.3403 0.9394
vn -0.0531 0.1566 0.9862
vn -0.0000 0.1640 0.9865
vn -0.0000 -0.5319 -0.8468
vn 0.0001 -0.5340 -0.8455
vn -0.0002 -0.5357 -0.8444
vn -0.0000 -0.5387 -0.8425
vn -0.0000 -0.5416 -0.8406
vn -0.0000 -0.5307 -0.8476
vn 0.0002 -0.5290 -0.8486
vn 0.0008 -0.5271 -0.8498
vn 0.0018 -0.5251 -0.8510
vn 0.0035 -0.5228 -0.8524
vn 0.0075 -0.5190 -0.8548
vn 0.0156 -0.5135 -0.8579
vn 0.0292 -0.5056 -0.8623
vn 0.0572 -0.4903 -0.8697
vn -0.1667 -0.4950 -0.8527
vn -0.0795 -0.4661 -0.8812
vn 0.0321 -0.3705 -0.9283
vn -0.1019 -0.3577 -0.9283
vn -0.0303 -0.3202 -0.9469
vn 0.0225 -0.2174 -0.9758
vn -0.1193 -0.2042 -0.9716
vn -0.0000 -0.1164 -0.9932
vn 0.0077 -0.1126 -0.9936
vn 0.0001 -0.0507 -0.9987
vn -0.0000 -0.0497 -0.9988
vn -0.0000 -0.0487 -0.9988
vn -0.0000 -0.5428 -0.8398
vn -0.0000 -0.5445 -0.8387
vn -0.0005 -0.5436 -0.8394
vn -0.0003 -0.5441 -0.8390
vn -0.0001 -0.5447 -0.8386
vn -0.0000 -0.5451 -0.8384
vn -0.0000 -0.5455 -0.8381
vn -0.0000 -0.5458 -0.8379
vn -0.0000 -0.5460 -0.8378
vn 0.0002 -0.5392 -0.8422
vn -0.0001 -0.5328 -0.8462
vn -0.0000 -0.5331 -0.8461
vn -0.0000 -0.5261 -0.8504
vn -0.0006 -0.5214 -0.8533
vn -0.0018 -0.5208 -0.8536
vn 0.0004 -0.5095 -0.8605
vn -0.0014 -0.4996 -0.8662
vn -0.0053 -0.4992 -0.8664
vn 0.0069 -0.4659 -0.8848
vn -0.0187 -0.4718 -0.8815
vn 0.0446 -0.3565 -0.9332
vn -0.0048 -0.3852 -0.9228
vn 0.0035 -0.2981 -0.9545
vn 0.0293 -0.2491 -0.9680
vn 0.0119 -0.2253 -0.9742
vn -0.0009 -0.1691 -0.9856
vn 0.0007 -0.1138 -0.9935
vn 0.0020 -0.1043 -0.9945
vn -0.0004 -0.0727 -0.9974
vn -0.0001 -0.0616 -0.9981
vn -0.0001 -0.0586 -0.9983
vn -0.0000 -0.0556 -0.9985
vn -0.0000 -0.0525 -0.9986
vn -0.0000 -1.0000 -0.0000
vn 0.9446 0.3279 -0.0165
vn 0.9448 0.3260 -0.0322
vn -0.9418 -0.3334 -0.0442
vn 0.9446 0.3281 -0.0061
vn 0.9446 0.3283 -0.0033
vn 0.9447 0.3279 -0.0088
vn 0.9453 0.3255 -0.0201
vn 0.9460 0.3225 -0.0331
vn -0.9093 -0.3592 -0.2101
vn 0.9439 0.2946 -0.1491
vn 0.9475 0.3094 -0.0810
vn 0.9475 0.3094 -0.0811
vn 0.9480 0.3078 -0.0807
vn 0.9480 0.3134 -0.0557
vn 0.9472 0.2883 -0.1401
vn -0.8686 -0.3963 -0.2976
vn -0.9370 -0.3447 -0.0557
vn 0.9465 0.3219 -0.0219
vn 0.9465 0.3220 -0.0218
vn 0.9472 0.3200 -0.0187
vn 0.9472 0.3200 -0.0185
vn 0.9477 0.3183 -0.0229
vn -0.9373 -0.3461 -0.0407
vn -0.9333 -0.3540 -0.0604
vn -0.9228 -0.3707 -0.1048
vn 0.9491 0.3127 -0.0365
vn 0.9501 0.3083 -0.0476
vn 0.9512 0.3022 -0.0623
vn 0.7786 -0.0152 -0.6273
vn 0.9493 0.2389 -0.2044
vn 0.9526 0.2713 -0.1376
vn 0.9526 0.2866 -0.1026
vn 0.9524 0.2809 -0.1182
vn 0.9522 0.2817 -0.1185
vn 0.9522 0.2816 -0.1184
vn 0.9520 0.2808 -0.1217
vn 0.9517 0.2771 -0.1324
vn 0.9518 0.2873 -0.1077
vn 0.9510 0.2977 -0.0839
vn 0.9491 0.3106 -0.0522
vn -0.8080 -0.4314 -0.4013
vn -0.9328 -0.3520 -0.0775
vn -0.9389 -0.3414 -0.0432
vn 0.9579 0.2471 -0.1463
vn 0.9573 0.2611 -0.1243
vn 0.9557 0.2785 -0.0950
vn 0.9379 0.1483 -0.3135
vn -0.3981 -0.5480 -0.7357
vn -0.8976 -0.4061 -0.1712
vn 0.9517 0.3028 -0.0515
vn 0.9501 0.3095 -0.0387
vn 0.9488 0.3144 -0.0298
vn -0.9346 -0.3521 -0.0515
vn -0.9380 -0.3447 -0.0357
vn -0.9396 -0.3410 -0.0281
vn -0.9393 -0.3417 -0.0298
vn -0.9408 -0.3358 -0.0469
vn -0.9434 -0.3312 -0.0194
vn -0.9438 -0.3303 -0.0116
vn 0.9567 0.2295 -0.1788
vn 0.9537 0.2925 -0.0699
vn -0.9265 -0.3668 -0.0833
vn 0.9484 0.3158 -0.0287
vn -0.8653 -0.4253 -0.2653
vn 0.9521 0.2947 -0.0815
vn 0.9524 0.2810 -0.1181
vn 0.9521 0.2832 -0.1156
vn 0.9476 0.3179 -0.0329
vn 0.9472 0.3187 -0.0345
vn 0.9469 0.2498 -0.2024
vn 0.9480 0.3079 -0.0806
vn 0.9468 0.3169 -0.0554
vn 0.9446 0.3279 -0.0112
vn 0.9479 0.3176 -0.0234
vn -0.9791 -0.2028 0.0117
vn -0.9790 -0.2037 0.0099
vn -0.9790 -0.2038 0.0099
vn -0.9793 -0.2021 0.0128
vn -0.9790 -0.2034 0.0129
vn -0.9790 -0.2035 0.0129
vn 0.4196 0.8020 0.4252
vn 0.4249 0.8005 0.4226
vn 0.4190 0.8032 0.4234
vn 0.4191 0.8032 0.4234
vn 0.4191 0.8026 0.4245
vn 0.4192 0.8022 0.4251
vn -0.0000 0.4036 0.9149
vn -0.1545 0.9880 -0.0000
vn -0.2971 0.9548 -0.0000
vn -0.0290 0.9996 -0.0000
vn 0.2712 0.9625 -0.0000
vn 0.4018 0.9157 -0.0000
vn 0.5237 0.8519 -0.0000
vn 0.6310 0.7758 -0.0000
vn 0.7582 0.6521 -0.0000
vn 0.8713 0.4908 -0.0000
vn 0.9553 0.2957 -0.0000
vn 0.9942 0.1077 -0.0000
vn 0.6684 0.7438 -0.0000
vn 0.7071 0.7071 -0.0000
vn 0.9297 0.3684 -0.0000
vn 0.9812 0.1928 -0.0000
vn 0.9994 0.0341 -0.0000
vn 0.9841 -0.1778 -0.0000
vn 0.9258 -0.3781 -0.0000
vn 0.8501 -0.5267 -0.0000
vn 0.7377 -0.6752 -0.0000
vn 0.5903 -0.8072 -0.0000
vn 0.4203 -0.9074 -0.0000
vn 0.4202 -0.9074 -0.0000
vn 0.2459 -0.9693 -0.0000
vn 0.7792 -0.6268 -0.0000
vn 0.6766 -0.7364 -0.0000
vn 0.5328 -0.8463 -0.0000
vn 0.5328 -0.8462 -0.0000
vn 0.3733 -0.9277 -0.0000
vn 0.1643 -0.9864 -0.0000
vn 0.1642 -0.9864 -0.0000
vn -0.0592 -0.9982 -0.0000
vn -0.2502 -0.9682 -0.0000
vn -0.3863 -0.9224 -0.0000
vn -0.5482 -0.8363 -0.0000
vn -0.5989 -0.8008 -0.0000
vn -0.4925 -0.8703 -0.0000
vn -0.2603 -0.9655 -0.0000
vn -0.0587 -0.9983 -0.0000
vn 0.1087 -0.9941 -0.0000
vn 0.2882 -0.9576 -0.0000
vn 0.4607 -0.8876 -0.0000
vn 0.4606 -0.8876 -0.0000
vn 0.6086 -0.7935 -0.0000
vn 0.7240 -0.6898 -0.0000
vn 0.7240 -0.6897 -0.0000
vn 0.0290 -0.9996 -0.0000
vn -0.2928 -0.9562 -0.0000
vn -0.4194 -0.9078 -0.0000
vn -0.6602 -0.7511 -0.0000
vn -0.7617 -0.6480 -0.0000
vn -0.8446 -0.5353 -0.0000
vn -0.9324 -0.3616 -0.0000
vn -0.9324 -0.3615 -0.0000
vn -1.0000 -0.0000 -0.0000
vn -0.8703 0.4925 -0.0000
vn -0.7214 0.6925 -0.0000
vn -0.5468 0.8373 -0.0000
vn -0.3927 0.9197 -0.0000
vn -0.2135 0.9770 -0.0000
vn -0.9061 0.4230 -0.0000
vn -0.7720 0.6356 -0.0000
vn -0.5892 0.8080 -0.0000
vn -0.3691 0.9294 -0.0000
vn -0.1257 0.9921 -0.0000
vn 0.3779 0.9259 -0.0000
vn 0.5746 0.8185 -0.0000
vn 0.7391 0.6735 -0.0000
vn 0.7391 0.6736 -0.0000
vn 0.8582 0.5133 -0.0000
vn 0.9339 0.3574 -0.0000
vn 0.9764 0.2160 -0.0000
vn 0.9994 0.0352 -0.0000
vn 0.9862 -0.1655 -0.0000
vn 0.9386 -0.3451 -0.0000
vn 0.8473 -0.5311 -0.0000
vn 0.7273 -0.6863 -0.0000
vn 0.6038 -0.7971 -0.0000
vn -0.0655 -0.9978 -0.0000
vn -0.5044 -0.8634 -0.0000
vn -0.6891 -0.7246 -0.0000
vn -0.8371 -0.5471 -0.0000
vn -0.9403 -0.3404 -0.0000
vn -0.9933 -0.1155 -0.0000
vn 0.4439 0.7689 0.4602
vn 1.0000 -0.0023 0.0043
vn -0.4413 0.7603 0.4767
vn 0.9954 0.0955 0.0104
vn 0.9054 0.1581 0.3941
vn 0.5855 0.1712 0.7924
vn 0.7287 0.1977 0.6556
vn 0.9497 0.2446 0.1954
vn 0.9733 0.2284 -0.0235
vn 0.9458 0.2351 -0.2240
vn 0.8966 0.2192 -0.3848
vn 0.9358 0.2639 -0.2337
vn 0.9450 0.3243 -0.0436
vn 0.9222 0.3447 0.1751
vn 0.8534 0.3635 0.3736
vn 0.9142 0.3746 0.1547
vn 0.9225 0.3815 -0.0584
vn 0.9068 0.3483 -0.2373
vn 0.8138 0.2948 -0.5007
vn 0.6786 0.2193 -0.7010
vn 0.8797 0.4575 0.1300
vn 0.7017 0.4715 0.5342
vn 0.3359 0.3602 0.8703
vn 0.8293 0.4133 -0.3761
vn 0.8508 0.5148 -0.1052
vn 0.8366 0.5367 -0.1098
vn 0.4821 0.4765 0.7352
vn 0.7177 0.5857 0.3765
vn 0.8023 0.5961 0.0301
vn 0.7504 0.4399 -0.4934
vn 0.6491 0.3385 -0.6812
vn 0.5491 0.2457 -0.7988
vn 0.5448 0.2407 -0.8033
vn 0.6340 0.3538 -0.6876
vn 0.7696 0.6385 0.0058
vn 0.6855 0.6642 0.2980
vn 0.4921 0.6020 0.6289
vn 0.7506 0.5827 -0.3116
vn 0.7498 0.6347 -0.1870
vn 0.7406 0.6446 -0.1897
vn 0.6818 0.7007 0.2099
vn 0.7274 0.6816 -0.0795
vn 0.7237 0.6591 -0.2045
vn 0.6884 0.5426 -0.4814
vn 0.6185 0.4343 -0.6549
vn 0.5341 0.3187 -0.7830
vn 0.6898 0.7240 -0.0083
vn 0.5531 0.7289 0.4034
vn 0.2790 0.5666 0.7753
vn 0.6380 0.5241 -0.5642
vn 0.6734 0.6466 -0.3585
vn 0.6720 0.7067 -0.2212
vn 0.5143 0.7468 0.4216
vn 0.6424 0.7663 0.0098
vn 0.6604 0.7263 -0.1905
vn 0.6613 0.6884 -0.2979
vn 0.6485 0.6388 -0.4141
vn 0.6243 0.5720 -0.5321
vn 0.6536 0.7060 -0.2728
vn 0.6479 0.7344 -0.2024
vn 0.6270 0.7777 -0.0448
vn 0.5670 0.4488 -0.6907
vn 0.5461 0.4090 -0.7311
vn 0.5452 0.4072 -0.7328
vn 0.5585 0.4376 -0.7047
vn 0.5743 0.4764 -0.6657
vn 0.0706 0.4586 0.8858
vn -0.1797 0.1713 0.9687
vn -0.3093 -0.0036 0.9510
vn 0.6088 0.5820 -0.5391
vn 0.6194 0.6306 -0.4676
vn 0.6243 0.6682 -0.4047
vn -0.4106 -0.1576 0.8981
vn -0.4396 -0.2056 0.8744
vn -0.5482 -0.4106 0.7286
vn -0.6089 -0.5993 0.5198
vn -0.6131 -0.6209 0.4885
vn 0.6234 0.7091 -0.3294
vn 0.6225 0.7012 -0.3475
vn 0.6218 0.6930 -0.3648
vn -0.6177 -0.6493 0.4437
vn -0.6179 -0.6536 0.4370
vn -0.6192 -0.6647 0.4180
vn 0.6206 0.6812 -0.3883
vn 0.6197 0.6730 -0.4037
vn 0.6205 0.6803 -0.3901
vn 0.6207 0.6943 -0.3642
vn 0.6204 0.7005 -0.3527
vn -0.5929 -0.8016 0.0761
vn 0.5956 0.5391 -0.5955
vn 0.6174 0.6465 -0.4481
vn 0.6204 0.7049 -0.3440
vn 0.6207 0.6979 -0.3573
vn 0.6213 0.6881 -0.3749
vn 0.6204 0.6757 -0.3982
vn 0.9556 0.1175 -0.2704
vn 0.9404 0.1158 -0.3199
vn 0.9820 0.1881 -0.0197
vn 0.6070 0.1796 -0.7741
vn 0.6902 0.2505 -0.6788
vn 0.5128 0.2908 -0.8078
vn 0.5668 0.3799 -0.7310
vn 0.1887 0.5020 0.8440
vn 0.1026 0.4201 0.9017
vn 0.5058 0.6241 0.5956
vn 0.3728 0.5379 0.7561
vn 0.2085 0.3162 0.9255
vn 0.1412 0.2744 0.9512
vn 0.6203 0.7045 -0.3448
vn 0.6214 0.6884 -0.3742
vn 0.6253 0.6949 -0.3551
vn 0.6245 0.7084 -0.3290
vn 0.5923 0.5264 -0.6100
vn -0.6208 -0.7116 0.3291
vn -0.6205 -0.6834 0.3847
vn 0.5532 0.8008 0.2297
vn -0.6160 -0.6389 0.4607
vn 0.5944 0.5043 -0.6264
vn 0.6576 0.7027 -0.2715
vn -0.3738 -0.0993 0.9222
vn 0.3696 0.7176 0.5903
vn 0.6663 0.7116 -0.2229
vn 0.7260 0.6146 -0.3085
vn 0.7148 0.6679 -0.2072
vn 0.7136 0.4811 -0.5092
vn 0.8151 0.5143 -0.2667
vn 0.7903 0.5966 -0.1397
vn 0.8014 0.5824 -0.1364
vn 0.9106 0.4085 -0.0625
vn 0.9340 0.3541 -0.0476
vn 0.9552 0.2939 -0.0335
vn 0.9647 0.2616 -0.0298
vn 0.6566 0.6623 -0.3609
vn 0.6575 0.6433 -0.3922
vn 0.6576 0.6401 -0.3973
vn 0.6575 0.6792 -0.3262
vn 0.6575 0.6802 -0.3240
vn 0.6573 0.6769 -0.3312
vn 0.6579 0.6406 -0.3960
vn 0.6578 0.6480 -0.3839
vn 0.6562 0.6773 -0.3325
vn 0.6570 0.6512 -0.3799
vn 0.6519 0.6049 -0.4574
vn 0.6437 0.5612 -0.5203
vn 0.6105 0.7912 -0.0354
vn 0.5088 0.8231 0.2524
vn 0.3027 0.7470 0.5919
vn 0.5671 0.3396 -0.7504
vn 0.5085 0.2185 -0.8329
vn 0.4342 0.0865 -0.8967
vn 0.4139 0.0491 -0.9090
vn 0.4478 0.1126 -0.8870
vn 0.2876 0.7468 0.5996
vn 0.3380 0.7796 0.5272
vn 0.3853 0.8066 0.4483
vn 0.5105 0.2477 -0.8234
vn 0.5550 0.3630 -0.7484
vn 0.5894 0.4819 -0.6483
vn 0.5307 0.8402 0.1116
vn 0.5718 0.8191 -0.0455
vn 0.5947 0.7823 -0.1852
vn 0.6089 0.6287 -0.4837
vn 0.6053 0.6803 -0.4132
vn 0.5971 0.6946 -0.4012
vn 0.5971 0.6893 -0.4103
vn 0.5899 0.6939 -0.4129
vn 0.5834 0.7194 -0.3770
vn 0.5774 0.6131 -0.5392
vn 0.5548 0.5304 -0.6410
vn 0.5170 0.4190 -0.7464
vn 0.5509 0.8157 -0.1763
vn 0.5110 0.8594 -0.0160
vn 0.4518 0.8776 0.1602
vn 0.4051 0.1624 -0.8997
vn 0.3463 0.0479 -0.9369
vn 0.2938 -0.0475 -0.9547
vn 0.3100 0.8325 0.4592
vn 0.2478 0.7904 0.5602
vn 0.1969 0.7492 0.6324
vn 0.2122 -0.1842 -0.9597
vn 0.1821 -0.2321 -0.9555
vn 0.1577 -0.2702 -0.9498
vn 0.1250 0.6804 0.7221
vn 0.0953 0.6485 0.7552
vn 0.0860 0.6381 0.7651
vn 0.1016 0.6615 0.7431
vn 0.1246 0.6947 0.7084
vn 0.1490 -0.2674 -0.9520
vn 0.1687 -0.2238 -0.9599
vn 0.1932 -0.1672 -0.9668
vn 0.1763 0.7664 0.6177
vn 0.2114 0.8105 0.5462
vn 0.2530 0.8576 0.4477
vn 0.2595 0.0030 -0.9657
vn 0.3001 0.1243 -0.9458
vn 0.3422 0.2686 -0.9004
vn 0.3457 0.9260 0.1517
vn 0.3825 0.9234 -0.0318
vn 0.4038 0.8913 -0.2063
vn 0.4000 0.5615 -0.7243
vn 0.4080 0.6697 -0.6205
vn 0.4052 0.7398 -0.5370
vn 0.4056 0.8020 -0.4385
vn 0.3980 0.7792 -0.4842
vn 0.3899 0.7821 -0.4861
vn 0.3899 0.7841 -0.4829
vn 0.3816 0.7646 -0.5194
vn 0.3707 0.7139 -0.5940
vn 0.3694 0.8582 -0.3565
vn 0.3496 0.9099 -0.2234
vn 0.3185 0.9463 -0.0552
vn 0.3258 0.5023 -0.8009
vn 0.2883 0.3548 -0.8894
vn 0.2463 0.2056 -0.9471
vn 0.2323 0.9308 0.2824
vn 0.1899 0.8914 0.4115
vn 0.1537 0.8469 0.5091
vn 0.1697 -0.0368 -0.9848
vn 0.1404 -0.1233 -0.9824
vn 0.1167 -0.1906 -0.9747
vn 0.1014 0.7666 0.6341
vn 0.0831 0.7345 0.6735
vn 0.0688 0.7074 0.7034
vn 0.0828 -0.2846 -0.9551
vn 0.0715 -0.3157 -0.9462
vn 0.1334 -0.3073 -0.9422
vn 0.1204 -0.3269 -0.9374
vn 0.1296 -0.3082 -0.9424
vn 0.0480 -0.1901 -0.9806
vn 0.0552 -0.1447 -0.9879
vn 0.0674 -0.0662 -0.9955
vn 0.0746 0.9042 0.4205
vn 0.0915 0.9456 0.3122
vn 0.1106 0.9782 0.1757
vn 0.1002 0.1521 -0.9833
vn 0.1199 0.2918 -0.9489
vn 0.1398 0.4398 -0.8872
vn 0.1486 0.9779 -0.1471
vn 0.1629 0.9409 -0.2969
vn 0.1734 0.8935 -0.4142
vn 0.1705 0.6896 -0.7038
vn 0.1803 0.7674 -0.6154
vn 0.1876 0.8119 -0.5528
vn 0.1877 0.8274 -0.5293
vn 0.1942 0.8264 -0.5286
vn 0.2005 0.8490 -0.4889
vn 0.2007 0.8215 -0.5336
vn 0.2070 0.7874 -0.5807
vn 0.2111 0.7205 -0.6605
vn 0.2065 0.9377 -0.2794
vn 0.2002 0.9729 -0.1159
vn 0.1860 0.9806 0.0619
vn 0.2018 0.4760 -0.8560
vn 0.1854 0.3172 -0.9301
vn 0.1649 0.1637 -0.9726
vn 0.1438 0.9174 0.3710
vn 0.1229 0.8690 0.4793
vn 0.1050 0.8221 0.5596
vn 0.1237 -0.0764 -0.9894
vn 0.1069 -0.1599 -0.9813
vn 0.0930 -0.2243 -0.9701
vn 0.0774 0.7444 0.6633
vn 0.0673 0.7139 0.6970
vn 0.0588 0.6886 0.7227
vn 0.0721 -0.3130 -0.9470
vn 0.0746 0.8377 -0.5410
vn 0.0793 0.8154 -0.5735
vn 0.0837 0.7670 -0.6361
vn 0.0837 0.8953 -0.4375
vn 0.0868 0.9403 -0.3291
vn 0.0874 0.9787 -0.1859
vn 0.0874 0.5723 -0.8153
vn 0.0848 0.4303 -0.8987
vn 0.0793 0.2784 -0.9572
vn 0.0792 0.9865 0.1431
vn 0.0716 0.9546 0.2893
vn 0.0636 0.9116 0.4061
vn 0.0639 0.0108 -0.9979
vn 0.0565 -0.0897 -0.9944
vn 0.0499 -0.1695 -0.9843
vn 0.0493 0.8226 0.5665
vn 0.0606 0.8623 0.5028
vn 0.0560 0.8654 0.4980
vn 0.0493 0.8225 0.5666
vn 0.0581 0.6866 0.7247
vn 0.1896 0.6697 0.7181
vn 0.0933 0.5892 0.8026
vn 0.0793 0.8580 -0.5074
vn 0.0868 0.6871 -0.7214
vn 0.0848 0.9962 -0.0204
vn 0.0718 0.1345 -0.9883
vn 0.0823 0.0320 -0.9961
vn 0.1305 0.9913 0.0192
vn 0.1571 0.5781 -0.8007
vn 0.1811 0.8517 -0.4917
vn 0.1942 0.8292 -0.5242
vn 0.2102 0.6157 -0.7594
vn 0.1433 0.0307 -0.9892
vn 0.0815 -0.2743 -0.9582
vn 0.0979 -0.2434 -0.9650
vn 0.2052 0.0726 -0.9760
vn 0.3532 0.6263 -0.6950
vn 0.2055 0.8901 -0.4068
vn 0.1657 0.9585 0.2322
vn 0.0898 0.7801 0.6192
vn 0.1245 0.8042 0.5812
vn 0.2774 0.9531 0.1212
vn 0.3813 0.8107 -0.4442
vn 0.3980 0.7762 -0.4890
vn 0.3776 0.4214 -0.8245
vn 0.2232 -0.0931 -0.9703
vn 0.1567 0.7119 0.6846
vn 0.2491 -0.1238 -0.9605
vn 0.3805 0.8656 0.3255
vn 0.4651 0.2908 -0.8361
vn 0.5727 0.7634 -0.2986
vn 0.4095 0.8442 -0.3459
vn 0.2996 0.9000 0.3167
vn 0.1478 0.7278 0.6697
vn 0.5890 0.6645 -0.4598
vn 0.6029 0.7288 -0.3245
vn 0.6042 0.5652 -0.5617
vn 0.4605 0.8357 0.2993
vn 0.4808 0.1802 -0.8581
vn 0.6211 0.4792 -0.6202
vn 0.6575 0.6716 -0.3414
vn 0.6575 0.6773 -0.3301
vn 0.1646 0.6503 0.7416
vn 0.6422 0.7427 -0.1899
vn 0.6574 0.6374 -0.4018
vn 0.0295 0.8397 -0.5423
vn 0.0295 0.8395 -0.5425
vn 0.0295 0.8398 -0.5422
vn 0.0295 0.8400 -0.5418
vn 0.0296 0.8403 -0.5413
vn 0.0296 0.8392 -0.5430
vn 0.0296 0.8390 -0.5434
vn 0.0296 0.8387 -0.5438
vn 0.0296 0.8413 -0.5397
vn 0.0295 0.8407 -0.5407
vn 0.0296 0.8417 -0.5391
vn 0.0296 0.8380 -0.5449
vn 0.0295 0.8369 -0.5466
vn 0.0296 0.8360 -0.5479
vn 0.0296 0.8346 -0.5500
vn 0.0296 0.8394 -0.5427
vn 0.0296 0.8391 -0.5432
vn 0.0296 0.8388 -0.5436
vn 0.0296 0.8366 -0.5471
vn 0.0296 0.8366 -0.5470
vn 0.0296 0.8370 -0.5464
vn 0.0296 0.8382 -0.5446
vn 0.0296 0.8377 -0.5453
vn 0.0296 0.8378 -0.5452
vn 0.0296 0.8373 -0.5459
vn 0.0296 0.8376 -0.5455
vn 0.0296 0.8422 -0.5384
vn 0.0296 0.8412 -0.5399
vn 0.0296 0.8403 -0.5414
vn 0.0296 0.8383 -0.5444
vn 0.0295 0.8383 -0.5444
vn 0.0295 0.8399 -0.5420
vn 0.0295 0.8393 -0.5428
vn 0.0296 0.8374 -0.5458
vn 0.0296 0.8361 -0.5478
vn 0.2155 0.8182 -0.5330
vn 0.1784 0.8782 -0.4438
vn 0.1602 0.9111 -0.3797
vn 0.1598 0.7157 -0.6799
vn 0.1519 0.6937 -0.7041
vn 0.1399 0.6596 -0.7385
vn 0.1389 0.6640 -0.7347
vn 0.1003 0.7882 -0.6072
vn 0.1003 0.8669 -0.4882
vn 0.0539 0.8414 -0.5377
vn 0.0392 0.8378 -0.5445
vn 0.0392 0.8352 -0.5485
vn 0.0290 0.8373 -0.5460
vn -0.0229 0.8376 -0.5458
vn -0.0229 0.8426 -0.5381
vn -0.0806 0.9218 -0.3793
vn -0.0858 0.9283 -0.3618
vn -0.0953 0.9179 -0.3853
vn -0.1191 0.8899 -0.4403
vn -0.1188 0.7488 -0.6521
vn -0.1677 0.8057 -0.5681
vn -0.2095 0.8157 -0.5391
vn -0.2094 0.8205 -0.5318
vn -0.2268 0.8155 -0.5325
vn -0.2549 0.8127 -0.5240
vn -0.2549 0.8101 -0.5279
vn -0.3343 0.7532 -0.5665
vn -0.0809 0.7326 -0.6758
vn -0.0930 0.7036 -0.7044
vn -0.0950 0.7070 -0.7008
vn -0.5240 0.6745 -0.5200
vn -0.4828 0.7339 -0.4779
vn -0.3557 0.7832 -0.5099
vn -0.3555 0.7642 -0.5382
vn -0.3167 0.8288 -0.4613
vn -0.6898 0.6071 -0.3946
vn -0.6899 0.6069 -0.3948
vn -0.5988 0.6713 -0.4369
vn -0.5988 0.6713 -0.4368
vn -0.5776 0.6891 -0.4376
vn -0.5463 0.7202 -0.4277
vn -0.5463 0.6828 -0.4850
vn -0.8186 0.4414 -0.3675
vn -0.8068 0.4750 -0.3512
vn -0.7772 0.5276 -0.3429
vn -0.7773 0.5276 -0.3428
vn -0.7066 0.6302 -0.3217
vn -0.9061 0.3218 -0.2747
vn -0.9040 0.3313 -0.2703
vn -0.8956 0.3597 -0.2618
vn -0.8961 0.3722 -0.2419
vn -0.8809 0.4035 -0.2475
vn -0.8507 0.4767 -0.2217
vn -0.8458 0.4723 -0.2481
vn -0.8072 0.4950 -0.3216
vn -0.9572 0.2143 -0.1943
vn -0.9484 0.2661 -0.1725
vn -0.9239 0.3211 -0.2082
vn -0.9237 0.3298 -0.1949
vn -0.9047 0.3575 -0.2318
vn -0.9833 0.0438 -0.1769
vn -0.9839 0.1501 -0.0972
vn -0.9732 0.1931 -0.1250
vn -0.9732 0.1930 -0.1250
vn -0.9697 0.2068 -0.1304
vn -0.9625 0.2396 -0.1276
vn -0.9624 0.2146 -0.1665
vn -0.9967 -0.0525 -0.0618
vn -0.9998 0.0159 -0.0102
vn -0.9984 0.0467 -0.0304
vn -0.9984 0.0468 -0.0303
vn -0.9978 0.0571 -0.0326
vn -0.9966 0.0764 -0.0312
vn -0.9966 0.0598 -0.0565
vn -0.9918 0.0606 -0.1127
vn -0.8409 -0.4142 -0.3484
vn -0.8882 -0.3659 -0.2778
vn -0.9514 -0.2694 -0.1494
vn -0.9505 0.0252 0.3098
vn -0.9950 -0.0844 0.0543
vn -0.9981 -0.0518 0.0332
vn -0.9981 -0.0512 0.0332
vn -0.9985 -0.0471 0.0288
vn -0.9990 -0.0424 0.0159
vn -0.9990 -0.0322 0.0320
vn -0.9989 0.0010 0.0465
vn -0.9967 0.0346 0.0735
vn -0.9998 0.0158 -0.0102
vn -0.9171 -0.3963 -0.0423
vn -0.9175 -0.3955 -0.0418
vn -0.9226 -0.3850 -0.0257
vn -0.9210 -0.1382 0.3643
vn -0.9316 -0.1606 0.3262
vn -0.9457 -0.1985 0.2573
vn -0.9461 -0.3159 0.0710
vn -0.9577 -0.2430 0.1545
vn -0.9619 -0.2309 0.1466
vn -0.9619 -0.2306 0.1466
vn -0.9624 -0.2289 0.1463
vn -0.9631 -0.2257 0.1466
vn -0.9631 -0.2286 0.1421
vn -0.9645 -0.2285 0.1320
vn -0.9667 -0.2377 0.0951
vn -0.9667 -0.1870 0.1749
vn -0.9651 -0.1498 0.2147
vn -0.9640 -0.1380 0.2271
vn -0.9644 -0.2629 0.0290
vn -0.9615 -0.2747 0.0025
vn -0.9536 -0.2968 -0.0508
vn -0.9534 -0.0767 0.2917
vn -0.9192 0.0170 0.3935
vn -0.8350 0.1487 0.5298
vn -0.7966 0.1784 0.5777
vn -0.8059 0.1718 0.5666
vn -0.8695 -0.3941 -0.2977
vn -0.8580 -0.4033 -0.3181
vn -0.8337 -0.4186 -0.3601
vn -0.8404 0.1444 0.5223
vn -0.8846 0.1040 0.4546
vn -0.9369 -0.2962 0.1859
vn -0.9331 -0.3561 0.0497
vn -0.9205 -0.3898 -0.0268
vn -0.9109 -0.1201 0.3948
vn -0.9147 -0.1282 0.3834
vn -0.9328 -0.1977 0.3013
vn -0.9156 -0.1280 0.3811
vn -0.9918 0.1276 -0.0087
vn -0.9832 0.1794 0.0330
vn -0.9441 0.3165 -0.0918
vn -0.9388 0.3361 -0.0751
vn -0.5101 0.7653 -0.3925
vn -0.4826 0.7487 -0.4545
vn 0.1398 0.9334 -0.3305
vn 0.1426 0.9383 -0.3151
vn 0.1520 0.9249 -0.3485
vn -0.9322 -0.3618 0.0096
vn -0.9577 -0.2430 0.1544
vn -0.9624 -0.2296 0.1452
vn -0.9652 -0.2574 0.0458
vn -0.8753 -0.3900 -0.2860
vn -0.9214 -0.3468 -0.1755
vn -0.8166 0.1629 0.5538
vn -0.9950 -0.0843 0.0543
vn -0.9646 -0.2165 0.1509
vn -0.9614 -0.1176 0.2489
vn -0.9985 -0.0458 0.0308
vn -0.9978 0.0534 -0.0390
vn -0.9697 0.2034 -0.1351
vn -0.8810 0.3969 -0.2576
vn -0.8469 0.4461 -0.2895
vn -0.5778 0.6793 -0.4525
vn -0.6899 0.6067 -0.3949
vn -0.2268 0.8161 -0.5316
vn -0.1678 0.8390 -0.5176
vn 0.0288 0.8372 -0.5461
vn 0.0539 0.8288 -0.5570
vn 0.1785 0.7612 -0.6235
vn -0.9989 -0.0420 -0.0200
vn -0.9598 -0.2379 0.1493
vn -0.9591 -0.2243 0.1727
vn -0.9522 -0.1773 0.2487
vn -0.9582 -0.2654 0.1072
vn -0.9564 -0.2799 0.0833
vn -0.9545 -0.2914 0.0641
vn 0.7940 0.4876 0.3629
vn 0.8275 0.4681 0.3100
vn -0.5515 0.2685 0.7898
vn -0.9485 -0.1766 0.2630
vn -0.9553 -0.2854 0.0764
vn -0.9565 -0.2745 0.0984
vn -0.9572 -0.2625 0.1215
vn -0.9574 -0.2512 0.1421
vn -0.9572 -0.2547 0.1377
vn -0.9567 -0.2469 0.1542
vn -0.9568 -0.2555 0.1386
vn -0.9563 -0.2668 0.1193
vn -0.9551 -0.2813 0.0930
vn -0.7750 0.0577 0.6293
vn 0.8373 0.4477 0.3138
vn 0.9132 0.3837 0.1373
vn 0.9093 0.3884 0.1492
vn 0.7271 0.4882 0.4827
vn -0.9519 -0.3014 0.0549
vn -0.9530 -0.2947 0.0704
vn -0.9538 -0.2868 0.0894
vn -0.9523 -0.2381 0.1910
vn -0.9542 -0.2646 0.1394
vn -0.9540 -0.2733 0.1228
vn -0.9540 -0.2734 0.1228
vn -0.9538 -0.2740 0.1231
vn -0.9537 -0.2761 0.1196
vn -0.9537 -0.2727 0.1272
vn -0.9532 -0.2674 0.1412
vn -0.9433 -0.2215 0.2473
vn -0.9523 -0.2938 0.0825
vn -0.9507 -0.3046 0.0572
vn -0.9533 -0.2973 0.0538
vn -0.9538 -0.2947 0.0590
vn -0.9514 -0.3043 0.0483
vn -0.9520 -0.3010 0.0550
vn -0.9535 -0.2928 0.0708
vn -0.9488 -0.3125 0.0462
vn -0.9496 -0.3076 0.0604
vn -0.9507 -0.2976 0.0873
vn 0.9354 0.3467 0.0690
vn 0.9404 0.3380 0.0373
vn 0.9408 0.3372 0.0346
vn 0.9365 0.3456 0.0594
vn 0.8910 0.3963 0.2216
vn -0.9514 -0.2999 0.0706
vn -0.9470 -0.3192 0.0349
vn -0.9482 -0.3114 0.0632
vn -0.9487 -0.3043 0.0854
vn -0.9487 -0.3043 0.0853
vn -0.9492 -0.3028 0.0849
vn -0.9485 -0.2825 0.1435
vn -0.9492 -0.3090 0.0596
vn -0.9455 -0.3251 0.0175
vn -0.9462 -0.3210 0.0403
vn -0.9466 -0.3177 0.0558
vn 0.9448 0.3276 0.0083
vn 0.9444 0.3284 0.0157
vn -0.9454 -0.3256 0.0157
vn -0.9454 -0.3256 0.0109
vn -0.9454 -0.3258 0.0065
vn 0.9302 0.3379 0.1436
vn 0.9444 0.3284 0.0161
vn -0.9456 -0.3242 0.0264
vn -0.9470 -0.3165 0.0556
vn 0.9427 0.3318 0.0340
vn 0.9376 0.3395 0.0749
vn 0.5589 0.3647 0.7447
vn -0.9468 -0.3208 0.0264
vn -0.9471 -0.3184 0.0405
vn -0.9467 -0.2935 0.1323
vn -0.9492 -0.3029 0.0849
vn -0.9512 -0.2893 0.1071
vn -0.9518 -0.2878 0.1065
vn 0.8353 0.4099 0.3663
vn -0.9534 -0.2810 0.1099
vn -0.9542 -0.2785 0.1091
vn -0.9040 -0.1143 0.4120
vn -0.9571 -0.2545 0.1381
vn -0.9519 -0.2113 0.2220
vn -0.9593 -0.2496 0.1323
vn -0.9572 -0.2340 0.1701
vn -0.7753 0.1049 0.6228
vn -0.0000 -0.9988 0.0483
vn -0.0000 -0.9988 0.0482
vn 0.4328 -0.7733 -0.4633
vn 0.4327 -0.7734 -0.4633
vn 0.4326 -0.7736 -0.4631
vn 0.4326 -0.7735 -0.4632
vn 0.4326 -0.7734 -0.4633
vn -0.4439 0.7689 0.4602
vn -0.4439 0.7688 0.4602
vn -0.9995 -0.0320 -0.0000
vn -0.9995 -0.0329 -0.0000
vn -0.9918 -0.1282 -0.0000
vn -0.9642 -0.2652 -0.0000
vn -0.8890 -0.4579 -0.0000
vn -0.7871 -0.6169 -0.0000
vn -0.6604 -0.7509 -0.0000
vn -0.6573 -0.7536 -0.0000
vn -0.8101 -0.5863 -0.0000
vn -0.9169 -0.3991 -0.0000
vn -0.9755 -0.2201 -0.0000
vn -0.9694 -0.2455 -0.0000
vn -0.8933 -0.4494 -0.0000
vn -0.8045 -0.5939 -0.0000
vn -0.7205 -0.6934 -0.0000
vn -0.5993 -0.8006 -0.0000
vn -0.5993 -0.8005 -0.0000
vn -0.4664 -0.8846 -0.0000
vn -0.3470 -0.9379 -0.0000
vn 0.0317 -0.9995 -0.0000
vn 0.1348 -0.9909 -0.0000
vn 0.3405 -0.9403 -0.0000
vn 0.5178 -0.8555 -0.0000
vn 0.6633 -0.7484 -0.0000
vn 0.7773 -0.6291 -0.0000
vn 0.8625 -0.5060 -0.0000
vn 0.8626 -0.5060 -0.0000
vn 0.9458 -0.3248 -0.0000
vn 0.9995 0.0331 -0.0000
vn 0.7933 0.6088 -0.0000
vn 0.7933 -0.6088 -0.0000
vn -0.2183 -0.9759 -0.0000
vn -0.4490 -0.8935 -0.0000
vn -0.6528 -0.7575 -0.0000
vn -0.8174 -0.5761 -0.0000
vn -0.9329 -0.3601 -0.0000
vn -0.9925 -0.1225 -0.0000
vn -0.4525 0.7152 0.5327
vn -0.4535 0.7164 0.5303
vn -0.4552 0.7148 0.5309
vn -0.9627 0.2705 -0.0000
vn -0.9082 0.4185 -0.0000
vn -0.8272 0.5620 -0.0000
vn -0.7419 0.6705 -0.0000
vn -0.6242 0.7813 -0.0000
vn -0.4727 0.8812 -0.0000
vn -0.0000 -0.0000 1.0000
vn -0.0000 -0.8772 0.4801
vn -0.0000 -0.7890 0.6145
vn -0.0000 -0.6548 0.7558
vn -0.0000 -0.4760 0.8794
vn -0.0000 -0.4540 0.8910
vn -0.0000 -0.6056 0.7958
vn -0.0000 -0.7391 0.6736
vn -0.0000 -0.8366 0.5478
vn -0.0000 -0.8366 0.5479
vn -0.0000 -0.0000 -1.0000
vn 0.0416 0.8580 -0.5119
vn -0.0000 0.8581 -0.5135
vn -0.0000 0.7798 -0.6260
vn -0.0000 0.6506 -0.7594
vn -0.0000 0.4728 -0.8812
vn -0.0000 0.4593 -0.8883
vn -0.0000 0.6250 -0.7807
vn -0.0000 0.6249 -0.7807
vn -0.0000 0.7654 -0.6436
vn -0.0000 0.8392 -0.5438
vn -0.0000 0.8738 -0.4863
vn -0.0000 0.8814 -0.4724
vn -0.0000 0.8708 -0.4916
vn -0.0000 0.8813 -0.4725
vn -0.0000 0.8708 -0.4917
vn -0.0000 0.8813 -0.4726
vn -0.0022 0.8596 -0.5109
vn -0.0005 0.8738 -0.4863
vn 0.0022 0.8596 -0.5109
vn 0.0005 0.8738 -0.4863
vn -0.0000 0.7795 -0.6264
vn 0.0001 0.7798 -0.6260
vn -0.0001 0.8580 -0.5137
vn 0.0188 0.8897 -0.4562
vn -0.0000 0.8578 -0.5139
vn -0.0247 0.8849 -0.4651
vn -0.0000 0.8814 -0.4725
vn -0.0000 0.8814 -0.4723
vn -0.0000 0.8815 -0.4722
vn -0.4713 -0.8820 -0.0000
vn 0.9992 -0.0378 0.0091
vn 0.9993 -0.0338 0.0129
vn 0.9986 -0.0505 0.0156
vn 0.9947 -0.0985 0.0308
vn 0.9926 -0.1214 -0.0000
vn 0.9478 -0.3189 -0.0000
vn 0.9478 -0.3189 -0.0001
vn 0.8869 -0.4619 0.0001
vn 0.8869 -0.4620 -0.0000
vn 0.8029 -0.5961 -0.0000
vn 0.5650 -0.8251 -0.0000
vn 0.5650 -0.8251 -0.0005
vn 0.4121 -0.9111 -0.0006
vn 0.4121 -0.9111 -0.0000
vn 0.2546 -0.1861 -0.9490
vn 0.2086 -0.2509 -0.9453
vn 0.1424 -0.3346 -0.9315
vn 0.3480 -0.0662 -0.9352
vn 0.3407 -0.0765 -0.9371
vn 0.2236 -0.2319 -0.9467
vn 0.1697 -0.3051 -0.9371
vn 0.1818 -0.2886 -0.9400
vn 0.5697 0.8207 0.0428
vn 0.3798 0.0102 -0.9250
vn 0.2652 -0.1589 -0.9510
vn 0.2651 -0.1589 -0.9510
vn 0.2587 -0.1547 -0.9535
vn 0.1839 -0.2579 -0.9485
vn 0.4160 0.1632 -0.8946
vn 0.2136 0.7543 0.6208
vn 0.0441 0.5775 0.8152
vn 0.0796 -0.4006 -0.9128
vn 0.0596 -0.4279 -0.9019
vn 0.0339 -0.4380 -0.8983
vn 0.0388 -0.4258 -0.9040
vn 0.0627 -0.3694 -0.9272
vn 0.1352 0.8164 0.5614
vn 0.3040 0.4109 -0.8595
vn 0.1776 -0.1032 -0.9787
vn 0.1776 -0.1031 -0.9787
vn 0.1901 -0.1077 -0.9758
vn 0.1325 -0.2695 -0.9538
vn 0.3869 0.4263 -0.8177
vn 0.1593 0.7484 0.6438
vn 0.0509 0.5938 0.8030
vn 0.0620 -0.4235 -0.9038
vn 0.0202 -0.4026 -0.9151
vn 0.0249 -0.3770 -0.9259
vn 0.0414 -0.2920 -0.9555
vn 0.1332 0.9882 -0.0752
vn 0.1306 0.3001 -0.9449
vn 0.1026 0.0010 -0.9947
vn 0.1027 0.0010 -0.9947
vn 0.1152 -0.0011 -0.9933
vn 0.0771 -0.2458 -0.9663
vn 0.2391 0.7890 -0.5659
vn 0.0763 0.7435 0.6644
vn 0.0363 0.6298 0.7759
vn 0.0428 0.6444 0.7635
vn 0.0430 -0.0022 -0.9991
vn 0.0415 -0.0803 -0.9959
vn 0.0323 -0.2510 -0.9675
vn 0.1030 0.7834 -0.6130
vn 0.0609 0.8917 0.4485
vn 0.0387 0.7657 0.6420
vn 0.0517 0.8194 0.5709
vn 0.0260 0.5552 0.8313
vn 0.0018 0.4954 0.8687
vn -0.5472 -0.2958 0.7830
vn 0.3051 -0.1243 -0.9442
vn 0.0284 -0.4634 -0.8857
vn 0.2170 -0.2378 -0.9468
vn 0.1181 -0.3485 -0.9298
vn 0.0859 -0.3755 -0.9228
vn 0.1096 -0.2593 -0.9596
vn 0.0457 -0.3914 -0.9191
vn 0.1152 -0.0012 -0.9933
vn 0.0695 -0.1511 -0.9861
vn 0.0239 -0.3624 -0.9317
vn 0.0550 0.1026 -0.9932
vn 0.0161 -0.0010 -0.9999
vn 0.0158 -0.0114 -0.9998
vn 0.0163 0.0112 -0.9998
vn 0.1149 -0.0218 -0.9931
vn 0.1035 0.0471 -0.9935
vn 0.0961 0.2730 -0.9572
vn 0.0694 0.1541 -0.9856
vn 0.0129 0.0054 -0.9999
vn -0.0432 0.0044 -0.9991
vn 0.1226 -0.0004 -0.9925
vn 0.0872 -0.0649 -0.9941
vn 0.0552 -0.1546 -0.9864
vn 0.0483 -0.0986 -0.9939
vn -0.0920 0.1158 -0.9890
vn -0.1178 -0.0191 -0.9929
vn -0.2109 -0.0414 -0.9766
vn -0.3032 0.0835 -0.9493
vn -0.2794 -0.1664 -0.9456
vn -0.3486 -0.2110 -0.9132
vn -0.3180 -0.2985 -0.8999
vn -0.3495 -0.3299 -0.8769
vn -0.2948 -0.4182 -0.8592
vn -0.3198 -0.4556 -0.8308
vn -0.2662 -0.4670 -0.8432
vn -0.1608 -0.5482 -0.8207
vn -0.1574 -0.5361 -0.8293
vn -0.0406 -0.5740 -0.8178
vn -0.0393 -0.5528 -0.8324
vn 0.0377 -0.5637 -0.8251
vn 0.0364 -0.5437 -0.8385
vn 0.0324 -0.5437 -0.8386
vn 0.0738 -0.5321 -0.8435
vn 0.1681 -0.4981 -0.8507
vn 0.1680 -0.4981 -0.8507
vn 0.1645 -0.4877 -0.8573
vn 0.2156 -0.4617 -0.8604
vn 0.1265 -0.4961 -0.8590
vn 0.1297 -0.4954 -0.8589
vn 0.1873 -0.4668 -0.8643
vn 0.2026 -0.4557 -0.8668
vn 0.2027 -0.4557 -0.8667
vn 0.2223 -0.4517 -0.8640
vn 0.2716 -0.4333 -0.8593
vn 0.3328 -0.4531 -0.8270
vn 0.1175 -0.5231 -0.8441
vn -0.0386 -0.5416 -0.8398
vn 0.0369 -0.5523 -0.8328
vn 0.0363 -0.5437 -0.8385
vn -0.0395 -0.5558 -0.8304
vn -0.1527 -0.5191 -0.8410
vn -0.1522 -0.5172 -0.8422
vn -0.2602 -0.4483 -0.8552
vn -0.2793 -0.3952 -0.8751
vn -0.2764 -0.3909 -0.8779
vn -0.3284 -0.3088 -0.8927
vn -0.2961 -0.2770 -0.9141
vn -0.3255 -0.1962 -0.9250
vn -0.2455 -0.1447 -0.9585
vn -0.1941 -0.1922 -0.9620
vn -0.1905 -0.0365 -0.9810
vn -0.0778 -0.0096 -0.9969
vn -0.0770 0.0037 -0.9970
vn 0.1646 -0.4878 -0.8573
vn -0.3663 0.9305 -0.0046
vn -0.3669 0.9302 0.0035
vn -0.3665 0.9304 -0.0035
vn -0.3667 0.9303 0.0002
vn 0.1652 -0.4792 -0.8620
vn 0.2757 -0.4330 -0.8582
vn 0.5689 -0.2728 -0.7758
vn -0.2810 -0.5655 -0.7754
vn -0.5674 -0.5567 -0.6067
vn -0.6859 -0.5302 -0.4985
vn -0.6115 -0.5462 -0.5725
vn -0.3542 -0.5550 -0.7527
vn 0.5977 -0.2350 -0.7666
vn 0.3160 -0.3819 -0.8685
vn 0.1313 -0.4457 -0.8855
vn 0.1312 -0.4458 -0.8855
vn 0.1289 -0.4389 -0.8892
vn -0.0735 -0.4884 -0.8695
vn 0.3227 -0.3557 -0.8771
vn 0.6300 -0.1766 -0.7563
vn 0.8411 0.0150 -0.5406
vn -0.6817 -0.5047 -0.5297
vn -0.7803 -0.4737 -0.4083
vn -0.8627 -0.4105 -0.2954
vn -0.7993 -0.4379 -0.4115
vn -0.5862 -0.4726 -0.6580
vn 0.7304 -0.0287 -0.6824
vn 0.3669 -0.2554 -0.8945
vn 0.0912 -0.3761 -0.9221
vn 0.0913 -0.3760 -0.9221
vn 0.0947 -0.3862 -0.9176
vn -0.1580 -0.4643 -0.8715
vn 0.3515 -0.2963 -0.8880
vn 0.6860 -0.1112 -0.7191
vn 0.8677 0.0538 -0.4942
vn -0.7296 -0.4889 -0.4782
vn -0.9221 -0.3499 -0.1651
vn -0.8949 -0.3646 -0.2574
vn -0.7831 -0.3893 -0.4850
vn 0.8484 0.1690 -0.5017
vn 0.4934 -0.0657 -0.8673
vn 0.0507 -0.2672 -0.9623
vn 0.0568 -0.2848 -0.9569
vn -0.3303 -0.4031 -0.8534
vn 0.4554 -0.1409 -0.8791
vn 0.8060 0.0670 -0.5881
vn 0.9165 0.1817 -0.3563
vn -0.8386 -0.4199 -0.3469
vn -0.0061 -0.0741 -0.9972
vn -0.6518 -0.3040 -0.6949
vn -0.8777 -0.3524 -0.3247
vn 0.9066 0.2618 -0.3309
vn 0.9388 0.2886 -0.1879
vn 0.9417 0.2923 -0.1669
vn 0.9284 0.2630 -0.2624
vn 0.9309 0.2053 -0.3021
vn 0.8947 0.1413 -0.4237
vn 0.9028 0.1017 -0.4179
vn 0.8088 -0.0635 -0.5847
vn 0.8639 0.0008 -0.5037
vn 0.7893 -0.0892 -0.6075
vn 0.0493 -0.5110 -0.8581
vn -0.0525 -0.5049 -0.8616
vn 0.1290 -0.4390 -0.8892
vn -0.4128 -0.5285 -0.7418
vn -0.5078 -0.5106 -0.6938
vn 0.0947 -0.3861 -0.9176
vn -0.1939 -0.4409 -0.8764
vn -0.6952 -0.4427 -0.5663
vn 0.0567 -0.2848 -0.9569
vn -0.4010 -0.3665 -0.8396
vn -0.9177 -0.3511 -0.1858
vn 0.6810 0.1532 -0.7161
vn 0.3197 -0.9421 -0.1015
vn 0.3199 -0.9420 -0.1016
vn 0.3195 -0.9421 -0.1015
vn 0.3167 -0.9431 -0.1015
vn 0.3140 -0.9440 -0.1014
vn 0.3142 -0.9439 -0.1014
vn 0.3168 -0.9430 -0.1014
vn 0.3197 -0.9421 -0.1016
vn -0.0980 0.3795 0.9200
vn -0.2084 0.3438 0.9156
vn -0.3974 0.2650 0.8785
vn 0.1953 0.4658 0.8631
vn 0.4060 0.4984 0.7660
vn 0.5794 0.5037 0.6407
vn -0.4993 0.2185 0.8384
vn -0.3007 0.3200 0.8985
vn -0.1614 0.3780 0.9116
vn 0.7700 0.4737 0.4275
vn 0.7282 0.4851 0.4841
vn 0.7951 0.4795 0.3713
vn 0.6864 0.5140 0.5144
vn 0.4427 0.5311 0.7225
vn -0.6508 0.1583 0.7426
vn -0.3603 0.3211 0.8758
vn -0.1072 0.4150 0.9035
vn -0.1072 0.4149 0.9035
vn -0.1054 0.4096 0.9061
vn -0.0202 0.4328 0.9013
vn -0.1896 0.3762 0.9069
vn -0.3141 0.3224 0.8930
vn -0.3516 0.3048 0.8851
vn -0.1295 0.3928 0.9105
vn -0.0598 0.4153 0.9077
vn 0.2971 0.4963 0.8158
vn 0.2701 0.4926 0.8273
vn 0.2420 0.4885 0.8384
vn -0.0927 0.4052 0.9095
vn -0.0975 0.4038 0.9096
vn -0.0971 0.4029 0.9101
vn 0.3828 0.5049 0.7736
vn 0.8165 0.4913 0.3032
vn 0.7983 0.5028 0.3314
vn 0.6157 0.5709 0.5431
vn -0.8338 0.0659 0.5482
vn -0.5010 0.3309 0.7997
vn -0.1455 0.4795 0.8654
vn -0.1415 0.4681 0.8723
vn 0.1685 0.5358 0.8274
vn -0.4390 0.3279 0.8365
vn -0.7677 0.0863 0.6350
vn -0.9044 -0.0899 0.4170
vn 0.7634 0.4940 0.4160
vn -0.1894 0.5411 0.8194
vn 0.0317 0.5945 0.8035
vn 0.3976 0.6198 0.6766
vn -0.7026 0.2318 0.6727
vn -0.8917 0.0010 0.4527
vn -0.9452 -0.1282 0.3002
vn -0.9377 -0.1059 0.3309
vn -0.9199 -0.1205 0.3733
vn -0.8507 -0.0192 0.5253
vn -0.6519 0.1204 0.7487
vn -0.6003 0.1544 0.7847
vn -0.3985 0.4432 0.8030
vn 0.6907 0.5594 0.4583
vn 0.2125 0.5749 0.7901
vn -0.1415 0.4682 0.8722
vn 0.5549 0.5459 0.6278
vn 0.1399 0.4889 0.8610
vn -0.1053 0.4097 0.9061
vn 0.2427 0.4886 0.8381
vn -0.0809 0.4088 0.9090
vn 0.2151 0.4836 0.8484
vn 0.6967 0.4914 0.5226
vn 0.0081 0.4166 0.9090
vn 0.1053 0.4631 0.8800
vn 0.3734 -0.9277 -0.0000
vn 0.3737 -0.9276 0.0018
vn 0.3733 -0.9277 0.0004
vn 0.3730 -0.9278 0.0018
vn 0.3739 -0.9275 0.0022
vn -0.3097 0.4908 0.8144
vn -0.2357 0.5169 0.8230
vn -0.2357 0.5168 0.8230
vn -0.2357 0.5169 0.8229
vn -0.1614 0.5573 0.8145
vn -0.0501 0.6122 0.7891
vn -0.1413 0.5831 0.8000
vn -0.1894 0.5605 0.8062
vn -0.1894 0.5606 0.8061
vn -0.1858 0.5500 0.8143
vn 0.0588 0.6392 0.7668
vn -0.0492 0.6232 0.7805
vn -0.0484 0.6141 0.7877
vn -0.0485 0.6141 0.7877
vn -0.1455 0.5892 0.7948
vn -0.3703 0.5113 0.7756
vn -0.2682 0.5445 0.7947
vn 0.2188 0.6024 0.7676
vn 0.1433 0.6044 0.7837
vn 0.1508 0.6064 0.7807
vn 0.1509 0.6064 0.7807
vn 0.1522 0.6124 0.7758
vn 0.0389 0.6132 0.7890
vn 0.3139 0.5195 0.7947
vn 0.3120 0.5164 0.7975
vn 0.4634 0.3027 0.8328
vn 0.4363 0.3196 0.8411
vn 0.3616 0.2627 0.8945
vn 0.3265 0.2633 0.9078
vn 0.3511 0.2258 0.9087
vn 0.3521 0.1472 0.9243
vn 0.3403 0.1538 0.9276
vn 0.2475 0.1093 0.9627
vn 0.2765 0.0736 0.9582
vn 0.1639 0.0405 0.9856
vn 0.1085 0.1304 0.9855
vn 0.0787 -0.0011 0.9969
vn 0.0286 -0.0033 0.9996
vn 0.0121 -0.0164 0.9998
vn 0.0117 0.0078 0.9999
vn -0.0111 0.0387 0.9992
vn -0.0237 0.0739 0.9970
vn -0.0540 0.0030 0.9985
vn -0.1197 0.0095 0.9928
vn -0.1168 0.0183 0.9930
vn 0.3503 0.2539 0.9016
vn 0.3404 0.1539 0.9276
vn 0.2753 0.1227 0.9535
vn 0.1783 0.0447 0.9830
vn 0.1518 -0.1485 0.9772
vn 0.0839 -0.0008 0.9965
vn 0.0286 -0.0034 0.9996
vn -0.1167 0.0092 0.9931
vn -0.0268 -0.0973 0.9949
vn -0.0124 -0.0544 0.9984
vn 0.3614 0.2628 0.8946
vn 0.3852 0.2808 0.8791
vn 0.2937 0.4576 0.8393
vn 0.2803 0.4620 0.8414
vn 0.3138 0.5196 0.7947
vn 0.2650 0.5293 0.8060
vn 0.1576 0.6001 0.7842
vn 0.1523 0.6124 0.7758
vn -0.0125 0.6145 0.7888
vn -0.1857 0.5500 0.8143
vn -0.0192 0.0074 0.9998
vn -0.0196 0.0008 0.9998
vn -0.0196 0.0014 0.9998
vn -0.0193 0.0134 0.9997
vn -0.0193 0.0125 0.9997
vn -0.0193 0.0113 0.9997
vn -0.0195 0.0034 0.9998
vn -0.0194 0.0049 0.9998
vn -0.0194 0.0062 0.9998
vn -0.0194 0.0085 0.9998
vn -0.0194 0.0065 0.9998
vn -0.0194 0.0042 0.9998
vn -0.0193 0.0105 0.9998
vn -0.0192 0.0131 0.9997
vn -0.0191 0.0157 0.9997
vn -0.0191 0.0153 0.9997
vn -0.0192 0.0125 0.9997
vn -0.0197 -0.0083 0.9998
vn -0.0196 -0.0057 0.9998
vn -0.0196 -0.0033 0.9998
vn -0.0193 0.0076 0.9998
vn -0.0193 0.0058 0.9998
vn -0.0194 0.0041 0.9998
vn -0.0195 0.0002 0.9998
vn -0.0194 0.0014 0.9998
vn -0.0194 0.0026 0.9998
vn -0.0194 0.0016 0.9998
vn -0.0194 0.0008 0.9998
vn -0.0194 0.0021 0.9998
vn -0.0193 0.0034 0.9998
vn -0.0195 0.0016 0.9998
vn -0.0196 -0.0060 0.9998
vn -0.0198 -0.0111 0.9997
vn -0.0193 0.0140 0.9997
vn -0.0195 0.0023 0.9998
vn -0.0193 0.0098 0.9998
vn -0.0194 0.0082 0.9998
vn -0.0192 0.0100 0.9998
vn -0.0195 -0.0016 0.9998
vn -0.0194 0.0028 0.9998
vn -0.0652 0.0046 0.9979
vn -0.0792 -0.1030 0.9915
vn -0.1129 -0.4728 0.8739
vn -0.0518 0.2257 0.9728
vn -0.0400 0.3494 0.9361
vn -0.0320 0.4198 0.9071
vn -0.0382 0.3869 0.9213
vn -0.0684 0.2309 0.9706
vn -0.1553 -0.5436 0.8249
vn -0.1143 -0.0006 0.9934
vn -0.1290 0.0017 0.9916
vn -0.0874 0.2819 0.9555
vn -0.0509 0.4511 0.8910
vn -0.0780 -0.8006 -0.5941
vn -0.0340 -0.6853 -0.7274
vn -0.0361 -0.6895 -0.7234
vn -0.1097 -0.8154 -0.5684
vn -0.0669 0.4381 0.8964
vn -0.1221 0.3160 0.9409
vn -0.2113 0.1168 0.9704
vn -0.2114 0.1168 0.9704
vn -0.2309 0.1240 0.9651
vn -0.3330 -0.9140 -0.2319
vn -0.1261 0.3824 0.9154
vn -0.0815 0.4675 0.8802
vn -0.0843 0.4626 0.8825
vn -0.1287 0.4055 0.9050
vn -0.2027 0.3076 0.9296
vn -0.5817 -0.5633 0.5868
vn -0.2946 0.1813 0.9383
vn -0.2997 0.1846 0.9360
vn -0.2682 0.2343 0.9344
vn -0.2744 0.2253 0.9349
vn 0.0284 -0.5141 -0.8572
vn 0.3447 -0.1228 -0.9307
vn 0.5564 0.8257 0.0931
vn -0.1776 0.3358 0.9250
vn -0.2756 0.2048 0.9392
vn -0.3567 0.0999 0.9288
vn -0.4191 0.0080 0.9079
vn -0.0367 0.5049 0.8624
vn -0.0411 0.4949 0.8680
vn -0.3499 0.1114 0.9301
vn -0.0334 -0.6162 -0.7869
vn -0.0079 -0.5879 -0.8089
vn -0.0507 -0.6468 -0.7609
vn -0.0903 -0.9646 -0.2477
vn -0.0689 -0.9149 -0.3978
vn -0.1160 -0.9833 0.1405
vn -0.3948 0.0435 0.9177
vn -0.2947 0.1813 0.9382
vn -0.2308 0.1239 0.9651
vn -0.3582 -0.6021 0.7135
vn -0.2377 -0.7852 0.5718
vn -0.0620 0.0889 0.9941
vn -0.2627 0.1952 0.9449
vn -0.1649 0.3140 0.9350
vn 0.0107 0.5057 0.8626
vn -0.4827 -0.1813 0.8568
vn -0.5826 -0.4184 0.6968
vn -0.6016 -0.4784 0.6397
vn -0.5478 -0.3395 0.7646
vn -0.4357 -0.1226 0.8917
vn -0.0620 0.4060 0.9117
vn -0.2018 0.2265 0.9529
vn -0.2621 0.1368 0.9553
vn -0.2622 0.1368 0.9553
vn -0.2594 0.1349 0.9563
vn -0.2945 0.0792 0.9524
vn -0.2182 0.1874 0.9577
vn -0.1439 0.2809 0.9489
vn -0.0235 0.4207 0.9069
vn -0.3230 0.0295 0.9459
vn -0.2721 0.1021 0.9568
vn -0.2420 0.1429 0.9597
vn -0.2321 0.1564 0.9600
vn -0.2451 0.1382 0.9596
vn -0.2387 0.1475 0.9598
vn -0.2398 0.1483 0.9594
vn -0.1992 0.2044 0.9584
vn -0.3130 0.0527 0.9483
vn -0.6183 -0.4860 0.6177
vn -0.2675 -0.6661 -0.6962
vn -0.1039 0.3234 0.9406
vn -0.0456 0.3895 0.9199
vn -0.3468 -0.0039 0.9379
vn -0.3659 -0.0353 0.9300
vn -0.0633 0.3889 0.9191
vn -0.1065 0.3532 0.9295
vn -0.2077 0.2559 0.9441
vn -0.2077 0.2558 0.9441
vn -0.2014 0.2496 0.9472
vn -0.4742 -0.0949 0.8753
vn -0.1214 0.3211 0.9392
vn -0.0703 0.3674 0.9274
vn -0.0363 0.3981 0.9166
vn -0.0894 -0.5173 -0.8511
vn -0.0980 -0.5245 -0.8457
vn -0.0904 0.3882 0.9171
vn -0.1748 0.3438 0.9226
vn -0.1683 0.3324 0.9280
vn -0.1031 -0.4889 -0.8662
vn -0.0451 -0.4578 -0.8879
vn -0.4215 -0.6594 -0.6226
vn -0.0816 0.3987 0.9134
vn -0.1379 0.3802 0.9145
vn -0.1355 0.3731 0.9179
vn -0.6050 -0.5416 -0.5837
vn -0.0702 0.4007 0.9135
vn -0.4042 0.2927 0.8666
vn -0.1379 0.3802 0.9146
vn -0.1088 0.3177 0.9419
vn 0.0868 0.5358 0.8398
vn 0.1343 0.6134 0.7783
vn 0.2558 0.7155 0.6501
vn 0.1959 0.6711 0.7151
vn -0.0701 0.3850 0.9203
vn -0.2014 0.2495 0.9472
vn -0.1501 0.2676 0.9518
vn -0.2243 -0.6199 -0.7519
vn -0.2331 0.1546 0.9601
vn -0.2594 0.1348 0.9563
vn -0.3250 0.0512 0.9443
vn -0.3483 0.0602 0.9355
vn 0.1775 -0.9839 0.0219
vn 0.1769 -0.9840 0.0219
vn 0.1284 -0.9915 0.0228
vn 0.0790 -0.9966 0.0221
vn 0.0797 -0.9966 0.0221
vn 0.0803 -0.9965 0.0221
vn 0.1310 -0.9912 0.0212
vn 0.1781 -0.9838 0.0219
vn 0.0044 -0.0552 -0.9985
vn -0.0978 -0.0802 -0.9920
vn -0.2523 -0.1074 -0.9617
vn 0.0291 -0.0801 -0.9964
vn 0.0349 -0.1061 -0.9937
vn 0.0477 -0.1027 -0.9936
vn 0.0573 -0.1282 -0.9901
vn 0.0611 -0.1265 -0.9901
vn 0.0704 -0.1444 -0.9870
vn 0.1858 -0.0822 -0.9792
vn 0.1835 -0.0840 -0.9794
vn 0.0930 -0.1623 -0.9823
vn -0.4466 -0.1416 0.8835
vn -0.3362 -0.0431 0.9408
vn -0.7579 -0.6497 0.0588
vn 0.1169 -0.1653 -0.9793
vn 0.1857 -0.0993 -0.9776
vn 0.2194 -0.0686 -0.9732
vn 0.0674 -0.0593 -0.9960
vn 0.1113 -0.0578 -0.9921
vn 0.0318 -0.0796 -0.9963
vn 0.0377 -0.1058 -0.9937
vn 0.1751 -0.0686 -0.9822
vn 0.2525 -0.0460 -0.9665
vn 0.2074 -0.0977 -0.9734
vn 0.1451 -0.1627 -0.9760
vn -0.4644 -0.2352 0.8538
vn -0.1882 -0.4743 -0.8600
vn 0.1218 -0.1703 -0.9778
vn 0.2001 -0.0902 -0.9756
vn 0.4353 0.2003 -0.8777
vn 0.3897 0.1285 -0.9119
vn 0.3529 0.0740 -0.9327
vn 0.1533 -0.2029 -0.9671
vn 0.2062 -0.1286 -0.9700
vn 0.2034 -0.1264 -0.9709
vn 0.2435 -0.0735 -0.9671
vn 0.1899 -0.1373 -0.9722
vn 0.1869 -0.1348 -0.9731
vn -0.4028 -0.7103 -0.5773
vn -0.5485 -0.3886 0.7403
vn -0.4154 -0.1693 0.8938
vn -0.3819 -0.1250 0.9157
vn 0.3341 0.0017 -0.9425
vn 0.2872 -0.0673 -0.9555
vn 0.2455 -0.1231 -0.9616
vn 0.2455 -0.1230 -0.9616
vn 0.2428 -0.1211 -0.9625
vn 0.1809 -0.2006 -0.9628
vn 0.2888 -0.0480 -0.9562
vn 0.3563 0.0618 -0.9323
vn 0.4135 0.1605 -0.8962
vn -0.3129 -0.7104 -0.6304
vn -0.5760 -0.8137 -0.0782
vn 0.2828 -0.0958 -0.9544
vn 0.2495 -0.1410 -0.9581
vn 0.2465 -0.1388 -0.9592
vn -0.0954 -0.5557 -0.8259
vn 0.1067 -0.3202 -0.9413
vn 0.2038 -0.1872 -0.9609
vn 0.2559 -0.1439 -0.9559
vn 0.2648 -0.1318 -0.9552
vn 0.2618 -0.1296 -0.9564
vn 0.0763 -0.3770 -0.9231
vn -0.1258 -0.5915 -0.7964
vn -0.2450 -0.6952 -0.6757
vn 0.2503 -0.1546 -0.9557
vn 0.2379 -0.1739 -0.9556
vn 0.2079 -0.2128 -0.9547
vn -0.6312 -0.1947 0.7508
vn 0.0738 -0.1424 -0.9871
vn 0.0820 -0.1554 -0.9844
vn 0.0994 -0.1700 -0.9804
vn 0.1412 -0.1592 -0.9771
vn 0.2351 -0.0692 -0.9695
vn 0.3050 0.0069 -0.9523
vn 0.0202 -0.3944 -0.9187
vn 0.4527 0.2324 -0.8608
vn -0.4711 -0.7990 -0.3736
vn -0.0141 -0.4090 -0.9124
vn 0.3106 -0.0366 -0.9498
vn 0.1191 -0.2244 -0.9672
vn 0.9844 0.1760 -0.0022
vn 0.9891 0.1469 0.0114
vn 0.9566 0.2911 0.0097
vn 0.9578 0.2873 0.0081
vn 0.8896 0.4566 0.0082
vn 0.9037 0.4278 -0.0179
vn 0.8366 0.5476 -0.0139
vn 0.7874 0.6159 0.0261
vn 0.7737 0.6321 0.0434
vn 0.7458 0.6653 -0.0352
vn 0.6758 0.7366 -0.0278
vn 0.6661 0.7395 -0.0971
vn 0.7997 0.5984 -0.0496
vn 0.7796 0.6197 -0.0906
vn 0.6168 0.7868 0.0229
vn 0.5888 0.8079 0.0260
vn 0.5836 0.8110 0.0405
vn 0.5704 0.8203 0.0413
vn 0.5812 0.8136 0.0155
vn 0.5791 0.8153 -0.0000
vn 0.5742 0.8187 0.0072
vn 0.5818 0.8123 0.0406
vn 0.5871 0.8091 0.0262
vn 0.6171 0.7821 0.0867
vn 0.9161 0.4005 -0.0187
vn 0.9006 0.4345 0.0082
vn 0.9666 0.2552 0.0252
vn 0.6026 0.7980 -0.0000
vn 0.6031 0.7959 -0.0529
vn 0.5713 0.8207 0.0101
vn 0.5031 0.8642 0.0104
vn 0.3955 0.8984 0.1911
vn 0.4115 0.9106 -0.0386
vn 0.3234 0.9457 -0.0335
vn 0.2892 0.9430 -0.1648
vn 0.2801 0.9223 -0.2662
vn 0.1960 0.9805 0.0168
vn 0.1315 0.9911 0.0193
vn 0.1016 0.9875 0.1205
vn 0.0886 0.9961 -0.0000
vn 0.1165 0.9860 -0.1192
vn 0.4961 0.8274 -0.2633
vn 0.1960 0.9805 0.0167
vn 0.2025 0.9611 0.1879
vn 0.2477 0.9650 0.0867
vn 0.5672 0.8212 0.0625
vn 0.0248 0.9997 -0.0000
vn 0.1060 0.9943 0.0075
vn 0.0812 0.9966 -0.0151
vn 0.1486 0.9889 -0.0000
vn -0.1168 0.9931 0.0033
vn -0.1363 0.9906 0.0114
vn -0.1380 0.9904 -0.0057
vn -0.2150 0.9766 0.0093
vn -0.3262 0.9453 0.0057
vn -0.3522 0.9359 0.0108
vn -0.4834 0.8754 0.0059
vn -0.5132 0.8582 0.0119
vn -0.6218 0.7831 0.0071
vn -0.6774 0.7355 0.0136
vn -0.7179 0.6961 0.0080
vn -0.8099 0.5864 0.0098
vn -0.8344 0.5512 0.0033
vn -0.9275 0.3734 0.0153
vn -0.9356 0.3529 0.0101
vn -0.9891 0.1475 0.0029
vn -0.9886 0.1506 0.0073
vn -0.9999 -0.0107 0.0025
vn -0.3003 0.9538 0.0066
vn -0.3249 0.9457 0.0114
vn -0.4541 0.8909 0.0072
vn -0.4813 0.8765 0.0127
vn -0.6217 0.7832 0.0074
vn -0.6239 0.7815 0.0071
vn -0.7165 0.6975 0.0117
vn -0.7694 0.6387 0.0054
vn -0.8300 0.5575 0.0160
vn -0.8469 0.5317 0.0124
vn -0.9255 0.3787 0.0029
vn -0.9357 0.3528 0.0099
vn -0.9870 0.1607 0.0035
vn -0.9999 -0.0165 0.0047
vn -0.9750 -0.2222 -0.0008
vn -0.9749 -0.2226 0.0016
vn -0.9275 -0.3737 -0.0002
vn -0.9275 -0.3738 -0.0000
vn -0.9274 -0.3740 -0.0002
vn -0.9745 -0.2245 0.0016
vn -0.9745 -0.2243 -0.0009
vn -0.9967 0.0755 0.0301
vn -0.0988 0.9951 0.0036
vn 0.0301 0.9995 0.0061
vn -0.9445 -0.3284 -0.0000
vn -0.9486 -0.3159 0.0189
vn -0.9475 -0.3192 0.0186
vn -0.9488 -0.3148 0.0245
vn -0.9490 -0.3135 0.0332
vn -0.9486 -0.3149 0.0329
vn -0.9486 -0.3143 0.0375
vn -0.9486 -0.3141 0.0379
vn -0.9484 -0.3148 0.0377
vn -0.9472 -0.3193 0.0304
vn -0.9469 -0.3193 0.0368
vn -0.9488 -0.3140 0.0342
vn -0.9486 -0.3147 0.0330
vn -0.9477 -0.3182 0.0228
vn -0.9474 -0.3195 0.0186
vn -0.5722 -0.8201 -0.0000
vn -0.5797 -0.8148 -0.0035
vn -0.5794 -0.8150 -0.0017
vn -0.5727 -0.8193 -0.0270
vn -0.5718 -0.8199 -0.0271
vn -0.5690 -0.8222 -0.0151
vn -0.5705 -0.8212 -0.0150
vn -0.6034 -0.7972 0.0191
vn -0.5913 -0.8064 -0.0116
vn -0.5801 -0.8138 -0.0352
vn -0.5772 -0.8153 -0.0467
vn -0.5747 -0.8173 -0.0410
vn -0.5729 -0.8186 -0.0411
vn -0.5715 -0.8197 -0.0382
vn -0.6529 -0.7570 0.0278
vn -0.6233 -0.7818 -0.0157
vn -0.6096 -0.7926 -0.0076
vn -0.6060 -0.7951 -0.0241
vn -0.5958 -0.8027 -0.0253
vn -0.5826 -0.8114 -0.0476
vn -0.7241 -0.6859 0.0725
vn -0.6924 -0.7211 0.0237
vn -0.6563 -0.7543 0.0194
vn -0.6445 -0.7637 -0.0367
vn -0.6164 -0.7824 -0.0889
vn -0.8300 -0.5542 0.0634
vn -0.7977 -0.6021 0.0334
vn -0.7448 -0.6666 0.0290
vn -0.7458 -0.6652 0.0352
vn -0.6934 -0.7199 0.0296
vn -0.9373 -0.3480 0.0201
vn -0.9225 -0.3859 0.0030
vn -0.8798 -0.4754 0.0016
vn -0.8817 -0.4715 0.0165
vn -0.8370 -0.5471 0.0140
vn -0.7874 -0.6159 -0.0268
vn -0.9894 -0.1454 0.0006
vn -0.9782 -0.2073 -0.0110
vn -0.9577 -0.2877 -0.0100
vn -0.9578 -0.2872 -0.0081
vn -0.9213 -0.3888 -0.0081
vn -0.9094 -0.4155 -0.0200
vn -0.9867 -0.1626 0.0045
vn -0.9906 -0.1368 0.0013
vn -0.9865 -0.1639 -0.0008
vn -0.9784 -0.2065 -0.0082
vn -0.9665 -0.2553 -0.0255
vn -0.7731 -0.6326 -0.0450
vn -0.5767 -0.8148 -0.0596
vn -0.5698 -0.8206 -0.0445
vn -0.5776 -0.8158 -0.0286
vn -0.8406 -0.5401 0.0411
vn -0.6168 -0.7859 -0.0440
vn -0.6036 -0.7972 0.0097
vn -0.5678 -0.8210 -0.0607
vn -0.5982 -0.8013 -0.0085
vn -0.6051 -0.7961 -0.0004
vn -0.6054 -0.7960 0.0004
vn -0.6058 -0.7956 -0.0000
vn -0.3962 -0.8984 -0.1893
vn -0.4602 -0.8834 -0.0882
vn -0.5286 -0.8488 -0.0076
vn -0.5271 -0.8497 -0.0130
vn -0.5668 -0.8238 -0.0070
vn -0.6036 -0.7954 0.0547
vn -0.6030 -0.7964 0.0452
vn -0.6031 -0.7976 0.0085
vn -0.2026 -0.9614 -0.1863
vn -0.2509 -0.9647 -0.0795
vn -0.3266 -0.9444 0.0368
vn -0.3254 -0.9451 0.0305
vn -0.3860 -0.9216 0.0407
vn -0.4770 -0.8550 0.2037
vn -0.4054 -0.9086 -0.1004
vn -0.1017 -0.9876 -0.1197
vn -0.1322 -0.9911 -0.0175
vn -0.1715 -0.9850 -0.0184
vn -0.1717 -0.9850 -0.0170
vn -0.2203 -0.9737 0.0574
vn -0.2804 -0.9219 0.2674
vn -0.2904 -0.9439 0.1571
vn -0.0943 -0.9943 -0.0505
vn -0.0794 -0.9968 -0.0000
vn -0.1016 -0.9933 0.0550
vn -0.1165 -0.9859 0.1203
vn -0.1318 -0.9910 -0.0210
vn -0.4959 -0.8281 0.2614
vn -0.5059 -0.8594 0.0742
vn -0.1997 -0.9764 -0.0822
vn -0.3844 -0.9226 0.0335
vn -0.5659 -0.8208 -0.0784
vn -0.5649 -0.8251 -0.0133
vn -0.0248 -0.9997 -0.0000
vn -0.1493 -0.9888 -0.0051
vn -0.1756 -0.9845 -0.0007
vn -0.1858 -0.9826 -0.0000
vn -0.1758 -0.9844 0.0007
vn -0.1467 -0.9892 0.0059
vn -0.1456 -0.9893 -0.0041
vn -0.0549 -0.9985 0.0007
vn -0.0302 -0.9995 -0.0081
vn 0.0632 -0.9980 -0.0029
vn 0.0985 -0.9951 -0.0081
vn 0.1728 -0.9850 -0.0039
vn 0.2144 -0.9767 -0.0100
vn 0.3055 -0.9522 -0.0047
vn 0.3515 -0.9361 -0.0113
vn 0.4612 -0.8873 -0.0050
vn 0.5121 -0.8589 -0.0124
vn 0.6335 -0.7737 -0.0052
vn 0.6775 -0.7354 -0.0121
vn 0.7779 -0.6283 -0.0054
vn 0.8095 -0.5870 -0.0114
vn 0.8815 -0.4722 -0.0055
vn 0.9268 -0.3751 -0.0178
vn 0.9441 -0.3296 -0.0097
vn 0.9789 -0.2041 -0.0045
vn 0.9787 -0.2050 -0.0056
vn 0.9877 -0.1560 0.0021
vn 0.9946 -0.1035 -0.0056
vn 0.9999 0.0164 -0.0029
vn 0.9999 0.0150 -0.0048
vn 0.9906 0.1370 -0.0014
vn 0.9808 0.1926 -0.0314
vn 0.9710 0.2369 0.0326
vn 0.9689 0.2448 0.0363
vn 0.9589 0.2838 -0.0015
vn 0.9395 0.3425 0.0002
vn 0.9397 0.3421 -0.0005
vn 0.9318 0.3629 -0.0127
vn 0.9311 0.3646 -0.0145
vn 0.9216 0.3881 -0.0044
vn 0.9088 0.4172 0.0038
vn 0.9178 0.3970 -0.0038
vn 0.9937 -0.1113 -0.0158
vn 0.9969 -0.0738 -0.0281
vn 0.9795 0.1981 -0.0372
vn 0.9586 0.2847 -0.0002
vn 0.9138 0.4062 -0.0000
vn 0.9194 0.3933 0.0044
vn 0.9241 0.3819 0.0148
vn 0.9255 0.3785 0.0132
vn 0.9906 0.1369 -0.0016
vn 0.9999 0.0096 -0.0047
vn 0.9414 -0.3371 -0.0084
vn 0.9448 -0.3274 -0.0068
vn 0.8748 -0.4844 -0.0099
vn 0.8805 -0.4739 -0.0081
vn 0.7677 -0.6408 -0.0110
vn 0.7765 -0.6300 -0.0088
vn 0.6225 -0.7825 -0.0112
vn 0.6318 -0.7751 -0.0093
vn 0.4520 -0.8919 -0.0107
vn 0.4597 -0.8880 -0.0093
vn 0.2999 -0.9539 -0.0095
vn 0.3046 -0.9524 -0.0086
vn 0.1695 -0.9855 -0.0079
vn 0.1723 -0.9850 -0.0074
vn 0.0630 -0.9980 -0.0059
vn -0.0548 -0.9985 -0.0033
vn -0.1100 -0.9937 0.0208
vn 0.9467 0.3206 -0.0300
vn 0.9465 0.3212 -0.0302
vn 0.9468 0.3205 -0.0305
vn 0.9471 0.3193 -0.0314
vn 0.9472 0.3188 -0.0332
vn 0.9478 0.3168 -0.0362
vn 0.9483 0.3153 -0.0377
vn 0.9481 0.3158 -0.0361
vn 0.9487 0.3138 -0.0395
vn 0.9486 0.3140 -0.0387
vn 0.9486 0.3146 -0.0355
vn 0.9487 0.3141 -0.0368
vn 0.9488 0.3140 -0.0342
vn 0.9488 0.3149 -0.0243
vn 0.9490 0.3135 -0.0331
vn 0.9486 0.3146 -0.0330
vn 0.9486 0.3147 -0.0329
vn 0.9486 0.3147 -0.0342
vn 0.9471 0.3209 -0.0095
vn 0.9478 0.3182 -0.0186
vn 0.9475 0.3192 -0.0187
vn 0.9475 0.3193 -0.0185
vn 0.9480 0.3169 -0.0284
vn 0.9448 0.3277 0.0005
vn 0.9445 0.3284 -0.0000
vn 0.9461 0.3236 -0.0118
vn 0.9479 0.3181 -0.0188
vn 0.9490 0.3134 -0.0333
vn 0.9483 0.3158 -0.0317
vn 0.9486 0.3143 -0.0378
vn 0.9476 0.3177 -0.0333
vn 0.1872 -0.0482 0.9811
vn 0.1869 -0.0488 0.9812
vn 0.1224 -0.2439 0.9620
vn 0.4423 0.5226 0.7289
vn 0.2075 -0.1493 0.9668
vn 0.1905 -0.0498 0.9804
vn 0.1901 -0.0505 0.9805
vn 0.2386 -0.1582 0.9581
vn 0.1824 -0.2480 0.9514
vn 0.2148 -0.2201 0.9515
vn 0.2256 -0.2257 0.9477
vn 0.2090 -0.2410 0.9478
vn 0.2273 -0.2326 0.9456
vn 0.1625 0.4711 -0.8670
vn 0.1726 -0.2754 0.9457
vn 0.1667 -0.2700 0.9483
vn 0.2185 -0.2367 0.9467
vn 0.1231 -0.2765 0.9531
vn 0.1123 -0.2623 0.9584
vn 0.0973 -0.2679 0.9585
vn 0.0909 -0.2492 0.9642
vn -0.6130 -0.3524 0.7072
vn -0.0733 -0.2668 0.9610
vn 0.0381 -0.2273 0.9731
vn 0.2082 -0.1890 0.9597
vn 0.2298 -0.1815 0.9562
vn 0.2530 -0.1745 0.9516
vn 0.0434 -0.2203 0.9745
vn 0.0405 -0.2178 0.9751
vn 0.0145 -0.2149 0.9765
vn 0.5150 -0.0781 0.8536
vn 0.7841 0.3306 -0.5252
vn 0.1990 -0.2557 0.9461
vn 0.1880 -0.2661 0.9454
vn 0.2102 -0.2172 0.9532
vn 0.0766 -0.2537 0.9642
vn 0.1366 -0.0865 0.9868
vn 0.0544 -0.1369 0.9891
vn 0.0650 -0.1537 0.9860
vn 0.0478 -0.1602 0.9859
vn 0.0557 -0.1851 0.9811
vn -0.0677 -0.2245 0.9721
vn 0.0691 -0.0907 0.9935
vn 0.0544 -0.1018 0.9933
vn 0.0660 -0.1165 0.9910
vn 0.0725 -0.1129 0.9910
vn 0.0437 -0.1419 0.9889
vn -0.0296 -0.1837 0.9825
vn 0.4294 0.5292 -0.7318
vn 0.2359 0.1140 0.9651
vn 0.0576 -0.0778 0.9953
vn 0.0712 -0.0663 0.9953
vn 0.0188 -0.1260 0.9918
vn 0.0031 -0.1380 0.9904
vn 0.0584 -0.0402 0.9975
vn 0.0085 -0.1054 0.9944
vn 0.0405 -0.0798 0.9960
vn -0.6588 -0.4801 0.5792
vn 0.0676 -0.3012 0.9512
vn 0.1743 -0.2658 0.9481
vn -0.7368 -0.6187 0.2725
vn 0.3045 -0.1135 0.9457
vn 0.3895 -0.0170 0.9209
vn 0.2132 -0.1914 0.9581
vn 0.2456 -0.0920 0.9650
vn 0.0666 -0.2347 0.9698
vn 0.0429 -0.2227 0.9739
vn 0.3023 -0.1575 0.9401
vn 0.5510 0.3096 -0.7749
vn 0.0512 -0.0352 0.9981
vn 0.0459 -0.0452 0.9979
vn 0.0491 -0.0484 0.9976
vn 0.0431 -0.0548 0.9976
vn 0.0423 -0.0537 0.9977
vn 0.0510 -0.0461 0.9976
vn 0.0458 -0.0452 0.9979
vn 0.0497 -0.0489 0.9976
vn 0.0436 -0.0554 0.9975
vn 0.1004 -0.0062 0.9949
vn 0.0287 -0.0466 0.9985
vn 0.0332 -0.0548 0.9979
vn 0.0333 -0.0548 0.9979
vn 0.0045 -0.0760 0.9971
vn 0.2380 0.0651 0.9691
vn 0.1697 0.0413 0.9846
vn 0.0136 -0.0208 0.9997
vn 0.0189 -0.0353 0.9992
vn -0.6927 -0.3466 0.6325
vn 0.7572 0.1792 0.6281
vn 0.1707 0.0764 0.9824
vn -0.0031 0.0355 0.9994
vn -0.0008 0.0242 0.9997
vn -0.3535 -0.0793 0.9321
vn 0.1404 0.0445 0.9891
vn 0.4327 0.2790 0.8573
vn -0.0240 0.2532 0.9671
vn -0.0201 0.2141 0.9766
vn -0.6332 0.0705 0.7707
vn -0.7257 0.0376 0.6869
vn 0.4228 0.2220 0.8786
vn 0.4712 0.2204 0.8540
vn 0.5059 0.2192 0.8343
vn -0.8462 -0.0140 0.5327
vn -0.9751 -0.1070 0.1944
vn -0.9888 -0.1495 0.0009
vn -0.7121 -0.1400 -0.6880
vn -0.7397 -0.1426 -0.6577
vn 0.9292 0.1483 0.3385
vn 0.9254 0.1500 0.3480
vn 0.9185 0.1525 0.3649
vn -0.8036 -0.1488 -0.5763
vn -0.8947 -0.1557 -0.4187
vn -0.5727 -0.0533 0.8180
vn 0.3720 0.2860 0.8831
vn -0.0015 0.3134 0.9496
vn -0.9946 -0.0225 0.1017
vn -0.6912 -0.1916 -0.6968
vn -0.9580 -0.2826 0.0499
vn 0.0190 -0.0353 0.9992
vn -0.7510 -0.1437 -0.6445
vn 0.8558 0.1735 0.4874
vn -0.7966 0.0081 0.6044
vn 0.3767 0.2233 0.8990
vn 0.9074 0.1559 0.3903
vn 0.9325 0.1471 0.3299
vn -0.9961 -0.0276 0.0838
vn -0.0240 0.2531 0.9671
vn -0.0015 0.3305 0.9438
vn -0.3422 0.3232 0.8823
vn -0.7130 0.2494 0.6553
vn 0.7048 0.2524 0.6630
vn 0.8061 0.2131 0.5521
vn 0.0004 0.3838 0.9234
vn 0.2506 0.3634 0.8973
vn 0.6361 0.2825 0.7181
vn -0.6421 0.2807 0.7134
vn -0.8116 0.2104 0.5451
vn 0.3337 0.3242 0.8852
vn -0.2534 0.3631 0.8966
vn 0.0677 -0.9977 -0.0003
vn -0.0569 0.3832 0.9219
vn -0.0521 0.3837 0.9220
vn 0.0224 0.3954 0.9182
vn -0.0573 0.3889 0.9195
vn -0.0577 0.3889 0.9195
vn 0.6575 0.7535 0.0006
vn -0.7084 -0.7058 0.0059
vn 0.0052 0.3955 0.9184
vn 0.0072 0.3981 0.9173
vn 0.0072 0.3983 0.9172
vn 0.0052 0.3977 0.9175
vn 0.0078 0.3972 0.9177
vn 0.0034 0.3989 0.9170
vn 0.0028 0.3985 0.9172
vn -0.0001 0.3995 0.9167
vn -0.0000 0.3988 0.9170
vn -0.0000 0.4003 0.9164
vn 0.0024 0.3994 0.9168
vn 0.0024 0.3997 0.9166
vn 0.0048 0.3989 0.9170
vn 0.0048 0.3992 0.9169
vn 0.0386 -0.9984 0.0402
vn -0.0280 0.3985 0.9167
vn -0.0378 0.3995 0.9160
vn -0.0429 0.3993 0.9158
vn -0.0431 0.4031 0.9142
vn -0.0641 0.4003 0.9141
vn -0.0644 0.4002 0.9142
vn -0.0428 0.3986 0.9161
vn -0.0429 0.4002 0.9154
vn -0.0723 0.9938 0.0842
vn -0.0939 0.9921 0.0826
vn -0.0714 0.9940 0.0823
vn 0.0068 0.9964 0.0841
vn -0.0287 0.9960 0.0843
vn -0.0287 0.9960 0.0844
vn -0.0291 0.9960 0.0844
vn 0.0402 0.9955 0.0858
vn 0.0059 0.9963 0.0862
vn -0.0288 0.9960 0.0843
vn -0.0283 0.9960 0.0844
vn 0.0318 0.8768 -0.4799
vn 0.0457 0.8778 -0.4768
vn 0.0318 0.8799 -0.4742
vn 0.0319 0.7906 -0.6115
vn 0.0248 0.7897 -0.6130
vn 0.0319 0.7896 -0.6128
vn 0.0248 0.7887 -0.6143
vn 0.0247 0.6828 -0.7302
vn -0.1926 0.6426 -0.7416
vn 0.0172 0.5991 -0.8005
vn 0.0172 0.4991 -0.8664
vn -0.0936 0.4970 -0.8627
vn 0.3413 0.4341 -0.8337
vn 0.3121 0.6111 -0.7275
vn 0.0815 0.5971 -0.7980
vn -0.4302 0.4372 -0.7898
vn 0.0505 0.4335 -0.8997
vn 0.0403 0.4307 -0.9016
vn 0.0099 0.4311 -0.9023
vn -0.2989 0.4543 -0.8392
vn 0.1429 0.5312 -0.8351
vn -0.0559 0.6478 -0.7598
vn 0.1194 0.6868 -0.7169
vn -0.0841 0.7482 -0.6581
vn 0.1374 0.8136 -0.5649
vn -0.1516 0.8578 -0.4912
vn -0.0000 0.8819 -0.4715
vn -0.0000 0.8366 -0.5478
vn -0.1095 0.8164 -0.5670
vn 0.0691 0.7374 -0.6720
vn -0.1161 0.6871 -0.7172
vn 0.1967 0.5938 -0.7802
vn -0.2751 0.5159 -0.8112
vn 0.2803 0.4358 -0.8553
vn 0.0099 0.4340 -0.9009
vn -0.7063 -0.7039 0.0753
vn -0.7034 -0.7065 0.0783
vn -0.7068 -0.7034 0.0757
vn 0.0617 -0.0395 -0.9973
vn 0.0627 -0.0390 -0.9973
vn 0.0232 -0.0391 -0.9990
vn 0.0259 -0.0742 -0.9969
vn -0.0000 -0.0344 -0.9994
vn 0.0181 -0.0267 -0.9995
vn 0.0028 -0.0183 -0.9998
vn 0.0045 -0.0206 -0.9998
vn -0.0042 -0.0032 -1.0000
vn -0.0076 0.0098 -0.9999
vn -0.0027 -0.0177 -0.9998
vn -0.0003 -0.0458 -0.9989
vn 0.7639 0.1258 -0.6330
vn 0.0434 0.0074 -0.9990
vn 0.6478 0.1615 0.7445
vn 0.0489 0.0382 -0.9981
vn 0.0208 0.0035 -0.9998
vn -0.0010 -0.0000 -1.0000
vn 0.0030 0.0008 -1.0000
vn 0.0469 0.0097 -0.9989
vn 0.1053 0.0198 -0.9942
vn 0.2864 0.0410 -0.9572
vn -0.0000 0.0002 -1.0000
vn 0.0047 0.0005 -1.0000
vn -0.0000 -0.0002 -1.0000
vn 0.0026 -0.0000 -1.0000
vn 0.0025 -0.0000 -1.0000
vn 0.0016 0.0001 -1.0000
vn -0.0003 0.0002 -1.0000
vn 0.0024 -0.0002 -1.0000
vn 0.0048 -0.0000 -1.0000
vn 0.0037 0.0001 -1.0000
vn -0.0023 0.0001 -1.0000
vn -0.0004 -0.0001 -1.0000
vn -0.0000 -0.0001 -1.0000
vn -0.0148 0.0002 -0.9999
vn -0.0020 -0.0000 -1.0000
vn -0.0051 -0.0001 -1.0000
vn -0.0229 -0.0007 -0.9997
vn -0.0058 -0.0002 -1.0000
vn -0.0029 -0.0002 -1.0000
vn 0.0008 0.0001 -1.0000
vn -0.0001 -0.0000 -1.0000
vn -0.0014 -0.0004 -1.0000
vn -0.0026 -0.0006 -1.0000
vn -0.0045 -0.0009 -1.0000
vn -0.0044 -0.0009 -1.0000
vn -0.0045 -0.0007 -1.0000
vn -0.0113 -0.0016 -0.9999
vn -0.0028 -0.0004 -1.0000
vn -0.0018 -0.0002 -1.0000
vn -0.0011 -0.0001 -1.0000
vn -0.0029 -0.0003 -1.0000
vn -0.0022 -0.0012 -1.0000
vn -0.0057 -0.0025 -1.0000
vn -0.0058 -0.0021 -1.0000
vn -0.0134 -0.0040 0.9999
vn -0.0037 -0.0010 1.0000
vn -0.0142 -0.0034 -0.9999
vn -0.0005 -0.0008 -1.0000
vn -0.0029 -0.0025 -1.0000
vn -0.0033 -0.0019 -1.0000
vn -0.2633 -0.1358 -0.9551
vn -0.0006 -0.0007 -1.0000
vn -0.0030 -0.0024 -1.0000
vn -0.0123 -0.0016 0.9999
vn -0.0153 -0.0018 -0.9999
vn -0.0023 -0.0007 -1.0000
vn 0.0012 0.0001 -1.0000
vn 0.0015 -0.0000 -1.0000
vn 0.0006 0.0007 -1.0000
vn 0.0001 -0.0001 -1.0000
vn 0.0013 0.0013 -1.0000
vn 0.0014 0.0012 -1.0000
vn 0.0020 0.0018 -1.0000
vn 0.0025 0.0023 -1.0000
vn 0.0013 0.0009 -1.0000
vn 0.0017 0.0012 -1.0000
vn 0.0041 0.0021 -1.0000
vn 0.0019 0.0008 -1.0000
vn 0.0030 0.0011 -1.0000
vn 0.0024 0.0005 1.0000
vn -0.0017 -0.0006 1.0000
vn 0.0023 0.0015 -1.0000
vn 0.0027 0.0018 -1.0000
vn 0.0029 0.0015 -1.0000
vn 0.0032 0.0016 -1.0000
vn -0.0036 -0.0011 -1.0000
vn -0.0038 -0.0006 -1.0000
vn -0.0017 -0.0001 -1.0000
vn -0.0002 0.0001 -1.0000
vn -0.0002 0.0002 -1.0000
vn -0.0014 -0.0000 -1.0000
vn -0.0015 -0.0001 -1.0000
vn -0.0031 -0.0004 -1.0000
vn -0.0001 0.0001 -1.0000
vn 0.0010 0.0002 -1.0000
vn -0.0019 -0.0011 -1.0000
vn -0.0045 -0.0022 -1.0000
vn -0.0050 -0.0016 -1.0000
vn -0.0025 -0.0008 -1.0000
vn -0.1350 -0.0315 -0.9903
vn -0.0007 -0.0007 -1.0000
vn -0.0025 -0.0019 -1.0000
vn -0.0027 -0.0017 -1.0000
vn -0.0029 -0.0018 -1.0000
vn -0.0057 -0.0027 -1.0000
vn -0.2401 -0.1060 -0.9649
vn -0.0002 -0.0003 -1.0000
vn -0.0004 -0.0005 -1.0000
vn -0.0008 -0.0007 -1.0000
vn -0.0063 -0.0045 1.0000
vn -0.0001 -0.0001 -1.0000
vn -0.0007 -0.0008 -1.0000
vn -0.7515 -0.5395 0.3798
vn -0.0003 -0.0003 -1.0000
vn 0.0033 0.0012 -1.0000
vn -0.0007 -0.0000 -1.0000
vn 0.0002 -0.0015 -1.0000
vn -0.0003 -0.0000 -1.0000
vn -0.0004 -0.0009 -1.0000
vn 0.0006 -0.0022 -1.0000
vn 0.0006 -0.0024 -1.0000
vn 0.0011 -0.0021 -1.0000
vn 0.0021 -0.0033 -1.0000
vn 0.0016 -0.0019 -1.0000
vn 0.0021 -0.0022 -1.0000
vn 0.0024 -0.0018 -1.0000
vn 0.0072 -0.0049 -1.0000
vn 0.0015 -0.0007 -1.0000
vn 0.0016 -0.0004 -1.0000
vn -0.0000 0.0001 -1.0000
vn 0.0016 -0.0005 -1.0000
vn 0.0014 -0.0008 -1.0000
vn 0.0012 -0.0007 -1.0000
vn 0.0023 -0.0019 -1.0000
vn 0.0020 -0.0022 -1.0000
vn 0.0023 -0.0026 -1.0000
vn 0.0012 -0.0020 -1.0000
vn 0.0013 -0.0021 -1.0000
vn 0.0008 -0.0023 -1.0000
vn 0.0003 -0.0012 -1.0000
vn 0.7071 -0.7071 -0.0000
vn -0.0030 0.8366 -0.5479
vn 0.0001 0.8814 -0.4724
vn -0.0028 0.8381 -0.5455
vn -0.0656 0.8272 -0.5581
vn 0.0510 0.8279 -0.5585
vn -0.0389 0.7385 -0.6731
vn 0.0719 0.7149 -0.6955
vn -0.1155 0.6015 -0.7905
vn 0.1849 0.5613 -0.8067
vn -0.1052 0.4772 -0.8725
vn 0.1829 0.4716 -0.8626
vn 0.2984 0.4431 -0.8453
vn 0.0458 0.7465 -0.6638
vn -0.0877 0.7139 -0.6947
vn 0.1423 0.6141 -0.7763
vn -0.2285 0.5561 -0.7991
vn 0.0982 0.4616 -0.8816
vn -0.0685 0.4698 -0.8801
vn -0.0186 0.4351 -0.9002
vn -0.2692 0.4372 -0.8581
vn -0.0819 0.6365 -0.7669
vn 0.0477 0.6495 -0.7588
vn -0.0321 0.6500 -0.7592
vn 0.0184 0.6547 -0.7557
vn -0.0111 0.7868 -0.6171
vn 0.0031 0.7889 -0.6145
vn -0.0032 0.8772 -0.4801
vn 0.0002 0.8768 -0.4808
vn -0.0204 0.8744 -0.4848
vn 0.0182 0.7868 -0.6170
vn -0.0287 0.7796 -0.6256
vn 0.0359 0.4757 -0.8789
vn 0.0002 1.0000 -0.0000
vn 0.0001 1.0000 -0.0000
vn 0.0003 1.0000 -0.0000
vn -0.0002 1.0000 -0.0000
vn -0.0003 1.0000 -0.0000
vn -0.0001 1.0000 -0.0000
vn 0.0218 0.4075 0.9130
vn -0.0002 0.4091 0.9125
vn -0.0221 0.4074 0.9130
vn 0.0114 0.4058 0.9139
vn -0.0169 0.4019 0.9155
vn -0.0001 0.4012 0.9160
vn -0.0001 0.3989 0.9170
vn -0.0001 0.3988 0.9170
vn -0.0001 0.4013 0.9160
vn 0.0167 0.4019 0.9155
vn -0.0116 0.4057 0.9139
vn 0.7072 -0.7070 -0.0000
vn -0.7187 0.6953 -0.0000
vn 0.0141 0.3759 0.9266
vn -0.0374 0.3736 0.9268
vn 0.0100 0.3185 0.9479
vn -0.0312 0.3162 0.9482
vn 0.0426 0.2062 0.9776
vn -0.0762 0.1993 0.9770
vn 0.0291 -0.0070 0.9996
vn -0.0118 -0.0088 0.9999
vn 0.0230 -0.1839 0.9827
vn 0.0232 -0.1840 0.9827
vn 0.0232 -0.1839 0.9827
vn -0.1001 -0.9950 -0.0027
vn -0.1001 -0.9950 0.0014
vn -0.1001 -0.9950 0.0007
vn -0.1001 -0.9950 -0.0000
vn -0.0496 -0.3011 0.9523
vn -0.0692 -0.2936 0.9534
vn -0.1149 -0.2859 0.9513
vn -0.1828 -0.2549 0.9495
vn -0.1188 -0.2856 0.9509
vn -0.1184 -0.2848 0.9512
vn -0.1185 -0.2848 0.9512
vn -0.1039 -0.2876 0.9521
vn -0.1683 -0.2348 0.9573
vn -0.2072 -0.2083 0.9558
vn -0.1778 -0.1790 0.9676
vn -0.2160 -0.1414 0.9661
vn -0.1764 -0.1156 0.9775
vn -0.1371 -0.1491 0.9793
vn -0.1621 -0.0566 0.9852
vn -0.1128 -0.0392 0.9928
vn -0.1247 0.4299 0.8942
vn -0.0907 -0.0058 0.9959
vn -0.0375 -0.1635 0.9858
vn -0.1064 -0.0370 0.9936
vn -0.2041 0.0086 0.9789
vn -0.2112 -0.1383 0.9676
vn -0.1740 -0.1752 0.9690
vn -0.2037 -0.2048 0.9574
vn -0.1655 -0.2309 0.9588
vn -0.1807 -0.2518 0.9508
vn -0.1174 -0.2824 0.9521
vn -0.1260 -0.2805 0.9515
vn -0.0140 -0.0012 0.9999
vn -0.0140 -0.0005 0.9999
vn -0.0155 -0.0004 0.9999
vn -0.0155 -0.0006 0.9999
vn 0.9914 -0.1308 -0.0000
vn 0.9914 -0.1307 -0.0003
vn 0.9914 -0.1308 0.0003
vn 0.9913 -0.1313 0.0014
vn 0.9527 -0.3040 -0.0019
vn 0.8979 -0.4402 0.0015
vn 0.8956 -0.4448 -0.0016
vn 0.8391 -0.5440 0.0016
vn 0.8355 -0.5495 -0.0023
vn 0.7519 -0.6592 0.0017
vn 0.7471 -0.6647 -0.0026
vn 0.6210 -0.7838 0.0020
vn 0.6156 -0.7880 -0.0020
vn 0.4345 -0.9007 0.0024
vn 0.4298 -0.9029 -0.0007
vn 0.1957 -0.9807 0.0021
vn 0.4131 -0.9107 -0.0005
vn 0.4127 -0.9109 0.0029
vn 0.5824 -0.8129 -0.0012
vn 0.5819 -0.8133 0.0033
vn 0.6913 -0.7226 -0.0005
vn 0.6910 -0.7228 0.0043
vn 0.7773 -0.6291 0.0006
vn 0.9005 -0.4348 0.0014
vn 0.8717 -0.4890 0.0310
vn 0.8439 -0.5364 -0.0028
vn 0.7627 -0.6467 0.0013
vn 0.7582 -0.6520 -0.0031
vn 0.6326 -0.7745 0.0016
vn 0.6277 -0.7785 -0.0023
vn 0.4444 -0.8958 0.0021
vn 0.4400 -0.8980 -0.0008
vn 0.2713 -0.9625 0.0012
vn 0.1502 -0.9881 -0.0343
vn 0.2097 -0.9778 0.0019
vn 0.2031 -0.9792 -0.0000
vn 0.1879 -0.9822 -0.0000
vn 0.1791 -0.9838 0.0023
vn 0.4008 -0.9162 -0.0004
vn 0.4004 -0.9163 0.0031
vn 0.5520 -0.8338 -0.0004
vn 0.5517 -0.8340 0.0043
vn 0.6633 -0.7484 0.0005
vn 0.1592 -0.9872 -0.0000
vn 0.1592 -0.9873 0.0025
vn 0.3405 -0.9403 0.0004
vn 0.3729 -0.9279 0.0037
vn 0.3731 -0.9278 -0.0000
vn 0.5178 -0.8555 0.0004
vn 0.7955 -0.6060 0.0038
vn 0.8626 -0.5060 0.0004
vn 0.8722 -0.4891 0.0028
vn 0.9458 -0.3248 -0.0014
vn 0.9487 -0.3162 -0.0000
vn 0.8926 -0.4508 0.0018
vn 0.8929 -0.4502 -0.0014
vn 0.8349 -0.5504 0.0019
vn 0.4350 -0.9004 -0.0008
vn 0.4395 -0.8982 0.0022
vn 0.6217 -0.7832 -0.0022
vn 0.6269 -0.7791 0.0018
vn 0.7527 -0.6583 -0.0028
vn 0.7574 -0.6529 0.0015
vn 0.8397 -0.5430 -0.0026
vn 0.8433 -0.5375 0.0014
vn 0.8983 -0.4394 -0.0018
vn 0.5963 -0.8028 -0.0015
vn 0.6087 -0.7934 0.0024
vn 0.6094 -0.7929 -0.0019
vn 0.6149 -0.7886 0.0022
vn 0.7296 -0.6839 -0.0019
vn 0.7407 -0.6718 0.0022
vn 0.7414 -0.6711 -0.0024
vn 0.7464 -0.6655 0.0020
vn 0.5957 -0.8032 0.0029
vn 0.7173 -0.6967 -0.0015
vn 0.7290 -0.6845 0.0027
vn 0.8137 -0.5813 -0.0012
vn 0.8220 -0.5695 0.0025
vn 0.8825 -0.4703 -0.0008
vn 0.8874 -0.4610 0.0021
vn 0.8225 -0.5688 -0.0016
vn 0.8306 -0.5568 0.0021
vn 0.8312 -0.5560 -0.0021
vn 0.8877 -0.4605 -0.0011
vn 0.8952 -0.4456 0.0017
vn 0.4244 -0.9055 -0.0006
vn 0.4240 -0.9057 0.0026
vn 0.4294 -0.9031 0.0025
vn 0.7168 -0.6972 0.0033
vn 0.8133 -0.5819 0.0030
vn 0.7957 -0.6057 -0.0003
vn 0.8823 -0.4707 0.0023
vn 0.8723 -0.4889 -0.0002
vn 1.0000 0.0002 0.0001
vn 1.0000 0.0001 0.0001
vn 1.0000 0.0001 -0.0000
vn 1.0000 0.0002 -0.0000
vn 1.0000 -0.0001 -0.0000
vn 1.0000 -0.0000 0.0001
vn 1.0000 -0.0001 0.0001
vn 1.0000 -0.0002 0.0001
vn -0.9969 -0.0793 -0.0019
vn -0.9994 -0.0335 0.0015
vn -0.9992 -0.0407 0.0016
vn -0.9992 -0.0406 0.0016
vn -0.9998 -0.0220 -0.0002
vn -0.9960 -0.0873 -0.0202
vn -0.9996 -0.0267 -0.0094
vn -0.9996 -0.0263 -0.0094
vn -1.0000 0.0029 -0.0057
vn -0.9996 -0.0286 -0.0034
vn -1.0000 0.0033 -0.0043
vn -0.9995 -0.0328 -0.0007
vn -1.0000 0.0014 -0.0012
vn -0.9994 -0.0244 -0.0244
vn -0.9994 -0.0253 -0.0243
vn -0.9994 -0.0270 -0.0204
vn -0.9995 0.0252 -0.0196
vn -0.9992 0.0349 -0.0191
vn -0.9998 0.0128 -0.0147
vn -0.9995 -0.0264 -0.0164
vn -0.9999 0.0077 -0.0142
vn -0.9996 -0.0275 -0.0093
vn -1.0000 0.0023 0.0054
vn -1.0000 0.0022 0.0054
vn -0.9982 0.0600 0.0066
vn -0.9853 0.1707 0.0042
vn -0.9853 0.1710 0.0042
vn -0.9945 0.1045 0.0047
vn -0.9856 0.1691 -0.0000
vn -0.9947 0.1028 0.0013
vn -0.9858 0.1681 -0.0014
vn -0.9857 0.1685 -0.0014
vn -0.9857 0.1684 -0.0014
vn -0.9627 0.2705 -0.0106
vn -0.8907 0.4545 -0.0083
vn -0.8906 0.4547 -0.0083
vn -0.8050 0.5931 -0.0118
vn -0.8044 0.5940 -0.0088
vn -0.6426 0.7661 -0.0127
vn -0.6403 0.7682 -0.0017
vn -0.0505 0.9987 -0.0065
vn -0.0507 0.9987 -0.0065
vn -0.3629 0.9318 -0.0043
vn -0.1863 0.9823 -0.0184
vn -0.3644 0.9311 -0.0168
vn -0.1867 0.9822 -0.0226
vn -0.0000 0.9997 -0.0235
vn -0.9996 0.0263 0.0041
vn -1.0000 0.0014 0.0033
vn -0.9997 0.0252 0.0016
vn -1.0000 0.0011 0.0026
vn -1.0000 0.0012 0.0026
vn -0.9984 0.0561 -0.0022
vn -0.6462 0.7626 -0.0298
vn -0.3653 0.9307 -0.0209
vn -0.0186 0.9998 -0.0080
vn -0.1862 0.9823 -0.0184
vn -0.6382 0.7698 0.0042
vn -0.8889 0.4581 0.0017
vn -0.8025 0.5967 0.0003
vn -0.8904 0.4551 -0.0059
vn -0.8908 0.4544 -0.0083
vn -0.9607 0.2774 0.0063
vn -0.8887 0.4584 0.0017
vn -0.8889 0.4582 0.0017
vn -0.9853 0.1709 0.0042
vn -0.9617 0.2741 -0.0021
vn -0.9856 0.1689 -0.0000
vn -0.9619 0.2732 -0.0039
vn -0.9996 0.0267 0.0053
vn -0.9997 0.0256 0.0028
vn -0.9983 0.0576 0.0013
vn -0.9983 0.0583 0.0022
vn -0.9948 0.1023 0.0002
vn -0.9610 0.2764 0.0034
vn -0.8902 0.4556 -0.0059
vn -0.9618 0.2736 -0.0021
vn -0.9947 0.1030 0.0013
vn -0.9982 0.0592 0.0050
vn -0.9983 0.0580 0.0022
vn -0.6431 0.7656 -0.0163
vn -0.6428 0.7659 -0.0127
vn -0.5194 0.8544 -0.0148
vn -0.5170 0.8560 -0.0030
vn -0.5201 0.8539 -0.0187
vn -0.5192 0.8545 -0.0148
vn -0.3646 0.9310 -0.0168
vn -0.0136 0.9999 -0.0002
vn -0.9943 -0.1067 -0.0000
vn -0.9907 -0.1361 -0.0021
vn -0.9924 -0.1233 -0.0042
vn -0.9902 -0.1394 -0.0042
vn -0.9868 -0.1618 -0.0028
vn -0.9874 -0.1585 -0.0023
vn -0.9874 -0.1580 -0.0000
vn -0.9906 -0.1369 -0.0040
vn -0.9924 -0.1234 -0.0042
vn -0.9951 -0.0993 -0.0006
vn -1.0000 0.0001 0.0002
vn -0.9999 0.0109 0.0043
vn -1.0000 -0.0009 0.0012
vn -1.0000 -0.0014 -0.0012
vn -0.9999 -0.0160 -0.0000
vn -1.0000 0.0002 -0.0000
vn -1.0000 -0.0006 -0.0041
vn -1.0000 0.0096 -0.0024
vn -1.0000 0.0062 -0.0034
vn -1.0000 -0.0064 -0.0000
vn -0.6197 -0.7848 -0.0000
vn -0.6130 -0.7901 0.0013
vn -0.6029 -0.7978 -0.0000
vn -0.6604 -0.7509 -0.0036
vn -0.6914 -0.7225 -0.0008
vn -0.7746 -0.6325 0.0016
vn -0.7747 -0.6324 -0.0016
vn -0.8338 -0.5520 0.0037
vn -0.6914 -0.7225 -0.0013
vn -0.7444 -0.6677 0.0006
vn -0.8656 -0.5008 -0.0018
vn -0.9106 -0.4131 0.0100
vn -0.9292 -0.3696 0.0019
vn -0.9633 -0.2681 0.0128
vn -0.9659 -0.2587 0.0082
vn -0.9863 -0.1647 0.0016
vn -0.9863 -0.1646 0.0083
vn -0.9917 -0.1282 -0.0053
vn -0.9957 -0.0920 0.0051
vn -0.9995 -0.0328 -0.0017
vn -0.9996 -0.0278 -0.0000
vn -0.9987 -0.0504 0.0088
vn -0.9957 -0.0927 -0.0012
vn -0.9888 -0.1488 0.0082
vn -0.9659 -0.2587 -0.0029
vn -0.9642 -0.2652 -0.0064
vn -0.9291 -0.3697 0.0102
vn -0.8890 -0.4579 -0.0018
vn -0.8654 -0.5010 0.0063
vn -0.7871 -0.6169 -0.0001
vn -0.3838 -0.9234 -0.0000
vn -0.3817 -0.9243 0.0002
vn -0.3818 -0.9243 -0.0000
vn -0.3797 -0.9251 0.0002
vn -0.5321 -0.8467 -0.0000
vn -0.5855 -0.8107 0.0057
vn -0.6677 -0.7444 -0.0037
vn -0.7172 -0.6969 0.0021
vn -0.8108 -0.5853 -0.0022
vn -0.8102 -0.5862 0.0037
vn -0.8221 -0.5693 0.0096
vn -0.5369 -0.8437 -0.0000
vn -0.5867 -0.8098 -0.0054
vn -0.6764 -0.7365 0.0047
vn -0.7174 -0.6966 -0.0002
vn -0.8891 -0.4577 0.0009
vn -0.9165 -0.3999 0.0115
vn -0.9403 -0.3404 0.0018
vn -0.9657 -0.2596 0.0085
vn -0.9749 -0.2229 0.0002
vn -0.9702 -0.2425 0.0002
vn -0.9740 -0.2267 -0.0031
vn -0.9239 -0.3827 -0.0032
vn -0.9242 -0.3819 -0.0033
vn -0.8256 -0.5643 -0.0034
vn -0.8226 -0.5686 -0.0024
vn -0.6750 -0.7378 -0.0025
vn -0.6704 -0.7420 -0.0000
vn -0.6793 -0.7339 -0.0000
vn -0.6660 -0.7460 -0.0025
vn -0.8197 -0.5728 -0.0024
vn -0.6614 -0.7500 -0.0000
vn -0.8226 -0.5685 -0.0034
vn -0.9245 -0.3813 -0.0033
vn -0.9242 -0.3820 -0.0032
vn -0.9773 -0.2116 -0.0031
vn -0.9739 -0.2271 0.0002
vn -0.9738 -0.2274 -0.0009
vn -0.9399 -0.3413 0.0082
vn -0.9149 -0.4036 -0.0024
vn -0.8886 -0.4586 0.0072
vn -0.8120 -0.5836 -0.0028
vn -0.0317 0.9995 -0.0000
vn -0.1488 0.9889 -0.0014
vn -0.1119 0.9937 -0.0003
vn -0.0952 0.9955 -0.0000
vn -0.0881 0.9961 -0.0004
vn -0.0882 0.9961 -0.0004
vn -0.1364 0.9907 -0.0003
vn -0.1215 0.9926 -0.0009
vn -0.2242 0.9746 -0.0004
vn -0.2069 0.9784 -0.0017
vn -0.3894 0.9211 0.0002
vn -0.3675 0.9300 -0.0035
vn -0.5461 0.8377 0.0003
vn -0.5216 0.8532 -0.0032
vn -0.6246 0.7809 -0.0002
vn -0.6006 0.7995 -0.0025
vn -0.6912 0.7227 0.0005
vn -0.6692 0.7431 -0.0034
vn -0.7475 0.6642 -0.0003
vn -0.7285 0.6850 -0.0026
vn -0.8096 0.5870 0.0010
vn -0.7951 0.6065 -0.0037
vn -0.8803 0.4745 0.0007
vn -0.8721 0.4893 -0.0028
vn -0.9295 0.3689 0.0003
vn -0.9263 0.3767 -0.0014
vn -0.9625 0.2714 0.0001
vn -0.9451 0.3266 0.0091
vn -0.2716 0.9624 -0.0014
vn -0.2466 0.9691 0.0001
vn -0.1555 0.9878 -0.0011
vn -0.1556 0.9878 -0.0002
vn -0.4184 0.9083 0.0012
vn -0.4444 0.8958 -0.0025
vn -0.5794 0.8150 0.0014
vn -0.6324 0.7747 -0.0034
vn -0.6578 0.7532 -0.0008
vn -0.7223 0.6916 0.0018
vn -0.7223 0.6916 0.0017
vn -0.7111 0.7031 -0.0017
vn -0.7115 0.7027 0.0013
vn -0.6909 0.7230 -0.0025
vn -0.7626 0.6469 -0.0023
vn -0.7749 0.6321 -0.0007
vn -0.7752 0.6317 0.0009
vn -0.7653 0.6436 -0.0010
vn -0.7655 0.6434 0.0005
vn -0.7474 0.6644 -0.0018
vn -0.8313 0.5558 0.0023
vn -0.8758 0.4827 -0.0080
vn -0.8929 0.4503 -0.0019
vn -0.9348 0.3552 0.0007
vn -0.9327 0.3607 -0.0012
vn -0.9328 0.3604 0.0005
vn -0.9294 0.3691 -0.0013
vn -0.9515 0.3075 -0.0061
vn -0.9637 0.2668 0.0002
vn -0.9637 0.2669 0.0002
vn -0.9629 0.2697 -0.0000
vn -0.8616 0.5075 -0.0005
vn -0.8721 0.4894 -0.0028
vn -0.9264 0.3766 0.0002
vn -0.7763 0.6304 -0.0007
vn -0.7285 0.6850 -0.0027
vn -0.6622 0.7493 -0.0015
vn -0.6694 0.7429 -0.0005
vn -0.6006 0.7995 -0.0026
vn -0.5168 0.8561 -0.0011
vn -0.5218 0.8531 -0.0006
vn -0.3397 0.9405 -0.0038
vn -0.3677 0.9300 -0.0006
vn -0.1344 0.9909 0.0015
vn -0.1215 0.9926 0.0010
vn -0.0683 0.9977 -0.0000
vn -0.0693 0.9976 -0.0000
vn -0.8313 0.5558 0.0021
vn -0.8932 0.4496 0.0015
vn -0.8882 0.4594 -0.0020
vn -0.8885 0.4588 0.0012
vn -0.8801 0.4748 -0.0024
vn -0.6581 0.7529 0.0009
vn -0.6464 0.7630 -0.0009
vn -0.6466 0.7628 0.0005
vn -0.6245 0.7810 -0.0017
vn -0.5793 0.8151 0.0012
vn -0.5676 0.8233 -0.0018
vn -0.5680 0.8230 0.0009
vn -0.5458 0.8379 -0.0025
vn -0.4183 0.9083 0.0006
vn -0.4082 0.9129 -0.0027
vn -0.4086 0.9127 0.0004
vn -0.3891 0.9212 -0.0031
vn -0.2466 0.9691 -0.0002
vn -0.2390 0.9710 -0.0014
vn -0.2391 0.9710 -0.0003
vn -0.2241 0.9746 -0.0016
vn -0.8093 0.5874 -0.0030
vn -0.8236 0.5671 0.0017
vn -0.8231 0.5678 -0.0023
vn -0.1364 0.9907 -0.0008
vn -0.1492 0.9888 -0.0003
vn -0.1492 0.9888 -0.0007
vn -0.9995 -0.0332 -0.0000
vn -0.9995 -0.0331 -0.0000
vn -1.0000 -0.0002 -0.0000
vn -1.0000 -0.0001 -0.0000
vn -1.0000 -0.0002 -0.0001
vn -1.0000 0.0002 -0.0001
vn -1.0000 0.0001 -0.0001
vn 0.9990 0.0366 0.0254
vn 0.9958 0.0886 0.0230
vn 0.9992 0.0356 0.0170
vn 0.9960 0.0869 0.0193
vn 0.9994 0.0344 0.0095
vn 0.9994 0.0341 0.0095
vn 0.9994 0.0342 0.0084
vn 0.9999 0.0127 0.0063
vn 0.9999 0.0121 0.0082
vn 1.0000 -0.0035 0.0064
vn 0.9999 0.0150 0.0026
vn 0.9999 0.0168 0.0025
vn 0.9999 0.0172 0.0017
vn 0.9991 0.0431 0.0007
vn 0.9990 0.0437 -0.0018
vn 0.9988 0.0494 -0.0019
vn 0.9967 0.0808 0.0055
vn 0.9993 0.0364 0.0032
vn 0.9993 0.0361 0.0060
vn 0.9969 0.0782 -0.0021
vn 0.9969 0.0781 -0.0007
vn 0.9992 0.0395 0.0030
vn 0.9992 0.0397 0.0017
vn 0.9989 0.0479 -0.0020
vn 0.9988 0.0493 -0.0020
vn 0.9989 0.0479 -0.0019
vn 0.9993 0.0372 -0.0007
vn 0.9998 0.0205 -0.0000
vn 0.9998 0.0198 0.0011
vn 1.0000 -0.0021 0.0024
vn 0.9997 0.0250 -0.0012
vn 0.9996 0.0266 -0.0012
vn 0.9998 0.0196 -0.0001
vn 1.0000 0.0014 -0.0002
vn 1.0000 0.0020 -0.0012
vn 0.9997 0.0242 -0.0002
vn 1.0000 -0.0010 0.0009
vn 1.0000 -0.0042 0.0082
vn 0.9998 0.0100 0.0148
vn 0.9999 0.0122 0.0083
vn 0.9993 0.0338 0.0162
vn 0.9998 0.0097 0.0148
vn 0.9998 -0.0132 0.0157
vn 0.9997 -0.0191 0.0149
vn 0.9992 -0.0351 0.0192
vn 0.9997 0.0095 0.0214
vn 0.9994 0.0283 0.0186
vn 0.9992 0.0352 0.0191
vn 0.9984 -0.0566 0.0024
vn 1.0000 -0.0001 -0.0001
vn 1.0000 -0.0013 -0.0002
vn 1.0000 -0.0036 -0.0084
vn 1.0000 -0.0036 -0.0083
vn 0.9975 -0.0701 -0.0102
vn 0.9762 -0.2167 0.0089
vn 0.9983 -0.0587 0.0022
vn 0.9958 -0.0913 0.0039
vn 0.9804 -0.1968 0.0079
vn 0.9784 -0.2066 0.0081
vn 0.9764 -0.2158 0.0086
vn 0.9765 -0.2153 0.0077
vn 0.9765 -0.2153 0.0082
vn 0.9855 -0.1696 0.0049
vn 0.9760 -0.2175 0.0074
vn 0.9499 -0.3123 -0.0111
vn 0.8889 -0.4578 0.0141
vn 0.8441 -0.5361 0.0113
vn 0.8668 -0.4984 0.0155
vn 0.9222 -0.3866 0.0071
vn 0.8921 -0.4515 0.0164
vn 0.8925 -0.4508 0.0187
vn 0.8700 -0.4926 0.0211
vn -0.0067 -0.9974 0.0717
vn 0.9260 -0.3775 0.0062
vn 0.5320 -0.8457 0.0418
vn 0.9382 -0.3458 0.0163
vn 0.9763 -0.2162 0.0088
vn 0.8715 -0.4900 0.0190
vn 0.9913 0.1315 -0.0033
vn 0.9881 0.1538 0.0015
vn 0.9887 0.1498 -0.0001
vn 0.9886 0.1506 0.0009
vn 0.9906 0.1370 0.0042
vn 0.9922 0.1246 0.0016
vn 0.9937 0.1124 0.0003
vn 0.9937 0.1123 -0.0004
vn 0.9945 0.1052 -0.0000
vn 0.9928 0.1201 -0.0000
vn 0.9908 0.1356 0.0008
vn 0.9923 0.1240 -0.0016
vn 1.0000 0.0014 0.0052
vn 1.0000 0.0075 0.0028
vn 1.0000 0.0080 0.0050
vn 0.9995 0.0304 0.0011
vn 0.9999 0.0173 -0.0000
vn 1.0000 0.0091 -0.0006
vn 1.0000 0.0006 -0.0018
vn 1.0000 0.0007 -0.0013
vn 1.0000 -0.0051 -0.0017
vn 0.9999 -0.0121 -0.0018
vn 0.9999 -0.0128 -0.0055
vn 1.0000 -0.0092 -0.0034
vn 0.9999 0.0110 0.0004
vn 1.0000 0.0092 -0.0000
vn 0.9997 -0.0235 0.0016
vn 0.9998 -0.0174 0.0017
vn 1.0000 -0.0075 0.0049
vn 0.9995 0.0310 -0.0000
vn 0.9997 0.0262 -0.0002
vn 0.9998 0.0189 -0.0008
vn 0.9998 0.0192 0.0007
vn 0.9997 0.0263 0.0001
vn 1.0000 -0.0053 -0.0033
vn 0.9987 0.0489 -0.0138
vn 0.9995 0.0318 -0.0051
vn 1.0000 0.0085 -0.0000
vn 0.9999 0.0133 -0.0014
vn 1.0000 0.0035 -0.0002
vn 1.0000 0.0035 -0.0003
vn 0.9999 -0.0113 -0.0004
vn 0.9999 -0.0110 -0.0004
vn 1.0000 -0.0069 -0.0004
vn 0.9998 -0.0198 -0.0011
vn 1.0000 0.0048 -0.0008
vn 1.0000 -0.0053 -0.0021
vn 0.9997 0.0260 -0.0011
vn 0.9998 0.0188 -0.0031
vn 0.9980 0.0632 -0.0008
vn 0.9983 0.0576 -0.0041
vn 0.9953 0.0972 -0.0015
vn 0.9958 0.0916 -0.0035
vn 0.9937 0.1117 -0.0023
vn 0.9943 0.1062 -0.0031
vn 0.9932 0.1162 -0.0025
vn 0.9938 0.1107 -0.0031
vn 0.9928 0.1193 -0.0026
vn 0.9935 0.1138 -0.0031
vn 0.9919 0.1271 -0.0024
vn 0.9926 0.1215 -0.0036
vn 0.9899 0.1420 -0.0025
vn 0.9906 0.1365 -0.0040
vn 0.9855 0.1696 -0.0026
vn 0.9863 0.1647 -0.0049
vn 0.9797 0.2002 -0.0041
vn 0.9805 0.1963 -0.0051
vn 0.9717 0.2362 -0.0045
vn 0.9723 0.2338 -0.0056
vn 0.9583 0.2856 -0.0059
vn 0.9581 0.2862 -0.0057
vn 0.9411 0.3381 -0.0066
vn 0.9396 0.3424 -0.0052
vn 0.9153 0.4028 -0.0068
vn 0.9111 0.4121 -0.0040
vn 0.8734 0.4870 -0.0062
vn 0.8654 0.5011 -0.0019
vn 0.8011 0.5985 -0.0045
vn 0.7886 0.6149 0.0007
vn 0.7055 0.7088 -0.0009
vn 0.6942 0.7198 0.0009
vn 0.6276 0.7785 0.0004
vn 0.6255 0.7802 0.0005
vn 0.5745 0.8185 0.0003
vn 0.5805 0.8142 -0.0000
vn 0.9889 0.1481 -0.0151
vn 0.9910 0.1337 -0.0083
vn 0.9920 0.1261 -0.0058
vn 0.9920 0.1262 -0.0022
vn 0.9925 0.1220 -0.0024
vn 0.9925 0.1221 -0.0022
vn 0.9937 0.1117 -0.0028
vn 0.9631 0.2680 -0.0241
vn 0.9710 0.2391 -0.0092
vn 0.9787 0.2053 -0.0040
vn 0.9846 0.1750 -0.0047
vn 0.9846 0.1750 -0.0023
vn 0.9899 0.1419 -0.0038
vn 0.9105 0.4132 -0.0137
vn 0.9200 0.3918 -0.0071
vn 0.9430 0.3328 -0.0048
vn 0.9429 0.3329 -0.0065
vn 0.9586 0.2848 -0.0056
vn 0.9586 0.2848 -0.0059
vn 0.9717 0.2361 -0.0056
vn 0.8824 0.4706 -0.0006
vn 0.8339 0.5520 -0.0044
vn 0.8145 0.5801 0.0026
vn 0.7445 0.6676 -0.0013
vn 0.7170 0.6970 0.0022
vn 0.6296 0.7769 -0.0012
vn 0.6297 0.7769 0.0004
vn 0.6294 0.7771 0.0005
vn 0.6294 0.7771 0.0004
vn 0.6276 0.7785 0.0005
vn 0.6191 0.7853 -0.0023
vn 0.5655 0.8248 -0.0000
vn 0.5654 0.8248 -0.0000
vn 0.5731 0.8195 -0.0000
vn 0.5706 0.8212 0.0003
vn 0.5705 0.8213 0.0003
vn 0.6256 0.7801 0.0029
vn 0.6604 0.7508 0.0093
vn 0.6942 0.7198 0.0003
vn 0.7871 0.6168 -0.0022
vn 0.7885 0.6150 -0.0031
vn 0.8654 0.5011 -0.0039
vn 0.8889 0.4578 0.0159
vn 0.9111 0.4121 -0.0062
vn 0.9396 0.3424 -0.0061
vn 0.9579 0.2861 0.0213
vn 0.9634 0.2649 0.0418
vn 0.9722 0.2338 0.0094
vn 0.9805 0.1963 -0.0042
vn 0.9933 0.0900 0.0720
vn 0.9935 0.0939 0.0647
vn 0.9932 0.1075 0.0452
vn 0.9996 -0.0286 -0.0000
vn 0.9998 -0.0196 0.0004
vn 1.0000 -0.0049 0.0019
vn 1.0000 -0.0018 -0.0000
vn 0.7169 0.6971 -0.0007
vn 0.7155 0.6986 0.0011
vn 0.7155 0.6987 -0.0007
vn 0.7055 0.7087 0.0010
vn 0.8144 0.5804 -0.0040
vn 0.8128 0.5826 0.0012
vn 0.8126 0.5828 -0.0041
vn 0.8012 0.5983 0.0010
vn 0.8822 0.4708 -0.0057
vn 0.8812 0.4728 -0.0012
vn 0.8810 0.4730 -0.0058
vn 0.8735 0.4869 -0.0015
vn 0.9585 0.2847 -0.0158
vn 0.9200 0.3918 -0.0065
vn 0.9194 0.3932 -0.0034
vn 0.9194 0.3933 -0.0066
vn 0.9153 0.4028 -0.0037
vn 0.9586 0.2847 -0.0059
vn 0.9711 0.2387 -0.0056
vn 0.9710 0.2391 -0.0045
vn 0.9788 0.2045 -0.0050
vn 0.9888 0.1483 -0.0149
vn 0.9844 0.1759 -0.0047
vn 0.9844 0.1759 -0.0023
vn 0.9889 0.1488 -0.0022
vn 0.9890 0.1478 -0.0035
vn 0.9890 0.1478 -0.0022
vn 0.9910 0.1340 -0.0020
vn 0.9911 0.1330 -0.0030
vn 0.9911 0.1330 -0.0020
vn 0.9919 0.1271 -0.0033
vn 0.9924 0.1227 -0.0048
vn 0.9930 0.1182 -0.0037
vn 0.9946 0.1038 -0.0010
vn 0.9946 0.1037 -0.0011
vn 0.9977 0.0679 -0.0034
vn 0.9977 0.0684 -0.0005
vn 0.9997 0.0257 -0.0028
vn 0.9924 0.1230 -0.0021
vn 0.9931 0.1174 -0.0025
vn 0.9930 0.1185 -0.0019
vn 0.9947 0.1026 -0.0029
vn 0.9976 0.0686 -0.0038
vn 0.9976 0.0692 -0.0004
vn 0.9995 0.0316 -0.0024
vn 0.9995 0.0328 -0.0009
vn 0.9999 0.0123 -0.0015
vn 0.9999 0.0135 -0.0006
vn 1.0000 0.0021 -0.0008
vn 1.0000 -0.0070 -0.0010
vn 1.0000 0.0023 -0.0003
vn 1.0000 0.0047 -0.0018
vn 0.9999 0.0125 -0.0007
vn 0.9995 0.0319 -0.0009
vn 0.9980 0.0628 -0.0038
vn 0.9953 0.0970 -0.0032
vn 0.9947 0.1028 -0.0012
vn 0.9931 0.1175 -0.0020
vn 0.9932 0.1162 -0.0027
vn 0.9928 0.1194 -0.0028
vn 0.9921 0.1252 -0.0022
vn 0.9921 0.1252 -0.0025
vn 0.9855 0.1696 -0.0048
vn 0.9797 0.2002 -0.0050
vn 0.9788 0.2046 -0.0040
vn 0.9711 0.2387 -0.0045
vn 0.9583 0.2856 -0.0057
vn 0.9411 0.3381 -0.0051
vn 0.9427 0.3336 -0.0065
vn 0.9427 0.3336 -0.0050
vn 0.9905 0.1366 0.0131
vn 0.9922 0.1218 0.0275
vn 0.9928 0.1142 0.0366
vn 0.9929 0.1118 0.0396
vn 0.9998 0.0196 0.0080
vn 0.9978 0.0593 0.0308
vn 0.6958 0.7180 0.0178
vn 0.6655 0.7464 0.0077
vn 0.6294 0.7771 0.0018
vn 0.6294 0.7771 0.0010
vn 0.6233 0.7820 0.0005
vn 0.6233 0.7820 0.0010
vn 0.6171 0.7869 0.0005
vn 0.6171 0.7869 -0.0020
vn 0.5975 0.8019 -0.0005
vn 0.5841 0.8116 -0.0000
vn 0.5845 0.8114 -0.0000
vn 0.7372 0.6757 0.0027
vn 0.8253 0.5646 0.0026
vn 0.8239 0.5667 0.0033
vn 0.8914 0.4533 0.0032
vn 0.8914 0.4532 0.0036
vn 0.9378 0.3471 0.0035
vn 0.9378 0.3472 0.0032
vn 0.9672 0.2539 0.0032
vn 0.9686 0.2485 0.0017
vn 0.9811 0.1935 0.0017
vn 0.9830 0.1836 0.0004
vn 0.9873 0.1588 0.0004
vn 0.9873 0.1583 0.0099
vn 0.9883 0.1519 0.0122
vn 0.9864 0.1640 0.0083
vn 0.9864 0.1645 -0.0004
vn 0.9842 0.1771 -0.0013
vn 0.9842 0.1770 -0.0004
vn 0.9819 0.1895 -0.0013
vn 0.9813 0.1917 -0.0142
vn 0.9734 0.2293 -0.0038
vn 0.9566 0.2914 -0.0038
vn 0.9565 0.2916 -0.0050
vn 0.9353 0.3537 -0.0050
vn 0.9353 0.3537 -0.0051
vn 0.9064 0.4223 -0.0051
vn 0.9054 0.4245 -0.0044
vn 0.8699 0.4933 -0.0044
vn 0.8676 0.4972 -0.0031
vn 0.8208 0.5712 -0.0032
vn 0.8179 0.5754 -0.0017
vn 0.7512 0.6601 -0.0018
vn 0.7483 0.6634 -0.0005
vn 0.6769 0.7360 -0.0007
vn 0.6744 0.7383 -0.0002
vn 0.6051 0.7961 -0.0003
vn 0.6051 0.7961 -0.0000
vn 0.5105 0.8599 -0.0002
vn 0.5094 0.8605 -0.0000
vn 0.3728 0.9279 -0.0002
vn 0.3739 0.9275 -0.0000
vn 0.3749 0.9271 -0.0002
vn 0.5126 0.8586 -0.0000
vn 0.5136 0.8581 -0.0002
vn 0.6086 0.7935 -0.0000
vn 0.6451 0.7641 -0.0071
vn 0.6794 0.7337 -0.0007
vn 0.7544 0.6564 -0.0005
vn 0.8920 0.4520 0.0036
vn 0.9373 0.3484 0.0035
vn 0.9373 0.3484 0.0032
vn 0.9663 0.2559 0.0270
vn 0.9652 0.2605 0.0249
vn 0.9787 0.2051 -0.0079
vn 0.9824 0.1862 -0.0160
vn 0.9830 0.1835 -0.0000
vn 0.9862 0.1656 -0.0000
vn 0.9862 0.1657 -0.0004
vn 0.9447 0.3276 -0.0131
vn 0.9352 0.3541 -0.0051
vn 0.9075 0.4201 -0.0051
vn 0.8906 0.4546 -0.0147
vn 0.8723 0.4890 -0.0031
vn 0.8237 0.5670 -0.0032
vn 0.8239 0.5667 -0.0017
vn 0.7899 0.6130 -0.0179
vn 0.3767 0.9263 -0.0000
vn 0.3769 0.9263 -0.0002
vn 0.3759 0.9267 -0.0000
vn 0.6383 0.7697 0.0063
vn 0.6744 0.7384 -0.0007
vn 0.7813 0.6240 0.0142
vn 0.8178 0.5755 -0.0032
vn 0.8856 0.4643 0.0071
vn 0.9054 0.4245 -0.0051
vn 0.9355 0.3533 -0.0051
vn 0.9489 0.3157 0.0055
vn 0.9593 0.2824 -0.0038
vn 0.9777 0.2101 -0.0038
vn 0.9777 0.2100 -0.0013
vn 0.9830 0.1836 0.0001
vn 0.9708 0.2382 -0.0284
vn 0.9681 0.2496 -0.0224
vn 0.9383 0.3459 0.0036
vn 0.9383 0.3459 0.0035
vn 0.8908 0.4544 0.0036
vn 0.8908 0.4545 0.0032
vn 0.8898 0.4564 0.0035
vn 0.8901 0.4557 0.0033
vn 0.8902 0.4557 0.0032
vn 0.8224 0.5689 0.0033
vn 0.8224 0.5689 0.0026
vn 0.8210 0.5710 0.0032
vn 0.8198 0.5726 0.0027
vn 0.7295 0.6840 0.0026
vn 0.6252 0.7804 -0.0033
vn 0.6560 0.7548 0.0017
vn 0.7317 0.6816 0.0018
vn 0.7317 0.6816 0.0017
vn 0.7345 0.6786 0.0027
vn 0.7344 0.6787 0.0017
vn 0.5882 0.8087 0.0003
vn 0.5922 0.8058 -0.0000
vn 0.5924 0.8056 0.0003
vn 0.5998 0.8001 -0.0000
vn 0.6116 0.7912 0.0011
vn 0.6057 0.7957 -0.0000
vn 0.5115 0.8593 -0.0002
vn 0.5115 0.8593 -0.0000
vn 0.6795 0.7336 -0.0002
vn 0.6068 0.7948 -0.0003
vn 0.6069 0.7948 -0.0000
vn 0.9075 0.4200 -0.0044
vn 0.9832 0.1816 -0.0177
vn 0.9580 0.2869 -0.0038
vn 0.9579 0.2870 -0.0050
vn 0.9355 0.3533 -0.0050
vn 0.9839 0.1787 -0.0004
vn 0.9657 0.2596 0.0017
vn 0.9790 0.2038 0.0004
vn 0.9852 0.1712 0.0004
vn 0.9852 0.1712 -0.0000
vn 0.9883 0.1525 -0.0000
vn 0.6606 0.7507 0.0010
vn 0.6652 0.7466 0.0018
vn 0.6045 0.7966 0.0003
vn 0.6116 0.7912 0.0006
vn 0.9756 0.2197 -0.0038
vn 0.9756 0.2194 -0.0013
vn 0.8210 0.5710 0.0026
vn 0.6606 0.7507 0.0018
vn 0.6560 0.7548 0.0010
vn 0.6045 0.7966 0.0006
vn 0.5975 0.8019 0.0003
vn -0.0000 -0.9986 -0.0522
vn -0.4045 0.9145 -0.0000
vn -0.4030 0.9152 0.0008
vn -0.5456 0.8380 -0.0002
vn -0.5438 0.8392 0.0008
vn -0.6657 0.7462 -0.0008
vn -0.6674 0.7447 0.0009
vn -0.7704 0.6375 -0.0008
vn -0.7719 0.6357 0.0008
vn -0.8614 0.5078 -0.0008
vn -0.8615 0.5078 -0.0010
vn -0.8754 0.4830 0.0216
vn -0.9415 0.3366 -0.0157
vn -0.9640 0.2648 0.0222
vn -0.9891 0.1466 -0.0144
vn -0.9993 0.0320 0.0189
vn -0.9990 -0.0445 -0.0090
vn -0.9784 -0.2066 0.0120
vn -0.9723 -0.2338 -0.0000
vn -0.9751 -0.2214 -0.0118
vn -0.9994 -0.0323 0.0098
vn -0.9998 0.0098 -0.0193
vn -0.9861 0.1652 0.0146
vn -0.9703 0.2410 -0.0227
vn -0.9348 0.3548 0.0153
vn -0.8845 0.4660 -0.0212
vn -0.7719 0.6358 0.0010
vn -0.7537 0.6571 0.0125
vn -0.6707 0.7417 -0.0089
vn -0.6040 0.7968 0.0190
vn -0.5487 0.8359 -0.0102
vn -0.4254 0.9049 0.0166
vn 0.0357 0.9994 -0.0000
vn 0.1153 0.9933 -0.0000
vn 0.1154 0.9933 0.0021
vn 0.2940 0.9558 -0.0018
vn 0.2926 0.9562 0.0020
vn 0.4635 0.8861 -0.0028
vn 0.4620 0.8869 0.0014
vn 0.5804 0.8144 -0.0009
vn 0.5797 0.8148 0.0009
vn 0.6406 0.7678 -0.0006
vn 0.6404 0.7680 -0.0000
vn 0.6405 0.7680 -0.0006
vn 0.5796 0.8149 0.0009
vn 0.5802 0.8145 -0.0009
vn 0.4617 0.8870 0.0014
vn 0.4631 0.8863 -0.0028
vn 0.2921 0.9564 0.0020
vn 0.2933 0.9560 -0.0018
vn 0.1148 0.9934 0.0021
vn 0.9791 0.2034 -0.0000
vn 0.9791 0.2035 0.0002
vn 0.9791 0.2035 -0.0000
vn 0.9791 0.2035 0.0001
vn 0.9791 0.2033 -0.0001
s 0
f 1//1 2//1 3//1
f 3//2 2//2 4//2
f 3//3 4//3 5//3
f 5//4 4//4 6//4
f 5//5 6//5 7//5
f 7//6 6//6 8//6
f 7//7 8//7 9//7
f 3//8 10//8 1//8
f 11//9 12//9 13//9
f 13//10 12//10 14//10
f 13//11 14//11 15//11
f 15//12 14//12 16//12
f 15//13 16//13 9//13
f 9//14 16//14 17//14
f 9//15 17//15 18//15
f 18//16 19//16 9//16
f 9//17 19//17 7//17
f 7//18 19//18 20//18
f 7//19 20//19 21//19
f 22//20 3//20 21//20
f 21//21 3//21 5//21
f 21//22 5//22 7//22
f 22//23 23//23 3//23
f 3//24 23//24 10//24
f 10//25 23//25 24//25
f 25//26 26//26 27//26
f 27//27 26//27 28//27
f 27//28 28//28 29//28
f 26//29 25//29 30//29
f 30//30 25//30 31//30
f 30//31 31//31 32//31
f 32//32 31//32 33//32
f 33//33 31//33 34//33
f 33//34 34//34 35//34
f 35//35 34//35 36//35
f 36//36 34//36 37//36
f 37//37 34//37 38//37
f 37//38 38//38 39//38
f 39//39 38//39 40//39
f 39//40 40//40 14//40
f 14//41 40//41 41//41
f 14//42 41//42 16//42
f 16//43 41//43 40//43
f 16//44 40//44 42//44
f 43//45 18//45 42//45
f 42//46 18//46 17//46
f 42//47 17//47 44//47
f 44//48 17//48 16//48
f 44//49 16//49 42//49
f 45//50 20//50 43//50
f 43//51 20//51 46//51
f 43//52 46//52 19//52
f 19//53 46//53 20//53
f 20//54 45//54 21//54
f 21//55 45//55 47//55
f 21//56 47//56 22//56
f 22//57 47//57 48//57
f 22//58 48//58 23//58
f 23//59 48//59 49//59
f 23//60 49//60 50//60
f 50//61 24//61 23//61
f 19//62 18//62 43//62
f 12//63 51//63 14//63
f 14//64 51//64 52//64
f 14//65 52//65 39//65
f 51//66 12//66 53//66
f 53//67 12//67 54//67
f 53//68 54//68 55//68
f 53//69 55//69 56//69
f 56//70 55//70 57//70
f 56//71 57//71 58//71
f 58//72 57//72 59//72
f 58//73 59//73 60//73
f 60//74 59//74 61//74
f 60//75 61//75 62//75
f 62//76 61//76 63//76
f 63//77 61//77 64//77
f 64//78 61//78 65//78
f 65//79 61//79 66//79
f 65//80 66//80 67//80
f 67//81 66//81 68//81
f 68//82 66//82 69//82
f 69//83 66//83 70//83
f 70//84 66//84 71//84
f 71//85 66//85 72//85
f 71//86 72//86 73//86
f 73//87 72//87 74//87
f 74//88 72//88 75//88
f 74//89 75//89 76//89
f 76//90 75//90 29//90
f 29//91 75//91 27//91
f 53//66 52//66 51//66
f 77//92 60//92 78//92
f 78//93 60//93 62//93
f 78//94 62//94 79//94
f 79//95 62//95 80//95
f 79//96 80//96 81//96
f 81//97 80//97 82//97
f 81//98 82//98 83//98
f 83//99 82//99 62//99
f 83//100 62//100 63//100
f 84//101 85//101 63//101
f 63//102 85//102 86//102
f 63//103 86//103 83//103
f 83//104 86//104 81//104
f 84//105 81//105 85//105
f 85//106 81//106 86//106
f 81//107 77//107 79//107
f 79//108 77//108 78//108
f 80//109 62//109 82//109
f 87//110 88//110 89//110
f 89//66 88//66 90//66
f 89//66 90//66 91//66
f 91//110 90//110 92//110
f 91//111 92//111 93//111
f 93//112 92//112 94//112
f 94//113 92//113 95//113
f 94//114 95//114 96//114
f 87//115 92//115 88//115
f 88//115 92//115 90//115
f 97//116 98//116 11//116
f 11//117 98//117 99//117
f 99//118 98//118 100//118
f 99//119 100//119 101//119
f 101//120 100//120 102//120
f 101//121 102//121 103//121
f 103//122 102//122 104//122
f 103//123 104//123 105//123
f 105//124 106//124 103//124
f 103//125 106//125 107//125
f 103//126 107//126 108//126
f 108//127 109//127 103//127
f 103//128 109//128 110//128
f 103//129 110//129 111//129
f 112//130 113//130 111//130
f 111//131 113//131 114//131
f 111//132 114//132 103//132
f 112//133 115//133 113//133
f 113//134 115//134 116//134
f 116//135 115//135 117//135
f 116//136 117//136 118//136
f 116//137 118//137 119//137
f 119//138 118//138 120//138
f 119//139 120//139 121//139
f 121//140 120//140 122//140
f 122//141 120//141 123//141
f 122//142 123//142 124//142
f 124//143 123//143 125//143
f 124//144 125//144 126//144
f 126//145 125//145 127//145
f 126//146 127//146 128//146
f 128//147 127//147 129//147
f 130//148 131//148 132//148
f 132//149 131//149 133//149
f 132//150 133//150 134//150
f 134//151 133//151 27//151
f 134//152 27//152 135//152
f 135//153 27//153 136//153
f 135//154 136//154 132//154
f 132//155 136//155 137//155
f 132//156 137//156 138//156
f 138//157 137//157 27//157
f 138//158 27//158 139//158
f 139//159 27//159 140//159
f 139//160 140//160 132//160
f 132//161 140//161 141//161
f 132//162 141//162 142//162
f 142//163 141//163 27//163
f 142//164 27//164 143//164
f 143//165 27//165 144//165
f 143//166 144//166 132//166
f 132//167 144//167 145//167
f 132//168 145//168 146//168
f 146//169 145//169 27//169
f 146//170 27//170 147//170
f 147//171 27//171 148//171
f 147//172 148//172 132//172
f 132//173 148//173 149//173
f 132//174 149//174 150//174
f 150//175 149//175 27//175
f 150//176 27//176 151//176
f 151//177 27//177 152//177
f 151//178 152//178 132//178
f 132//179 152//179 153//179
f 132//180 153//180 154//180
f 154//181 153//181 27//181
f 154//182 27//182 155//182
f 155//183 27//183 156//183
f 155//184 156//184 132//184
f 132//185 156//185 157//185
f 132//186 157//186 158//186
f 158//187 157//187 27//187
f 158//188 27//188 159//188
f 159//189 27//189 160//189
f 159//190 160//190 132//190
f 132//191 160//191 161//191
f 132//192 161//192 162//192
f 162//193 161//193 27//193
f 162//194 27//194 163//194
f 163//195 27//195 164//195
f 163//196 164//196 132//196
f 132//197 164//197 165//197
f 132//198 165//198 166//198
f 166//199 165//199 27//199
f 166//200 27//200 167//200
f 167//201 27//201 168//201
f 167//202 168//202 132//202
f 132//203 168//203 169//203
f 132//204 169//204 170//204
f 170//205 169//205 27//205
f 170//206 27//206 171//206
f 171//207 27//207 172//207
f 171//208 172//208 132//208
f 132//209 172//209 173//209
f 132//210 173//210 174//210
f 174//211 173//211 27//211
f 174//212 27//212 175//212
f 175//213 27//213 176//213
f 175//214 176//214 132//214
f 132//215 176//215 177//215
f 132//216 177//216 178//216
f 178//217 177//217 27//217
f 178//218 27//218 179//218
f 179//219 27//219 180//219
f 179//220 180//220 132//220
f 132//221 180//221 181//221
f 132//222 181//222 182//222
f 182//223 181//223 27//223
f 182//224 27//224 183//224
f 183//225 27//225 184//225
f 183//226 184//226 132//226
f 132//227 184//227 185//227
f 132//228 185//228 186//228
f 186//229 185//229 27//229
f 186//230 27//230 187//230
f 187//231 27//231 188//231
f 187//232 188//232 132//232
f 132//233 188//233 189//233
f 132//234 189//234 190//234
f 190//235 189//235 27//235
f 190//236 27//236 191//236
f 191//237 27//237 192//237
f 191//238 192//238 132//238
f 132//239 192//239 193//239
f 132//240 193//240 194//240
f 194//241 193//241 27//241
f 194//242 27//242 195//242
f 195//243 27//243 196//243
f 195//244 196//244 132//244
f 132//245 196//245 197//245
f 132//246 197//246 198//246
f 198//247 197//247 27//247
f 198//248 27//248 199//248
f 199//249 27//249 200//249
f 199//250 200//250 132//250
f 132//251 200//251 201//251
f 132//252 201//252 202//252
f 202//253 201//253 27//253
f 202//254 27//254 203//254
f 203//255 27//255 204//255
f 203//256 204//256 205//256
f 205//257 204//257 206//257
f 205//258 206//258 207//258
f 207//259 206//259 132//259
f 207//260 132//260 205//260
f 205//261 132//261 203//261
f 208//262 209//262 130//262
f 130//263 209//263 210//263
f 130//264 210//264 211//264
f 211//265 210//265 25//265
f 211//266 25//266 212//266
f 212//267 25//267 213//267
f 212//268 213//268 130//268
f 130//269 213//269 214//269
f 130//270 214//270 215//270
f 215//271 214//271 25//271
f 215//272 25//272 216//272
f 216//273 25//273 217//273
f 216//274 217//274 130//274
f 130//275 217//275 218//275
f 130//276 218//276 219//276
f 219//277 218//277 25//277
f 219//278 25//278 220//278
f 220//279 25//279 221//279
f 220//280 221//280 130//280
f 130//281 221//281 222//281
f 130//282 222//282 223//282
f 223//283 222//283 25//283
f 223//284 25//284 224//284
f 224//285 25//285 225//285
f 224//286 225//286 130//286
f 130//287 225//287 226//287
f 130//288 226//288 227//288
f 227//289 226//289 25//289
f 227//290 25//290 228//290
f 228//291 25//291 229//291
f 228//292 229//292 130//292
f 130//293 229//293 230//293
f 130//294 230//294 231//294
f 231//295 230//295 25//295
f 231//296 25//296 232//296
f 232//297 25//297 233//297
f 232//298 233//298 130//298
f 130//299 233//299 234//299
f 130//300 234//300 235//300
f 235//301 234//301 25//301
f 235//302 25//302 236//302
f 236//303 25//303 237//303
f 236//304 237//304 130//304
f 130//305 237//305 238//305
f 130//306 238//306 239//306
f 239//307 238//307 25//307
f 239//308 25//308 240//308
f 240//309 25//309 241//309
f 240//310 241//310 130//310
f 130//311 241//311 242//311
f 130//312 242//312 243//312
f 243//313 242//313 25//313
f 243//314 25//314 244//314
f 244//315 25//315 245//315
f 244//316 245//316 130//316
f 130//317 245//317 246//317
f 130//318 246//318 247//318
f 247//319 246//319 25//319
f 247//320 25//320 248//320
f 248//321 25//321 249//321
f 248//322 249//322 130//322
f 130//323 249//323 250//323
f 130//324 250//324 251//324
f 251//325 250//325 25//325
f 251//326 25//326 252//326
f 252//327 25//327 253//327
f 252//328 253//328 130//328
f 130//329 253//329 254//329
f 130//330 254//330 255//330
f 255//331 254//331 25//331
f 255//332 25//332 256//332
f 256//333 25//333 257//333
f 256//334 257//334 130//334
f 130//335 257//335 258//335
f 130//336 258//336 259//336
f 259//337 258//337 25//337
f 259//338 25//338 260//338
f 260//339 25//339 261//339
f 260//340 261//340 130//340
f 130//341 261//341 262//341
f 130//342 262//342 263//342
f 263//343 262//343 25//343
f 263//344 25//344 264//344
f 264//345 25//345 265//345
f 264//346 265//346 130//346
f 130//347 265//347 266//347
f 130//348 266//348 267//348
f 267//349 266//349 25//349
f 267//350 25//350 268//350
f 268//351 25//351 269//351
f 268//352 269//352 130//352
f 130//353 269//353 270//353
f 130//354 270//354 271//354
f 271//355 270//355 25//355
f 271//356 25//356 272//356
f 272//357 25//357 273//357
f 272//358 273//358 130//358
f 130//359 273//359 274//359
f 130//360 274//360 275//360
f 275//361 274//361 25//361
f 275//362 25//362 276//362
f 276//363 25//363 277//363
f 276//364 277//364 130//364
f 130//365 277//365 278//365
f 130//366 278//366 279//366
f 279//367 278//367 25//367
f 279//368 25//368 280//368
f 280//369 25//369 281//369
f 280//370 281//370 130//370
f 130//371 281//371 282//371
f 130//372 282//372 283//372
f 283//373 282//373 25//373
f 283//374 25//374 284//374
f 284//375 25//375 285//375
f 284//376 285//376 130//376
f 130//377 285//377 286//377
f 130//378 286//378 287//378
f 287//379 286//379 25//379
f 287//380 25//380 288//380
f 288//381 25//381 289//381
f 288//382 289//382 130//382
f 130//383 289//383 290//383
f 130//384 290//384 291//384
f 291//385 290//385 25//385
f 291//386 25//386 292//386
f 292//387 25//387 293//387
f 292//388 293//388 130//388
f 130//389 293//389 294//389
f 130//390 294//390 295//390
f 295//391 294//391 25//391
f 295//392 25//392 296//392
f 296//393 25//393 297//393
f 296//394 297//394 130//394
f 130//395 297//395 298//395
f 130//396 298//396 299//396
f 299//397 298//397 25//397
f 299//398 25//398 300//398
f 300//399 25//399 301//399
f 300//400 301//400 130//400
f 130//401 301//401 302//401
f 130//402 302//402 303//402
f 303//403 302//403 25//403
f 303//404 25//404 304//404
f 304//405 25//405 305//405
f 304//406 305//406 130//406
f 130//407 305//407 306//407
f 130//408 306//408 307//408
f 307//409 306//409 25//409
f 307//410 25//410 308//410
f 308//411 25//411 309//411
f 308//412 309//412 130//412
f 130//413 309//413 310//413
f 130//414 310//414 311//414
f 311//415 310//415 25//415
f 311//416 25//416 312//416
f 312//417 25//417 313//417
f 312//418 313//418 130//418
f 130//419 313//419 314//419
f 130//420 314//420 315//420
f 315//421 314//421 25//421
f 315//422 25//422 316//422
f 316//423 25//423 317//423
f 316//424 317//424 130//424
f 130//425 317//425 318//425
f 130//426 318//426 319//426
f 319//427 318//427 25//427
f 319//428 25//428 320//428
f 320//429 25//429 321//429
f 320//430 321//430 130//430
f 130//431 321//431 322//431
f 130//432 322//432 323//432
f 323//433 322//433 25//433
f 323//434 25//434 324//434
f 324//435 25//435 325//435
f 324//436 325//436 130//436
f 130//437 325//437 326//437
f 130//438 326//438 327//438
f 327//439 326//439 25//439
f 327//440 25//440 328//440
f 328//441 25//441 329//441
f 328//442 329//442 130//442
f 130//443 329//443 330//443
f 130//444 330//444 331//444
f 331//445 330//445 25//445
f 331//446 25//446 332//446
f 332//447 25//447 333//447
f 332//448 333//448 130//448
f 130//449 333//449 334//449
f 130//450 334//450 335//450
f 335//451 334//451 25//451
f 335//452 25//452 336//452
f 336//453 25//453 337//453
f 336//454 337//454 130//454
f 130//455 337//455 338//455
f 130//456 338//456 339//456
f 339//457 338//457 25//457
f 339//458 25//458 340//458
f 340//459 25//459 341//459
f 340//460 341//460 130//460
f 130//461 341//461 342//461
f 130//462 342//462 343//462
f 343//463 342//463 25//463
f 343//464 25//464 344//464
f 344//465 25//465 345//465
f 344//466 345//466 130//466
f 130//467 345//467 346//467
f 130//468 346//468 347//468
f 347//469 346//469 25//469
f 347//470 25//470 348//470
f 348//471 25//471 349//471
f 348//472 349//472 130//472
f 130//473 349//473 350//473
f 130//474 350//474 351//474
f 351//475 350//475 27//475
f 351//476 27//476 352//476
f 352//477 27//477 353//477
f 352//478 353//478 130//478
f 130//479 353//479 354//479
f 130//480 354//480 355//480
f 355//481 354//481 27//481
f 355//482 27//482 356//482
f 356//483 27//483 357//483
f 356//484 357//484 130//484
f 130//485 357//485 358//485
f 130//486 358//486 359//486
f 359//487 358//487 27//487
f 359//488 27//488 360//488
f 360//489 27//489 131//489
f 360//490 131//490 130//490
f 361//491 362//491 208//491
f 208//492 362//492 363//492
f 208//493 363//493 364//493
f 364//494 363//494 31//494
f 364//495 31//495 365//495
f 365//496 31//496 366//496
f 365//497 366//497 208//497
f 208//498 366//498 367//498
f 208//499 367//499 368//499
f 368//500 367//500 31//500
f 368//501 31//501 369//501
f 369//502 31//502 370//502
f 369//503 370//503 208//503
f 208//504 370//504 371//504
f 208//505 371//505 372//505
f 372//506 371//506 31//506
f 372//507 31//507 373//507
f 373//508 31//508 374//508
f 373//509 374//509 208//509
f 208//510 374//510 375//510
f 208//511 375//511 376//511
f 376//512 375//512 31//512
f 376//513 31//513 377//513
f 377//514 31//514 378//514
f 377//515 378//515 208//515
f 208//516 378//516 379//516
f 208//517 379//517 380//517
f 380//518 379//518 31//518
f 380//519 31//519 381//519
f 381//520 31//520 382//520
f 381//521 382//521 208//521
f 208//522 382//522 383//522
f 208//523 383//523 384//523
f 384//524 383//524 31//524
f 384//525 31//525 385//525
f 385//526 31//526 386//526
f 385//527 386//527 208//527
f 208//528 386//528 387//528
f 208//529 387//529 388//529
f 388//530 387//530 31//530
f 388//531 31//531 389//531
f 389//532 31//532 25//532
f 389//533 25//533 390//533
f 390//534 25//534 391//534
f 390//535 391//535 208//535
f 208//536 391//536 392//536
f 208//537 392//537 393//537
f 393//538 392//538 25//538
f 393//539 25//539 394//539
f 394//540 25//540 395//540
f 394//541 395//541 208//541
f 208//542 395//542 396//542
f 208//543 396//543 397//543
f 397//544 396//544 25//544
f 397//545 25//545 398//545
f 398//546 25//546 399//546
f 398//547 399//547 208//547
f 208//548 399//548 400//548
f 208//549 400//549 401//549
f 401//550 400//550 25//550
f 401//551 25//551 402//551
f 402//552 25//552 403//552
f 402//553 403//553 208//553
f 208//554 403//554 404//554
f 208//555 404//555 405//555
f 405//556 404//556 25//556
f 405//557 25//557 406//557
f 406//558 25//558 407//558
f 406//559 407//559 208//559
f 208//560 407//560 408//560
f 208//561 408//561 409//561
f 409//562 408//562 25//562
f 409//563 25//563 410//563
f 410//564 25//564 411//564
f 410//565 411//565 208//565
f 208//566 411//566 412//566
f 208//567 412//567 413//567
f 413//568 412//568 25//568
f 413//569 25//569 414//569
f 414//570 25//570 415//570
f 414//571 415//571 208//571
f 208//572 415//572 416//572
f 208//573 416//573 417//573
f 417//574 416//574 25//574
f 417//575 25//575 418//575
f 418//576 25//576 419//576
f 418//577 419//577 208//577
f 208//578 419//578 420//578
f 208//579 420//579 421//579
f 421//580 420//580 25//580
f 421//581 25//581 422//581
f 422//582 25//582 423//582
f 422//583 423//583 208//583
f 208//584 423//584 424//584
f 208//585 424//585 425//585
f 425//586 424//586 25//586
f 425//587 25//587 426//587
f 426//588 25//588 427//588
f 426//589 427//589 208//589
f 208//590 427//590 428//590
f 208//591 428//591 429//591
f 429//592 428//592 25//592
f 429//593 25//593 430//593
f 430//594 25//594 431//594
f 430//595 431//595 208//595
f 208//596 431//596 432//596
f 208//597 432//597 433//597
f 433//598 432//598 25//598
f 433//599 25//599 434//599
f 434//600 25//600 435//600
f 434//601 435//601 208//601
f 208//602 435//602 436//602
f 208//603 436//603 437//603
f 437//604 436//604 25//604
f 437//605 25//605 438//605
f 438//606 25//606 439//606
f 438//607 439//607 208//607
f 208//608 439//608 440//608
f 208//609 440//609 441//609
f 441//610 440//610 25//610
f 441//611 25//611 442//611
f 442//612 25//612 443//612
f 442//613 443//613 208//613
f 208//614 443//614 444//614
f 208//615 444//615 445//615
f 445//616 444//616 25//616
f 445//617 25//617 446//617
f 446//618 25//618 447//618
f 446//619 447//619 208//619
f 208//620 447//620 448//620
f 208//621 448//621 449//621
f 449//622 448//622 25//622
f 449//623 25//623 450//623
f 450//624 25//624 451//624
f 450//625 451//625 208//625
f 208//626 451//626 452//626
f 208//627 452//627 209//627
f 209//628 452//628 25//628
f 209//629 25//629 210//629
f 453//630 454//630 361//630
f 361//631 454//631 455//631
f 361//632 455//632 456//632
f 456//633 455//633 31//633
f 456//634 31//634 457//634
f 457//635 31//635 458//635
f 457//636 458//636 361//636
f 361//637 458//637 459//637
f 361//638 459//638 460//638
f 460//639 459//639 31//639
f 460//640 31//640 461//640
f 461//641 31//641 462//641
f 461//642 462//642 361//642
f 361//643 462//643 463//643
f 361//644 463//644 464//644
f 464//645 463//645 31//645
f 464//646 31//646 465//646
f 465//647 31//647 466//647
f 465//648 466//648 361//648
f 361//649 466//649 467//649
f 361//650 467//650 468//650
f 468//651 467//651 31//651
f 468//652 31//652 469//652
f 469//653 31//653 470//653
f 469//654 470//654 361//654
f 361//655 470//655 471//655
f 361//656 471//656 472//656
f 472//657 471//657 31//657
f 472//658 31//658 473//658
f 473//659 31//659 474//659
f 473//660 474//660 361//660
f 361//661 474//661 475//661
f 361//662 475//662 476//662
f 476//663 475//663 31//663
f 476//664 31//664 477//664
f 477//665 31//665 478//665
f 477//666 478//666 361//666
f 361//667 478//667 479//667
f 361//668 479//668 480//668
f 480//669 479//669 31//669
f 480//670 31//670 481//670
f 481//671 31//671 482//671
f 481//672 482//672 361//672
f 361//673 482//673 483//673
f 361//674 483//674 484//674
f 484//675 483//675 31//675
f 484//676 31//676 485//676
f 485//677 31//677 486//677
f 485//678 486//678 361//678
f 361//679 486//679 487//679
f 361//680 487//680 488//680
f 488//681 487//681 31//681
f 488//682 31//682 489//682
f 489//683 31//683 490//683
f 489//684 490//684 361//684
f 361//685 490//685 491//685
f 361//686 491//686 492//686
f 492//687 491//687 31//687
f 492//688 31//688 493//688
f 493//689 31//689 494//689
f 493//690 494//690 361//690
f 361//691 494//691 495//691
f 361//692 495//692 496//692
f 496//693 495//693 31//693
f 496//694 31//694 497//694
f 497//695 31//695 362//695
f 497//696 362//696 361//696
f 498//697 499//697 453//697
f 453//698 499//698 500//698
f 453//699 500//699 501//699
f 501//700 500//700 31//700
f 501//701 31//701 502//701
f 502//702 31//702 503//702
f 502//703 503//703 453//703
f 453//704 503//704 504//704
f 453//705 504//705 505//705
f 505//706 504//706 31//706
f 505//707 31//707 506//707
f 506//708 31//708 507//708
f 506//709 507//709 453//709
f 453//710 507//710 508//710
f 453//711 508//711 509//711
f 509//712 508//712 31//712
f 509//713 31//713 510//713
f 510//714 31//714 511//714
f 510//715 511//715 453//715
f 453//716 511//716 512//716
f 453//717 512//717 513//717
f 513//718 512//718 31//718
f 513//719 31//719 514//719
f 514//720 31//720 515//720
f 514//721 515//721 453//721
f 453//722 515//722 516//722
f 453//723 516//723 517//723
f 517//724 516//724 31//724
f 517//725 31//725 518//725
f 518//726 31//726 519//726
f 518//727 519//727 453//727
f 453//728 519//728 520//728
f 453//729 520//729 521//729
f 521//730 520//730 31//730
f 521//731 31//731 522//731
f 522//732 31//732 523//732
f 522//733 523//733 453//733
f 453//734 523//734 524//734
f 453//735 524//735 525//735
f 525//736 524//736 31//736
f 525//737 31//737 526//737
f 526//738 31//738 527//738
f 526//739 527//739 453//739
f 453//740 527//740 528//740
f 453//741 528//741 529//741
f 529//742 528//742 31//742
f 529//743 31//743 530//743
f 530//744 31//744 454//744
f 530//745 454//745 453//745
f 531//537 532//537 498//537
f 498//746 532//746 533//746
f 498//747 533//747 534//747
f 534//748 533//748 31//748
f 534//749 31//749 535//749
f 535//750 31//750 536//750
f 535//751 536//751 498//751
f 498//752 536//752 537//752
f 498//753 537//753 538//753
f 538//754 537//754 31//754
f 538//755 31//755 539//755
f 539//756 31//756 540//756
f 539//757 540//757 498//757
f 498//758 540//758 541//758
f 498//759 541//759 499//759
f 499//760 541//760 31//760
f 499//761 31//761 500//761
f 531//762 542//762 532//762
f 532//537 542//537 533//537
f 542//763 31//763 533//763
f 349//764 25//764 350//764
f 350//765 25//765 27//765
f 200//766 27//766 201//766
f 196//767 27//767 197//767
f 192//768 27//768 193//768
f 188//769 27//769 189//769
f 184//770 27//770 185//770
f 180//771 27//771 181//771
f 176//772 27//772 177//772
f 172//773 27//773 173//773
f 168//774 27//774 169//774
f 164//775 27//775 165//775
f 160//776 27//776 161//776
f 156//777 27//777 157//777
f 152//778 27//778 153//778
f 148//779 27//779 149//779
f 144//780 27//780 145//780
f 140//781 27//781 141//781
f 136//782 27//782 137//782
f 131//783 27//783 133//783
f 357//784 27//784 358//784
f 353//785 27//785 354//785
f 130//786 347//786 348//786
f 345//787 25//787 346//787
f 130//788 343//788 344//788
f 341//789 25//789 342//789
f 130//790 339//790 340//790
f 337//791 25//791 338//791
f 130//792 335//792 336//792
f 333//793 25//793 334//793
f 130//794 331//794 332//794
f 329//795 25//795 330//795
f 130//796 327//796 328//796
f 325//797 25//797 326//797
f 130//798 323//798 324//798
f 321//799 25//799 322//799
f 130//800 319//800 320//800
f 317//801 25//801 318//801
f 130//802 315//802 316//802
f 313//803 25//803 314//803
f 130//804 311//804 312//804
f 309//805 25//805 310//805
f 130//806 307//806 308//806
f 305//807 25//807 306//807
f 130//808 303//808 304//808
f 301//809 25//809 302//809
f 130//810 299//810 300//810
f 297//811 25//811 298//811
f 130//812 295//812 296//812
f 293//813 25//813 294//813
f 130//814 291//814 292//814
f 289//815 25//815 290//815
f 130//816 287//816 288//816
f 285//817 25//817 286//817
f 130//818 283//818 284//818
f 281//819 25//819 282//819
f 130//820 279//820 280//820
f 277//821 25//821 278//821
f 130//822 275//822 276//822
f 273//823 25//823 274//823
f 130//824 271//824 272//824
f 269//825 25//825 270//825
f 25//345 266//345 265//345
f 132//826 202//826 203//826
f 198//827 199//827 132//827
f 194//828 195//828 132//828
f 190//829 191//829 132//829
f 186//830 187//830 132//830
f 182//831 183//831 132//831
f 178//832 179//832 132//832
f 174//833 175//833 132//833
f 170//834 171//834 132//834
f 166//835 167//835 132//835
f 162//836 163//836 132//836
f 158//837 159//837 132//837
f 154//838 155//838 132//838
f 150//839 151//839 132//839
f 146//840 147//840 132//840
f 142//841 143//841 132//841
f 138//842 139//842 132//842
f 134//843 135//843 132//843
f 359//844 360//844 130//844
f 355//845 356//845 130//845
f 351//846 352//846 130//846
f 267//847 268//847 130//847
f 263//848 264//848 130//848
f 261//849 25//849 262//849
f 257//850 25//850 258//850
f 253//851 25//851 254//851
f 249//852 25//852 250//852
f 245//853 25//853 246//853
f 241//854 25//854 242//854
f 237//855 25//855 238//855
f 233//856 25//856 234//856
f 229//857 25//857 230//857
f 225//858 25//858 226//858
f 221//859 25//859 222//859
f 217//860 25//860 218//860
f 213//861 25//861 214//861
f 452//862 451//862 25//862
f 208//863 449//863 450//863
f 448//864 447//864 25//864
f 208//865 445//865 446//865
f 444//866 443//866 25//866
f 208//867 441//867 442//867
f 440//868 439//868 25//868
f 208//869 437//869 438//869
f 436//870 435//870 25//870
f 208//871 433//871 434//871
f 432//872 431//872 25//872
f 208//873 429//873 430//873
f 428//874 427//874 25//874
f 208//875 425//875 426//875
f 424//876 423//876 25//876
f 208//877 421//877 422//877
f 420//878 419//878 25//878
f 208//879 417//879 418//879
f 416//880 415//880 25//880
f 208//881 413//881 414//881
f 412//882 411//882 25//882
f 208//883 409//883 410//883
f 408//884 407//884 25//884
f 208//885 405//885 406//885
f 404//886 403//886 25//886
f 208//887 401//887 402//887
f 400//888 399//888 25//888
f 208//889 397//889 398//889
f 396//890 395//890 25//890
f 208//891 393//891 394//891
f 392//892 391//892 25//892
f 386//893 31//893 387//893
f 260//894 130//894 259//894
f 382//895 31//895 383//895
f 256//896 130//896 255//896
f 378//897 31//897 379//897
f 252//898 130//898 251//898
f 374//899 31//899 375//899
f 248//900 130//900 247//900
f 370//901 31//901 371//901
f 244//902 130//902 243//902
f 366//903 31//903 367//903
f 240//904 130//904 239//904
f 362//905 31//905 363//905
f 236//906 130//906 235//906
f 494//907 31//907 495//907
f 232//908 130//908 231//908
f 490//909 31//909 491//909
f 228//910 130//910 227//910
f 486//911 31//911 487//911
f 224//912 130//912 223//912
f 482//913 31//913 483//913
f 220//914 130//914 219//914
f 478//915 31//915 479//915
f 216//916 130//916 215//916
f 474//917 31//917 475//917
f 212//918 130//918 211//918
f 470//919 31//919 471//919
f 466//920 31//920 467//920
f 462//921 31//921 463//921
f 458//922 31//922 459//922
f 454//923 31//923 455//923
f 527//924 31//924 528//924
f 523//925 31//925 524//925
f 519//926 31//926 520//926
f 515//927 31//927 516//927
f 511//928 31//928 512//928
f 507//929 31//929 508//929
f 503//930 31//930 504//930
f 541//931 540//931 31//931
f 498//932 538//932 539//932
f 537//933 536//933 31//933
f 498//934 534//934 535//934
f 390//935 208//935 389//935
f 389//936 208//936 388//936
f 208//937 384//937 385//937
f 380//938 381//938 208//938
f 376//939 377//939 208//939
f 372//940 373//940 208//940
f 368//941 369//941 208//941
f 364//942 365//942 208//942
f 496//943 497//943 361//943
f 492//944 493//944 361//944
f 488//945 489//945 361//945
f 484//946 485//946 361//946
f 480//947 481//947 361//947
f 476//948 477//948 361//948
f 473//949 361//949 472//949
f 469//950 361//950 468//950
f 465//521 361//521 464//521
f 461//951 361//951 460//951
f 457//952 361//952 456//952
f 529//953 530//953 453//953
f 525//954 526//954 453//954
f 521//955 522//955 453//955
f 517//956 518//956 453//956
f 513//957 514//957 453//957
f 509//709 510//709 453//709
f 506//958 453//958 505//958
f 502//959 453//959 501//959
f 34//960 543//960 38//960
f 38//961 543//961 544//961
f 38//962 544//962 545//962
f 545//963 544//963 546//963
f 545//964 546//964 547//964
f 547//965 546//965 548//965
f 547//966 548//966 38//966
f 38//967 548//967 549//967
f 38//968 549//968 550//968
f 550//969 549//969 551//969
f 550//970 551//970 38//970
f 552//971 553//971 34//971
f 34//972 553//972 554//972
f 34//973 554//973 543//973
f 543//974 554//974 546//974
f 543//975 546//975 544//975
f 552//976 555//976 553//976
f 553//977 555//977 556//977
f 553//978 556//978 554//978
f 554//979 556//979 546//979
f 548//980 546//980 549//980
f 549//981 546//981 551//981
f 547//982 38//982 545//982
f 47//983 557//983 48//983
f 48//984 557//984 558//984
f 48//985 558//985 559//985
f 559//986 558//986 560//986
f 559//987 560//987 561//987
f 561//988 560//988 562//988
f 561//989 562//989 48//989
f 48//990 562//990 563//990
f 48//991 563//991 564//991
f 564//992 563//992 560//992
f 564//993 560//993 565//993
f 566//994 567//994 47//994
f 47//995 567//995 568//995
f 47//996 568//996 569//996
f 569//997 568//997 566//997
f 569//998 566//998 570//998
f 570//999 566//999 571//999
f 570//1000 571//1000 47//1000
f 47//1001 571//1001 572//1001
f 47//1002 572//1002 573//1002
f 573//1003 572//1003 566//1003
f 573//1004 566//1004 574//1004
f 574//1005 566//1005 575//1005
f 574//1006 575//1006 47//1006
f 47//1007 575//1007 576//1007
f 47//1008 576//1008 557//1008
f 557//1009 576//1009 566//1009
f 557//1010 566//1010 560//1010
f 565//1011 577//1011 564//1011
f 564//1012 577//1012 578//1012
f 564//1013 578//1013 48//1013
f 566//1014 568//1014 567//1014
f 569//1015 570//1015 47//1015
f 566//1016 572//1016 571//1016
f 573//1017 574//1017 47//1017
f 566//1018 576//1018 575//1018
f 560//1019 558//1019 557//1019
f 561//1020 48//1020 559//1020
f 560//1021 563//1021 562//1021
f 566//1022 579//1022 560//1022
f 560//1023 579//1023 580//1023
f 560//1024 580//1024 581//1024
f 581//1025 582//1025 560//1025
f 551//1026 546//1026 583//1026
f 583//1027 546//1027 556//1027
f 453//1028 361//1028 498//1028
f 498//1029 361//1029 584//1029
f 498//1030 584//1030 585//1030
f 585//1031 584//1031 586//1031
f 585//1032 586//1032 130//1032
f 130//1033 586//1033 587//1033
f 130//1034 587//1034 208//1034
f 208//1035 587//1035 584//1035
f 208//1036 584//1036 361//1036
f 132//1037 588//1037 130//1037
f 130//1038 588//1038 589//1038
f 130//1039 589//1039 585//1039
f 585//1040 589//1040 590//1040
f 585//1041 590//1041 132//1041
f 132//1042 590//1042 588//1042
f 587//1043 586//1043 584//1043
f 588//1044 590//1044 589//1044
f 89//1045 591//1045 87//1045
f 87//1046 591//1046 592//1046
f 87//1047 592//1047 593//1047
f 593//1048 592//1048 53//1048
f 593//1049 53//1049 594//1049
f 594//1050 53//1050 595//1050
f 594//1051 595//1051 87//1051
f 87//1052 595//1052 596//1052
f 87//1053 596//1053 597//1053
f 597//1054 596//1054 53//1054
f 597//1055 53//1055 598//1055
f 598//1056 53//1056 599//1056
f 598//1057 599//1057 87//1057
f 87//1058 599//1058 600//1058
f 87//1059 600//1059 601//1059
f 601//1060 600//1060 53//1060
f 601//1061 53//1061 602//1061
f 602//1062 53//1062 603//1062
f 602//1063 603//1063 87//1063
f 87//1064 603//1064 604//1064
f 87//1065 604//1065 605//1065
f 605//1066 604//1066 53//1066
f 605//1067 53//1067 606//1067
f 606//1068 53//1068 607//1068
f 606//1069 607//1069 87//1069
f 87//1070 607//1070 608//1070
f 87//1071 608//1071 609//1071
f 609//1072 608//1072 53//1072
f 609//1073 53//1073 610//1073
f 610//1074 53//1074 611//1074
f 610//1075 611//1075 87//1075
f 87//1076 611//1076 612//1076
f 87//1077 612//1077 613//1077
f 613//1078 612//1078 53//1078
f 613//1079 53//1079 614//1079
f 614//1080 53//1080 615//1080
f 614//1081 615//1081 87//1081
f 87//1082 615//1082 616//1082
f 87//1083 616//1083 617//1083
f 617//1084 616//1084 53//1084
f 617//1085 53//1085 618//1085
f 618//1086 53//1086 619//1086
f 618//1087 619//1087 87//1087
f 87//1088 619//1088 620//1088
f 87//1089 620//1089 621//1089
f 621//1090 620//1090 53//1090
f 621//1091 53//1091 622//1091
f 622//1092 53//1092 623//1092
f 622//1093 623//1093 624//1093
f 624//1094 623//1094 625//1094
f 624//1095 625//1095 626//1095
f 626//1096 625//1096 53//1096
f 626//1097 53//1097 627//1097
f 627//1098 53//1098 628//1098
f 627//1099 628//1099 624//1099
f 624//1100 628//1100 629//1100
f 624//1101 629//1101 630//1101
f 630//1102 629//1102 53//1102
f 630//1103 53//1103 631//1103
f 631//1104 53//1104 632//1104
f 631//1105 632//1105 624//1105
f 624//1106 632//1106 633//1106
f 624//1107 633//1107 634//1107
f 634//1108 633//1108 53//1108
f 634//1108 53//1108 635//1108
f 635//1109 53//1109 636//1109
f 635//1110 636//1110 624//1110
f 624//1111 636//1111 637//1111
f 624//1112 637//1112 638//1112
f 638//1113 637//1113 53//1113
f 638//1114 53//1114 639//1114
f 639//1115 53//1115 640//1115
f 639//1116 640//1116 624//1116
f 624//1117 640//1117 641//1117
f 624//1118 641//1118 642//1118
f 642//1119 641//1119 53//1119
f 642//1120 53//1120 643//1120
f 643//1121 53//1121 56//1121
f 643//1122 56//1122 644//1122
f 644//1123 56//1123 645//1123
f 644//1124 645//1124 624//1124
f 624//1125 645//1125 646//1125
f 624//1126 646//1126 647//1126
f 647//1127 646//1127 56//1127
f 647//1128 56//1128 648//1128
f 648//1129 56//1129 649//1129
f 648//1130 649//1130 624//1130
f 624//1131 649//1131 650//1131
f 624//1132 650//1132 651//1132
f 651//1133 650//1133 56//1133
f 651//1134 56//1134 652//1134
f 652//1135 56//1135 653//1135
f 652//1136 653//1136 624//1136
f 624//1137 653//1137 654//1137
f 624//1138 654//1138 655//1138
f 655//1139 654//1139 56//1139
f 655//1140 56//1140 656//1140
f 656//1141 56//1141 657//1141
f 656//1142 657//1142 624//1142
f 624//1143 657//1143 658//1143
f 658//1144 657//1144 659//1144
f 658//1145 659//1145 660//1145
f 660//1146 659//1146 56//1146
f 660//1147 56//1147 661//1147
f 661//1148 56//1148 662//1148
f 661//1149 662//1149 658//1149
f 658//1150 662//1150 663//1150
f 658//1151 663//1151 664//1151
f 664//1152 663//1152 56//1152
f 664//1153 56//1153 665//1153
f 665//1154 56//1154 666//1154
f 665//1155 666//1155 667//1155
f 667//1156 666//1156 668//1156
f 667//1157 668//1157 669//1157
f 669//1158 668//1158 56//1158
f 669//1159 56//1159 670//1159
f 670//1160 56//1160 671//1160
f 670//1161 671//1161 667//1161
f 667//1162 671//1162 672//1162
f 667//1163 672//1163 673//1163
f 673//1164 672//1164 56//1164
f 673//1165 56//1165 674//1165
f 674//1166 56//1166 675//1166
f 674//1167 675//1167 676//1167
f 676//1168 675//1168 677//1168
f 676//1169 677//1169 678//1169
f 678//1170 677//1170 56//1170
f 678//1171 56//1171 679//1171
f 679//1172 56//1172 680//1172
f 679//1173 680//1173 681//1173
f 681//1174 680//1174 682//1174
f 681//1175 682//1175 683//1175
f 683//1176 682//1176 56//1176
f 683//1177 56//1177 684//1177
f 684//1178 56//1178 685//1178
f 684//1179 685//1179 681//1179
f 681//1180 685//1180 686//1180
f 686//1181 685//1181 687//1181
f 686//1182 687//1182 688//1182
f 688//1183 687//1183 56//1183
f 688//1184 56//1184 689//1184
f 689//1185 56//1185 690//1185
f 689//1162 690//1162 686//1162
f 686//1186 690//1186 691//1186
f 686//1187 691//1187 692//1187
f 692//1188 691//1188 56//1188
f 692//1189 56//1189 693//1189
f 693//1190 56//1190 694//1190
f 693//1191 694//1191 686//1191
f 686//1192 694//1192 695//1192
f 686//1142 695//1142 696//1142
f 696//1193 695//1193 56//1193
f 696//1194 56//1194 697//1194
f 697//1195 56//1195 698//1195
f 697//1196 698//1196 686//1196
f 686//1197 698//1197 699//1197
f 686//1198 699//1198 700//1198
f 700//1199 699//1199 56//1199
f 700//1200 56//1200 701//1200
f 701//1201 56//1201 702//1201
f 701//1202 702//1202 686//1202
f 686//1203 702//1203 703//1203
f 686//1204 703//1204 704//1204
f 704//1205 703//1205 56//1205
f 704//1206 56//1206 705//1206
f 705//1207 56//1207 706//1207
f 705//1208 706//1208 686//1208
f 686//1209 706//1209 707//1209
f 686//1210 707//1210 708//1210
f 708//1211 707//1211 56//1211
f 708//1212 56//1212 709//1212
f 709//1213 56//1213 710//1213
f 709//1214 710//1214 686//1214
f 686//1215 710//1215 711//1215
f 686//1216 711//1216 712//1216
f 712//1217 711//1217 56//1217
f 712//1218 56//1218 713//1218
f 713//1219 56//1219 714//1219
f 713//1220 714//1220 686//1220
f 686//1221 714//1221 715//1221
f 686//1222 715//1222 716//1222
f 716//1223 715//1223 56//1223
f 716//1224 56//1224 717//1224
f 717//1225 56//1225 718//1225
f 717//1226 718//1226 686//1226
f 686//1227 718//1227 719//1227
f 686//1228 719//1228 720//1228
f 720//1229 719//1229 56//1229
f 720//1230 56//1230 721//1230
f 721//1231 56//1231 722//1231
f 721//1232 722//1232 723//1232
f 723//1233 722//1233 724//1233
f 723//1234 724//1234 725//1234
f 725//1235 724//1235 56//1235
f 725//1236 56//1236 726//1236
f 726//1237 56//1237 727//1237
f 726//1238 727//1238 723//1238
f 723//1239 727//1239 728//1239
f 723//1240 728//1240 729//1240
f 729//1241 728//1241 56//1241
f 729//1242 56//1242 730//1242
f 730//1243 56//1243 731//1243
f 730//1244 731//1244 723//1244
f 723//1245 731//1245 732//1245
f 723//1246 732//1246 733//1246
f 733//1247 732//1247 56//1247
f 733//1248 56//1248 734//1248
f 734//1249 56//1249 735//1249
f 734//1250 735//1250 723//1250
f 723//1251 735//1251 736//1251
f 723//1252 736//1252 737//1252
f 737//1253 736//1253 56//1253
f 737//1254 56//1254 738//1254
f 738//1255 56//1255 739//1255
f 738//1256 739//1256 723//1256
f 723//1257 739//1257 740//1257
f 723//1258 740//1258 741//1258
f 741//1259 740//1259 56//1259
f 741//1260 56//1260 742//1260
f 742//1261 56//1261 743//1261
f 742//1262 743//1262 723//1262
f 723//1263 743//1263 744//1263
f 723//1264 744//1264 745//1264
f 745//1265 744//1265 56//1265
f 745//1266 56//1266 746//1266
f 746//1267 56//1267 747//1267
f 746//1268 747//1268 723//1268
f 723//1269 747//1269 748//1269
f 723//1270 748//1270 749//1270
f 749//1271 748//1271 56//1271
f 749//1272 56//1272 750//1272
f 750//1273 56//1273 751//1273
f 750//1274 751//1274 723//1274
f 723//1275 751//1275 752//1275
f 723//1276 752//1276 753//1276
f 753//1277 752//1277 56//1277
f 753//1278 56//1278 754//1278
f 754//1279 56//1279 755//1279
f 754//1280 755//1280 723//1280
f 723//1281 755//1281 756//1281
f 723//1282 756//1282 757//1282
f 757//1283 756//1283 56//1283
f 757//1284 56//1284 758//1284
f 758//1285 56//1285 759//1285
f 758//1286 759//1286 723//1286
f 723//1287 759//1287 760//1287
f 723//1288 760//1288 761//1288
f 761//1289 760//1289 56//1289
f 761//1285 56//1285 762//1285
f 762//1290 56//1290 763//1290
f 762//1291 763//1291 723//1291
f 723//1292 763//1292 764//1292
f 723//1293 764//1293 765//1293
f 765//1294 764//1294 56//1294
f 765//1295 56//1295 766//1295
f 766//1296 56//1296 767//1296
f 766//1297 767//1297 723//1297
f 723//1298 767//1298 768//1298
f 723//1299 768//1299 769//1299
f 769//1300 768//1300 56//1300
f 769//1301 56//1301 770//1301
f 770//1302 56//1302 771//1302
f 770//1303 771//1303 723//1303
f 723//1304 771//1304 772//1304
f 723//1305 772//1305 773//1305
f 773//1306 772//1306 56//1306
f 773//1300 56//1300 774//1300
f 774//1307 56//1307 775//1307
f 774//1308 775//1308 723//1308
f 723//1309 775//1309 776//1309
f 723//1310 776//1310 777//1310
f 777//1311 776//1311 56//1311
f 777//1312 56//1312 778//1312
f 778//1313 56//1313 779//1313
f 778//1314 779//1314 723//1314
f 723//1315 779//1315 780//1315
f 723//1316 780//1316 781//1316
f 781//1317 780//1317 56//1317
f 781//1318 56//1318 782//1318
f 782//1319 56//1319 783//1319
f 782//1320 783//1320 723//1320
f 723//1321 783//1321 784//1321
f 723//1322 784//1322 785//1322
f 785//1323 784//1323 56//1323
f 785//1324 56//1324 786//1324
f 786//1325 56//1325 787//1325
f 786//1326 787//1326 723//1326
f 723//1327 787//1327 788//1327
f 723//1328 788//1328 789//1328
f 789//1329 788//1329 56//1329
f 789//1330 56//1330 790//1330
f 790//1331 56//1331 791//1331
f 790//1332 791//1332 723//1332
f 723//1333 791//1333 792//1333
f 723//1334 792//1334 793//1334
f 793//1335 792//1335 56//1335
f 793//1336 56//1336 794//1336
f 794//1337 56//1337 795//1337
f 794//1338 795//1338 723//1338
f 723//1339 795//1339 796//1339
f 723//1340 796//1340 797//1340
f 797//1341 796//1341 56//1341
f 797//1342 56//1342 798//1342
f 798//1343 56//1343 799//1343
f 798//1344 799//1344 723//1344
f 723//1345 799//1345 800//1345
f 723//1346 800//1346 801//1346
f 801//1347 800//1347 56//1347
f 801//1348 56//1348 802//1348
f 802//1349 56//1349 803//1349
f 802//1350 803//1350 723//1350
f 723//1351 803//1351 804//1351
f 723//1352 804//1352 805//1352
f 805//1353 804//1353 56//1353
f 805//1354 56//1354 806//1354
f 806//1355 56//1355 807//1355
f 806//1356 807//1356 723//1356
f 723//1357 807//1357 808//1357
f 808//1358 807//1358 809//1358
f 808//1359 809//1359 810//1359
f 810//1360 809//1360 56//1360
f 810//1361 56//1361 811//1361
f 811//1362 56//1362 812//1362
f 811//1363 812//1363 808//1363
f 808//1364 812//1364 813//1364
f 808//1365 813//1365 814//1365
f 814//1366 813//1366 56//1366
f 814//1367 56//1367 815//1367
f 815//1368 56//1368 816//1368
f 815//1369 816//1369 808//1369
f 808//1370 816//1370 817//1370
f 808//1371 817//1371 818//1371
f 818//1372 817//1372 56//1372
f 818//1373 56//1373 819//1373
f 819//1374 56//1374 820//1374
f 819//1375 820//1375 808//1375
f 808//1376 820//1376 821//1376
f 808//1377 821//1377 822//1377
f 822//1378 821//1378 56//1378
f 822//1379 56//1379 823//1379
f 823//1380 56//1380 824//1380
f 823//1381 824//1381 808//1381
f 808//1382 824//1382 825//1382
f 808//1383 825//1383 826//1383
f 826//1384 825//1384 56//1384
f 826//1385 56//1385 827//1385
f 827//1386 56//1386 828//1386
f 827//1387 828//1387 808//1387
f 808//1388 828//1388 829//1388
f 808//1389 829//1389 830//1389
f 830//1390 829//1390 56//1390
f 830//1391 56//1391 831//1391
f 831//1392 56//1392 832//1392
f 831//1393 832//1393 808//1393
f 808//1394 832//1394 833//1394
f 808//1395 833//1395 834//1395
f 834//1396 833//1396 56//1396
f 834//1397 56//1397 835//1397
f 835//1398 56//1398 836//1398
f 835//1399 836//1399 808//1399
f 808//1400 836//1400 837//1400
f 808//1401 837//1401 838//1401
f 838//1402 837//1402 56//1402
f 838//1139 56//1139 839//1139
f 839//1403 56//1403 840//1403
f 839//1404 840//1404 808//1404
f 808//1405 840//1405 841//1405
f 808//1406 841//1406 842//1406
f 842//1407 841//1407 56//1407
f 842//1408 56//1408 843//1408
f 843//1409 56//1409 844//1409
f 843//1410 844//1410 808//1410
f 808//1411 844//1411 845//1411
f 808//1412 845//1412 846//1412
f 846//1413 845//1413 56//1413
f 846//1414 56//1414 847//1414
f 847//1415 56//1415 848//1415
f 847//1416 848//1416 808//1416
f 808//1417 848//1417 849//1417
f 808//1418 849//1418 850//1418
f 850//1419 849//1419 58//1419
f 850//1420 58//1420 851//1420
f 851//1421 58//1421 852//1421
f 851//1422 852//1422 808//1422
f 808//1423 852//1423 853//1423
f 808//1424 853//1424 854//1424
f 854//1425 853//1425 58//1425
f 854//1426 58//1426 855//1426
f 855//1427 58//1427 856//1427
f 855//1428 856//1428 808//1428
f 808//1429 856//1429 857//1429
f 808//1430 857//1430 858//1430
f 858//1431 857//1431 58//1431
f 858//1432 58//1432 859//1432
f 859//1433 58//1433 860//1433
f 859//1434 860//1434 808//1434
f 808//1435 860//1435 861//1435
f 808//1436 861//1436 862//1436
f 862//1437 861//1437 58//1437
f 862//1438 58//1438 863//1438
f 863//1439 58//1439 864//1439
f 863//1440 864//1440 808//1440
f 808//1441 864//1441 865//1441
f 808//1442 865//1442 866//1442
f 866//1443 865//1443 58//1443
f 866//1444 58//1444 867//1444
f 867//1445 58//1445 868//1445
f 867//1446 868//1446 808//1446
f 808//1447 868//1447 869//1447
f 808//1448 869//1448 870//1448
f 870//1449 869//1449 58//1449
f 870//1450 58//1450 871//1450
f 871//1451 58//1451 872//1451
f 871//1452 872//1452 808//1452
f 808//1453 872//1453 873//1453
f 808//1454 873//1454 874//1454
f 874//1455 873//1455 58//1455
f 874//1456 58//1456 875//1456
f 875//1457 58//1457 876//1457
f 875//1458 876//1458 808//1458
f 808//1459 876//1459 877//1459
f 808//1460 877//1460 878//1460
f 878//1461 877//1461 58//1461
f 878//1462 58//1462 879//1462
f 879//1463 58//1463 880//1463
f 879//1464 880//1464 808//1464
f 808//1465 880//1465 881//1465
f 808//1466 881//1466 882//1466
f 882//1467 881//1467 58//1467
f 882//1468 58//1468 883//1468
f 883//1469 58//1469 884//1469
f 883//1470 884//1470 808//1470
f 808//1471 884//1471 885//1471
f 808//1472 885//1472 886//1472
f 886//1473 885//1473 58//1473
f 886//1474 58//1474 887//1474
f 887//1475 58//1475 888//1475
f 887//1476 888//1476 808//1476
f 808//1477 888//1477 889//1477
f 808//1478 889//1478 890//1478
f 890//1479 889//1479 58//1479
f 890//1480 58//1480 891//1480
f 891//1481 58//1481 892//1481
f 891//1482 892//1482 808//1482
f 808//1483 892//1483 893//1483
f 808//1484 893//1484 894//1484
f 894//1485 893//1485 58//1485
f 894//1486 58//1486 895//1486
f 895//1487 58//1487 896//1487
f 895//1488 896//1488 808//1488
f 808//1489 896//1489 897//1489
f 808//1490 897//1490 898//1490
f 898//1491 897//1491 58//1491
f 898//1492 58//1492 899//1492
f 899//1493 58//1493 900//1493
f 899//1494 900//1494 808//1494
f 808//1495 900//1495 901//1495
f 808//1496 901//1496 902//1496
f 902//1497 901//1497 58//1497
f 902//1498 58//1498 903//1498
f 903//1499 58//1499 904//1499
f 903//1500 904//1500 808//1500
f 808//1501 904//1501 905//1501
f 808//1502 905//1502 906//1502
f 906//1503 905//1503 58//1503
f 906//1504 58//1504 907//1504
f 907//1505 58//1505 908//1505
f 907//1506 908//1506 808//1506
f 808//1507 908//1507 909//1507
f 808//1508 909//1508 910//1508
f 910//1509 909//1509 58//1509
f 910//1510 58//1510 911//1510
f 911//1511 58//1511 912//1511
f 911//1512 912//1512 808//1512
f 808//1513 912//1513 913//1513
f 808//1514 913//1514 914//1514
f 914//1515 913//1515 58//1515
f 914//1516 58//1516 915//1516
f 915//1517 58//1517 916//1517
f 915//1518 916//1518 808//1518
f 808//1519 916//1519 917//1519
f 808//1520 917//1520 918//1520
f 918//1521 917//1521 58//1521
f 918//1522 58//1522 919//1522
f 919//1523 58//1523 920//1523
f 919//1524 920//1524 808//1524
f 808//1525 920//1525 921//1525
f 808//1526 921//1526 922//1526
f 922//1527 921//1527 58//1527
f 922//1528 58//1528 923//1528
f 923//1529 58//1529 924//1529
f 923//1530 924//1530 808//1530
f 808//1531 924//1531 925//1531
f 808//1532 925//1532 926//1532
f 926//1533 925//1533 58//1533
f 926//1534 58//1534 927//1534
f 927//1535 58//1535 928//1535
f 927//1536 928//1536 808//1536
f 808//1537 928//1537 929//1537
f 808//1538 929//1538 930//1538
f 930//1539 929//1539 58//1539
f 930//1540 58//1540 931//1540
f 931//1541 58//1541 932//1541
f 931//1542 932//1542 808//1542
f 808//1543 932//1543 933//1543
f 808//1544 933//1544 934//1544
f 934//1545 933//1545 58//1545
f 934//1546 58//1546 935//1546
f 935//1547 58//1547 936//1547
f 935//1548 936//1548 808//1548
f 808//1549 936//1549 937//1549
f 808//1550 937//1550 938//1550
f 938//1551 937//1551 58//1551
f 938//1552 58//1552 939//1552
f 939//1553 58//1553 940//1553
f 939//1554 940//1554 808//1554
f 808//1555 940//1555 941//1555
f 808//1556 941//1556 942//1556
f 942//1557 941//1557 58//1557
f 942//1558 58//1558 943//1558
f 943//1559 58//1559 944//1559
f 943//1560 944//1560 808//1560
f 808//1561 944//1561 945//1561
f 808//1562 945//1562 946//1562
f 946//1563 945//1563 58//1563
f 946//1564 58//1564 947//1564
f 947//1565 58//1565 948//1565
f 947//1566 948//1566 808//1566
f 808//1567 948//1567 949//1567
f 808//1568 949//1568 950//1568
f 950//1569 949//1569 58//1569
f 950//1570 58//1570 951//1570
f 951//1571 58//1571 952//1571
f 951//1572 952//1572 808//1572
f 808//1573 952//1573 953//1573
f 808//1574 953//1574 954//1574
f 954//1575 953//1575 58//1575
f 954//1576 58//1576 955//1576
f 955//1577 58//1577 956//1577
f 955//1578 956//1578 808//1578
f 808//1579 956//1579 957//1579
f 808//1580 957//1580 958//1580
f 958//1581 957//1581 58//1581
f 958//1582 58//1582 959//1582
f 959//1583 58//1583 960//1583
f 959//1584 960//1584 808//1584
f 808//1585 960//1585 961//1585
f 808//1586 961//1586 962//1586
f 962//1587 961//1587 58//1587
f 962//1588 58//1588 963//1588
f 963//1589 58//1589 964//1589
f 963//1590 964//1590 808//1590
f 808//1591 964//1591 965//1591
f 808//1592 965//1592 966//1592
f 966//1593 965//1593 58//1593
f 966//1594 58//1594 967//1594
f 967//1595 58//1595 968//1595
f 967//1596 968//1596 808//1596
f 808//1597 968//1597 969//1597
f 808//1598 969//1598 970//1598
f 970//1599 969//1599 58//1599
f 970//1600 58//1600 971//1600
f 971//1601 58//1601 972//1601
f 971//1602 972//1602 808//1602
f 808//1598 972//1598 973//1598
f 808//1603 973//1603 974//1603
f 974//1604 973//1604 58//1604
f 974//1605 58//1605 975//1605
f 975//1606 58//1606 976//1606
f 975//1607 976//1607 808//1607
f 808//1608 976//1608 977//1608
f 808//1609 977//1609 978//1609
f 978//1610 977//1610 58//1610
f 978//1611 58//1611 979//1611
f 979//1612 58//1612 980//1612
f 979//1613 980//1613 808//1613
f 808//1614 980//1614 981//1614
f 808//1615 981//1615 982//1615
f 982//1616 981//1616 58//1616
f 982//1617 58//1617 983//1617
f 983//1618 58//1618 984//1618
f 983//1619 984//1619 808//1619
f 808//1620 984//1620 985//1620
f 808//1621 985//1621 986//1621
f 986//1622 985//1622 58//1622
f 986//1623 58//1623 987//1623
f 987//1624 58//1624 988//1624
f 987//1625 988//1625 808//1625
f 808//1626 988//1626 989//1626
f 808//1627 989//1627 990//1627
f 990//1628 989//1628 58//1628
f 990//1629 58//1629 991//1629
f 991//1630 58//1630 992//1630
f 991//1631 992//1631 808//1631
f 808//1632 992//1632 993//1632
f 808//1633 993//1633 994//1633
f 994//1634 993//1634 58//1634
f 994//1635 58//1635 60//1635
f 591//1636 89//1636 995//1636
f 995//1637 89//1637 52//1637
f 995//1638 52//1638 591//1638
f 591//1637 52//1637 53//1637
f 591//1639 53//1639 592//1639
f 848//1640 56//1640 849//1640
f 849//1641 56//1641 58//1641
f 77//1642 996//1642 60//1642
f 60//1643 996//1643 997//1643
f 60//1644 997//1644 998//1644
f 998//1644 997//1644 77//1644
f 998//1645 77//1645 999//1645
f 999//1646 77//1646 1000//1646
f 999//1647 1000//1647 60//1647
f 60//1648 1000//1648 1001//1648
f 60//1649 1001//1649 1002//1649
f 1002//1650 1001//1650 77//1650
f 1002//1651 77//1651 1003//1651
f 1003//1652 77//1652 1004//1652
f 1003//1653 1004//1653 60//1653
f 60//1654 1004//1654 1005//1654
f 60//1655 1005//1655 1006//1655
f 1006//1656 1005//1656 77//1656
f 1006//1657 77//1657 1007//1657
f 1007//1658 77//1658 1008//1658
f 1007//1659 1008//1659 60//1659
f 60//1660 1008//1660 1009//1660
f 60//1661 1009//1661 1010//1661
f 1010//1662 1009//1662 77//1662
f 1010//1663 77//1663 1011//1663
f 1011//1664 77//1664 1012//1664
f 1011//1665 1012//1665 60//1665
f 60//1666 1012//1666 1013//1666
f 60//1667 1013//1667 1014//1667
f 1014//1668 1013//1668 77//1668
f 1014//1669 77//1669 1015//1669
f 1015//1670 77//1670 1016//1670
f 1015//1671 1016//1671 60//1671
f 60//1672 1016//1672 1017//1672
f 60//1673 1017//1673 1018//1673
f 1018//1674 1017//1674 77//1674
f 1018//1675 77//1675 1019//1675
f 1019//1676 77//1676 1020//1676
f 1019//1677 1020//1677 60//1677
f 60//1678 1020//1678 1021//1678
f 60//1679 1021//1679 1022//1679
f 1022//1680 1021//1680 77//1680
f 1022//1681 77//1681 1023//1681
f 1023//1682 77//1682 1024//1682
f 1023//1683 1024//1683 60//1683
f 60//1684 1024//1684 1025//1684
f 60//1685 1025//1685 1026//1685
f 1026//1686 1025//1686 77//1686
f 1026//1687 77//1687 1027//1687
f 1027//1688 77//1688 1028//1688
f 1027//1689 1028//1689 60//1689
f 60//1690 1028//1690 1029//1690
f 60//1691 1029//1691 1030//1691
f 1030//1692 1029//1692 77//1692
f 1030//1693 77//1693 1031//1693
f 1031//1694 77//1694 1032//1694
f 1031//1695 1032//1695 60//1695
f 60//1696 1032//1696 1033//1696
f 60//1697 1033//1697 1034//1697
f 1034//1698 1033//1698 77//1698
f 1034//1699 77//1699 1035//1699
f 1035//1700 77//1700 1036//1700
f 1035//1701 1036//1701 60//1701
f 60//1702 1036//1702 1037//1702
f 60//1703 1037//1703 1038//1703
f 1038//1704 1037//1704 77//1704
f 1038//1705 77//1705 1039//1705
f 1039//1706 77//1706 1040//1706
f 1039//1707 1040//1707 60//1707
f 60//1708 1040//1708 1041//1708
f 60//1709 1041//1709 1042//1709
f 1042//1710 1041//1710 77//1710
f 1042//1711 77//1711 1043//1711
f 1043//1712 77//1712 1044//1712
f 1043//1713 1044//1713 60//1713
f 60//1714 1044//1714 1045//1714
f 60//1715 1045//1715 1046//1715
f 1046//1716 1045//1716 77//1716
f 1046//1717 77//1717 1047//1717
f 1047//1718 77//1718 1048//1718
f 1047//1719 1048//1719 60//1719
f 60//1720 1048//1720 1049//1720
f 60//1721 1049//1721 1050//1721
f 1050//1722 1049//1722 77//1722
f 1050//1723 77//1723 1051//1723
f 1051//1724 77//1724 1052//1724
f 1051//1725 1052//1725 60//1725
f 60//1726 1052//1726 1053//1726
f 60//1727 1053//1727 1054//1727
f 1054//1728 1053//1728 77//1728
f 1054//1729 77//1729 1055//1729
f 1055//1730 77//1730 1056//1730
f 1055//1731 1056//1731 60//1731
f 60//1732 1056//1732 1057//1732
f 60//1733 1057//1733 1058//1733
f 1058//1734 1057//1734 77//1734
f 1058//1735 77//1735 1059//1735
f 1059//1736 77//1736 1060//1736
f 1059//1737 1060//1737 60//1737
f 60//1738 1060//1738 1061//1738
f 60//1739 1061//1739 1062//1739
f 1062//1740 1061//1740 77//1740
f 1062//1741 77//1741 1063//1741
f 1063//1742 77//1742 1064//1742
f 1063//1743 1064//1743 60//1743
f 60//1744 1064//1744 1065//1744
f 60//1745 1065//1745 1066//1745
f 1066//1746 1065//1746 77//1746
f 1066//1747 77//1747 1067//1747
f 1067//1748 77//1748 1068//1748
f 1067//1749 1068//1749 60//1749
f 60//1750 1068//1750 1069//1750
f 60//1751 1069//1751 1070//1751
f 1070//1752 1069//1752 77//1752
f 1070//1753 77//1753 1071//1753
f 1071//1754 77//1754 1072//1754
f 1071//1755 1072//1755 60//1755
f 60//1756 1072//1756 1073//1756
f 60//1757 1073//1757 1074//1757
f 1074//1758 1073//1758 77//1758
f 1074//1759 77//1759 1075//1759
f 1075//1760 77//1760 1076//1760
f 1075//1761 1076//1761 60//1761
f 60//1762 1076//1762 1077//1762
f 60//1763 1077//1763 1078//1763
f 1078//1764 1077//1764 77//1764
f 1078//1765 77//1765 1079//1765
f 1079//1766 77//1766 1080//1766
f 1079//1767 1080//1767 60//1767
f 60//1768 1080//1768 1081//1768
f 60//1769 1081//1769 1082//1769
f 1082//1770 1081//1770 77//1770
f 1082//1771 77//1771 1083//1771
f 1083//1772 77//1772 1084//1772
f 1083//1773 1084//1773 60//1773
f 60//1774 1084//1774 1085//1774
f 60//1775 1085//1775 1086//1775
f 1086//1776 1085//1776 77//1776
f 1086//1777 77//1777 1087//1777
f 1087//1778 77//1778 1088//1778
f 1087//1779 1088//1779 60//1779
f 60//1780 1088//1780 1089//1780
f 60//1781 1089//1781 1090//1781
f 1090//1782 1089//1782 77//1782
f 1090//1783 77//1783 1091//1783
f 1091//1784 77//1784 1092//1784
f 1091//1785 1092//1785 60//1785
f 60//1786 1092//1786 1093//1786
f 60//1787 1093//1787 1094//1787
f 1094//1788 1093//1788 77//1788
f 1094//1789 77//1789 1095//1789
f 1095//1790 77//1790 1096//1790
f 1095//1791 1096//1791 60//1791
f 60//1792 1096//1792 1097//1792
f 60//1793 1097//1793 1098//1793
f 1098//1794 1097//1794 77//1794
f 1098//1795 77//1795 1099//1795
f 1099//1796 77//1796 1100//1796
f 1099//1797 1100//1797 60//1797
f 60//1798 1100//1798 1101//1798
f 60//1799 1101//1799 1102//1799
f 1102//1800 1101//1800 77//1800
f 1102//1801 77//1801 1103//1801
f 1103//1802 77//1802 808//1802
f 1103//1803 808//1803 1104//1803
f 1104//1804 808//1804 1105//1804
f 1104//1805 1105//1805 60//1805
f 60//1806 1105//1806 1106//1806
f 60//1807 1106//1807 1107//1807
f 1107//1808 1106//1808 808//1808
f 1107//1809 808//1809 994//1809
f 723//1810 686//1810 721//1810
f 721//1811 686//1811 720//1811
f 679//1812 681//1812 678//1812
f 678//1813 681//1813 676//1813
f 676//1814 667//1814 674//1814
f 674//1815 667//1815 673//1815
f 667//1816 658//1816 665//1816
f 665//1817 658//1817 664//1817
f 622//1818 624//1818 621//1818
f 621//1819 624//1819 87//1819
f 77//1820 997//1820 996//1820
f 998//1821 999//1821 60//1821
f 77//1822 1001//1822 1000//1822
f 1002//1823 1003//1823 60//1823
f 77//1824 1005//1824 1004//1824
f 1006//1825 1007//1825 60//1825
f 77//1826 1009//1826 1008//1826
f 1010//1827 1011//1827 60//1827
f 77//1828 1013//1828 1012//1828
f 1014//1829 1015//1829 60//1829
f 77//1830 1017//1830 1016//1830
f 1018//1831 1019//1831 60//1831
f 77//1832 1021//1832 1020//1832
f 1022//1833 1023//1833 60//1833
f 77//1834 1025//1834 1024//1834
f 1026//1835 1027//1835 60//1835
f 77//1836 1029//1836 1028//1836
f 1030//1837 1031//1837 60//1837
f 77//1838 1033//1838 1032//1838
f 1034//1839 1035//1839 60//1839
f 77//1840 1037//1840 1036//1840
f 1038//1841 1039//1841 60//1841
f 77//1842 1041//1842 1040//1842
f 1042//1843 1043//1843 60//1843
f 77//1844 1045//1844 1044//1844
f 1046//1845 1047//1845 60//1845
f 77//1846 1049//1846 1048//1846
f 1050//1847 1051//1847 60//1847
f 77//1848 1053//1848 1052//1848
f 1054//1849 1055//1849 60//1849
f 77//1850 1057//1850 1056//1850
f 1058//1851 1059//1851 60//1851
f 77//1852 1061//1852 1060//1852
f 1062//1853 1063//1853 60//1853
f 77//1854 1065//1854 1064//1854
f 1066//1855 1067//1855 60//1855
f 77//1856 1069//1856 1068//1856
f 1070//1857 1071//1857 60//1857
f 77//1858 1073//1858 1072//1858
f 1074//1859 1075//1859 60//1859
f 77//1860 1077//1860 1076//1860
f 1078//1861 1079//1861 60//1861
f 77//1862 1081//1862 1080//1862
f 1082//1863 1083//1863 60//1863
f 77//1864 1085//1864 1084//1864
f 1086//1865 1087//1865 60//1865
f 77//1866 1089//1866 1088//1866
f 1090//1867 1091//1867 60//1867
f 77//1868 1093//1868 1092//1868
f 1094//1869 1095//1869 60//1869
f 77//1870 1097//1870 1096//1870
f 1098//1871 1099//1871 60//1871
f 77//1872 1101//1872 1100//1872
f 1102//1873 1103//1873 60//1873
f 60//1874 1103//1874 1104//1874
f 60//1875 1107//1875 994//1875
f 993//1876 992//1876 58//1876
f 808//1877 990//1877 991//1877
f 989//1878 988//1878 58//1878
f 808//1879 986//1879 987//1879
f 985//1880 984//1880 58//1880
f 808//1881 982//1881 983//1881
f 981//1882 980//1882 58//1882
f 808//1883 978//1883 979//1883
f 977//1884 976//1884 58//1884
f 808//1885 974//1885 975//1885
f 973//1886 972//1886 58//1886
f 808//1887 970//1887 971//1887
f 969//1888 968//1888 58//1888
f 808//1889 966//1889 967//1889
f 965//1890 964//1890 58//1890
f 808//1891 962//1891 963//1891
f 961//1892 960//1892 58//1892
f 808//1893 958//1893 959//1893
f 957//1894 956//1894 58//1894
f 808//1895 954//1895 955//1895
f 953//1896 952//1896 58//1896
f 808//1897 950//1897 951//1897
f 949//1898 948//1898 58//1898
f 808//1899 946//1899 947//1899
f 945//1900 944//1900 58//1900
f 808//1901 942//1901 943//1901
f 941//1902 940//1902 58//1902
f 808//1903 938//1903 939//1903
f 937//1904 936//1904 58//1904
f 808//1905 934//1905 935//1905
f 933//1906 932//1906 58//1906
f 808//1907 930//1907 931//1907
f 929//1908 928//1908 58//1908
f 1106//1909 1105//1909 808//1909
f 924//1910 58//1910 925//1910
f 808//1911 922//1911 923//1911
f 920//1912 58//1912 921//1912
f 808//1913 918//1913 919//1913
f 916//1914 58//1914 917//1914
f 808//1915 914//1915 915//1915
f 912//1916 58//1916 913//1916
f 808//1917 910//1917 911//1917
f 908//1918 58//1918 909//1918
f 808//1919 906//1919 907//1919
f 904//1920 58//1920 905//1920
f 808//1921 902//1921 903//1921
f 900//1922 58//1922 901//1922
f 808//1923 898//1923 899//1923
f 896//1924 58//1924 897//1924
f 808//1925 894//1925 895//1925
f 892//1926 58//1926 893//1926
f 808//1927 890//1927 891//1927
f 888//1928 58//1928 889//1928
f 808//1929 886//1929 887//1929
f 884//1930 58//1930 885//1930
f 808//1931 882//1931 883//1931
f 880//1932 58//1932 881//1932
f 808//1933 878//1933 879//1933
f 876//1934 58//1934 877//1934
f 808//1935 874//1935 875//1935
f 872//1936 58//1936 873//1936
f 808//1937 870//1937 871//1937
f 868//1938 58//1938 869//1938
f 808//1939 866//1939 867//1939
f 864//1940 58//1940 865//1940
f 808//1941 862//1941 863//1941
f 860//1942 58//1942 861//1942
f 808//1943 858//1943 859//1943
f 927//1944 808//1944 926//1944
f 856//1945 58//1945 857//1945
f 808//1946 854//1946 855//1946
f 852//1947 58//1947 853//1947
f 808//1948 850//1948 851//1948
f 808//1949 846//1949 847//1949
f 845//1950 844//1950 56//1950
f 808//1951 842//1951 843//1951
f 841//1952 840//1952 56//1952
f 808//1953 838//1953 839//1953
f 837//1954 836//1954 56//1954
f 808//1955 834//1955 835//1955
f 833//1956 832//1956 56//1956
f 808//1957 830//1957 831//1957
f 829//1958 828//1958 56//1958
f 808//1959 826//1959 827//1959
f 825//1960 824//1960 56//1960
f 808//1961 822//1961 823//1961
f 821//1962 820//1962 56//1962
f 808//1963 818//1963 819//1963
f 817//1964 816//1964 56//1964
f 808//1965 814//1965 815//1965
f 813//1966 812//1966 56//1966
f 808//1967 810//1967 811//1967
f 809//1968 807//1968 56//1968
f 723//1969 805//1969 806//1969
f 804//1970 803//1970 56//1970
f 723//1971 801//1971 802//1971
f 800//1972 799//1972 56//1972
f 723//1973 797//1973 798//1973
f 796//1974 795//1974 56//1974
f 723//1975 793//1975 794//1975
f 792//1976 791//1976 56//1976
f 723//1977 789//1977 790//1977
f 788//1978 787//1978 56//1978
f 723//1979 785//1979 786//1979
f 784//1980 783//1980 56//1980
f 723//1981 781//1981 782//1981
f 780//1982 779//1982 56//1982
f 723//1983 777//1983 778//1983
f 776//1984 775//1984 56//1984
f 723//1985 773//1985 774//1985
f 723//1986 769//1986 770//1986
f 768//1281 767//1281 56//1281
f 723//1987 765//1987 766//1987
f 764//1294 763//1294 56//1294
f 723//1988 761//1988 762//1988
f 760//1989 759//1989 56//1989
f 723//1287 757//1287 758//1287
f 756//1990 755//1990 56//1990
f 56//1991 772//1991 771//1991
f 723//1992 753//1992 754//1992
f 752//1993 751//1993 56//1993
f 723//1994 749//1994 750//1994
f 748//1995 747//1995 56//1995
f 723//1996 745//1996 746//1996
f 744//1997 743//1997 56//1997
f 723//1998 741//1998 742//1998
f 740//1999 739//1999 56//1999
f 723//1226 737//1226 738//1226
f 736//2000 735//2000 56//2000
f 723//2001 733//2001 734//2001
f 732//2002 731//2002 56//2002
f 723//2003 729//2003 730//2003
f 728//2004 727//2004 56//2004
f 723//2005 725//2005 726//2005
f 724//2006 722//2006 56//2006
f 719//2007 718//2007 56//2007
f 686//2008 716//2008 717//2008
f 715//2009 714//2009 56//2009
f 686//2010 712//2010 713//2010
f 711//2011 710//2011 56//2011
f 686//2012 708//2012 709//2012
f 707//2013 706//2013 56//2013
f 686//2014 704//2014 705//2014
f 703//2015 702//2015 56//2015
f 686//2016 700//2016 701//2016
f 699//2017 698//2017 56//2017
f 686//2018 696//2018 697//2018
f 695//2019 694//2019 56//2019
f 686//2020 692//2020 693//2020
f 691//2021 690//2021 56//2021
f 686//1813 688//1813 689//1813
f 687//2022 685//2022 56//2022
f 681//1163 683//1163 684//1163
f 682//2023 680//2023 56//2023
f 677//2024 675//2024 56//2024
f 672//2025 671//2025 56//2025
f 667//2026 669//2026 670//2026
f 668//2027 666//2027 56//2027
f 663//2028 662//2028 56//2028
f 658//1138 660//1138 661//1138
f 659//2029 657//2029 56//2029
f 624//2030 655//2030 656//2030
f 654//2031 653//2031 56//2031
f 624//2032 651//2032 652//2032
f 650//2033 649//2033 56//2033
f 624//2027 647//2027 648//2027
f 646//2034 645//2034 56//2034
f 640//2035 53//2035 641//2035
f 636//2036 53//2036 637//2036
f 632//2037 53//2037 633//2037
f 628//2038 53//2038 629//2038
f 623//2039 53//2039 625//2039
f 619//2040 53//2040 620//2040
f 615//2041 53//2041 616//2041
f 611//2042 53//2042 612//2042
f 607//2043 53//2043 608//2043
f 603//2044 53//2044 604//2044
f 599//2045 53//2045 600//2045
f 595//2046 53//2046 596//2046
f 643//2047 644//2047 624//2047
f 643//2048 624//2048 642//2048
f 639//2049 624//2049 638//2049
f 635//2050 624//2050 634//2050
f 631//2051 624//2051 630//2051
f 627//2052 624//2052 626//2052
f 618//2053 87//2053 617//2053
f 614//2054 87//2054 613//2054
f 610//2055 87//2055 609//2055
f 606//2056 87//2056 605//2056
f 602//2057 87//2057 601//2057
f 598//2058 87//2058 597//2058
f 594//2059 87//2059 593//2059
f 89//2060 91//2060 52//2060
f 52//2060 91//2060 39//2060
f 1108//2061 1109//2061 1110//2061
f 1110//2062 1109//2062 1111//2062
f 1110//2063 1111//2063 1112//2063
f 1112//2064 1111//2064 1113//2064
f 1112//2065 1113//2065 1114//2065
f 1114//2066 1113//2066 1115//2066
f 1114//2067 1115//2067 1110//2067
f 1110//2068 1115//2068 1116//2068
f 1110//2069 1116//2069 1117//2069
f 1117//2070 1116//2070 1113//2070
f 1117//2071 1113//2071 1118//2071
f 1119//2072 1120//2072 1118//2072
f 1118//2073 1120//2073 1121//2073
f 1118//2074 1121//2074 1122//2074
f 1122//2075 1121//2075 96//2075
f 1122//2076 96//2076 1123//2076
f 1123//2077 96//2077 1110//2077
f 1123//2078 1110//2078 1124//2078
f 1124//2079 1110//2079 1125//2079
f 1124//2080 1125//2080 1118//2080
f 1118//2081 1125//2081 1117//2081
f 1126//2071 1127//2071 1119//2071
f 1119//2082 1127//2082 1128//2082
f 1119//2083 1128//2083 1129//2083
f 1129//2084 1128//2084 96//2084
f 1129//2085 96//2085 1130//2085
f 1130//2086 96//2086 1120//2086
f 1130//2087 1120//2087 1119//2087
f 33//2088 1131//2088 1126//2088
f 1126//2089 1131//2089 1132//2089
f 1126//2090 1132//2090 1133//2090
f 1133//2091 1132//2091 96//2091
f 1133//2092 96//2092 1134//2092
f 1134//2093 96//2093 1135//2093
f 1134//2094 1135//2094 1126//2094
f 1126//2095 1135//2095 1136//2095
f 1126//2096 1136//2096 1137//2096
f 1137//2097 1136//2097 96//2097
f 1137//2098 96//2098 1138//2098
f 1138//2099 96//2099 1139//2099
f 1138//2100 1139//2100 1126//2100
f 1126//2101 1139//2101 1140//2101
f 1126//2102 1140//2102 1141//2102
f 1141//2103 1140//2103 96//2103
f 1141//2104 96//2104 1142//2104
f 1142//2105 96//2105 1143//2105
f 1142//2106 1143//2106 1126//2106
f 1126//2107 1143//2107 1144//2107
f 1126//2108 1144//2108 1145//2108
f 1145//2109 1144//2109 96//2109
f 1145//2110 96//2110 1146//2110
f 1146//2111 96//2111 1147//2111
f 1146//2112 1147//2112 1126//2112
f 1126//2113 1147//2113 1148//2113
f 1126//2114 1148//2114 1149//2114
f 1149//2115 1148//2115 96//2115
f 1149//2116 96//2116 1150//2116
f 1150//2117 96//2117 1151//2117
f 1150//2118 1151//2118 1126//2118
f 1126//2119 1151//2119 1152//2119
f 1126//2120 1152//2120 1153//2120
f 1153//2121 1152//2121 96//2121
f 1153//2122 96//2122 1154//2122
f 1154//2123 96//2123 1155//2123
f 1154//2124 1155//2124 1126//2124
f 1126//2125 1155//2125 1156//2125
f 1126//2126 1156//2126 1157//2126
f 1157//2127 1156//2127 96//2127
f 1157//2128 96//2128 1158//2128
f 1158//2129 96//2129 1159//2129
f 1158//2130 1159//2130 1126//2130
f 1126//2131 1159//2131 1160//2131
f 1126//2132 1160//2132 1161//2132
f 1161//2133 1160//2133 96//2133
f 1161//2134 96//2134 1162//2134
f 1162//2135 96//2135 1163//2135
f 1162//2136 1163//2136 1126//2136
f 1126//2137 1163//2137 1164//2137
f 1126//2138 1164//2138 1165//2138
f 1165//2139 1164//2139 96//2139
f 1165//2140 96//2140 1166//2140
f 1166//2141 96//2141 1167//2141
f 1166//2142 1167//2142 1126//2142
f 1126//2143 1167//2143 1168//2143
f 1126//2144 1168//2144 1169//2144
f 1169//2145 1168//2145 96//2145
f 1169//2146 96//2146 1127//2146
f 1127//2147 96//2147 1128//2147
f 35//2148 1170//2148 33//2148
f 33//2149 1170//2149 1171//2149
f 33//2150 1171//2150 1172//2150
f 1172//2151 1171//2151 94//2151
f 1172//2152 94//2152 1173//2152
f 1173//2153 94//2153 1174//2153
f 1173//2154 1174//2154 33//2154
f 33//2155 1174//2155 1175//2155
f 33//2156 1175//2156 1176//2156
f 1176//2157 1175//2157 94//2157
f 1176//2078 94//2078 1177//2078
f 1177//2158 94//2158 1178//2158
f 1177//2157 1178//2157 33//2157
f 33//2159 1178//2159 1179//2159
f 33//2160 1179//2160 1180//2160
f 1180//2161 1179//2161 94//2161
f 1180//2162 94//2162 1181//2162
f 1181//2163 94//2163 1182//2163
f 1181//2164 1182//2164 33//2164
f 33//2165 1182//2165 1183//2165
f 33//2166 1183//2166 1184//2166
f 1184//2167 1183//2167 94//2167
f 1184//2168 94//2168 1185//2168
f 1185//2169 94//2169 1186//2169
f 1185//2170 1186//2170 33//2170
f 33//2171 1186//2171 1187//2171
f 33//2172 1187//2172 1188//2172
f 1188//2173 1187//2173 94//2173
f 1188//2174 94//2174 1189//2174
f 1189//2175 94//2175 1190//2175
f 1189//2176 1190//2176 33//2176
f 33//2177 1190//2177 1191//2177
f 33//2178 1191//2178 1192//2178
f 1192//2179 1191//2179 94//2179
f 1192//2180 94//2180 1193//2180
f 1193//2181 94//2181 1194//2181
f 1193//2182 1194//2182 33//2182
f 33//2183 1194//2183 1195//2183
f 33//2184 1195//2184 1196//2184
f 1196//2185 1195//2185 94//2185
f 1196//2186 94//2186 1197//2186
f 1197//2187 94//2187 1198//2187
f 1197//2188 1198//2188 33//2188
f 33//2189 1198//2189 1199//2189
f 33//2190 1199//2190 1200//2190
f 1200//2191 1199//2191 94//2191
f 1200//2192 94//2192 1201//2192
f 1201//2193 94//2193 1202//2193
f 1201//2194 1202//2194 33//2194
f 33//2195 1202//2195 1203//2195
f 33//2196 1203//2196 1204//2196
f 1204//2197 1203//2197 94//2197
f 1204//2198 94//2198 1205//2198
f 1205//2199 94//2199 1206//2199
f 1205//2200 1206//2200 33//2200
f 33//2201 1206//2201 1207//2201
f 33//2202 1207//2202 1208//2202
f 1208//2203 1207//2203 94//2203
f 1208//2204 94//2204 1209//2204
f 1209//2205 94//2205 1210//2205
f 1209//2206 1210//2206 33//2206
f 33//2207 1210//2207 1211//2207
f 33//2208 1211//2208 1212//2208
f 1212//2209 1211//2209 94//2209
f 1212//2210 94//2210 1213//2210
f 1213//2211 94//2211 1214//2211
f 1213//2212 1214//2212 33//2212
f 33//2213 1214//2213 1215//2213
f 33//2214 1215//2214 1216//2214
f 1216//2215 1215//2215 94//2215
f 1216//2216 94//2216 1217//2216
f 1217//2217 94//2217 1218//2217
f 1217//2218 1218//2218 33//2218
f 33//2219 1218//2219 1219//2219
f 33//2220 1219//2220 1220//2220
f 1220//2221 1219//2221 94//2221
f 1220//2222 94//2222 1221//2222
f 1221//2223 94//2223 1222//2223
f 1221//2224 1222//2224 33//2224
f 33//2225 1222//2225 1223//2225
f 33//2226 1223//2226 1224//2226
f 1224//2227 1223//2227 94//2227
f 1224//2228 94//2228 1225//2228
f 1225//2229 94//2229 96//2229
f 1225//2230 96//2230 1226//2230
f 1226//2231 96//2231 1227//2231
f 1226//2232 1227//2232 33//2232
f 33//2233 1227//2233 1228//2233
f 33//2234 1228//2234 1229//2234
f 1229//2235 1228//2235 96//2235
f 1229//2236 96//2236 1230//2236
f 1230//2237 96//2237 1231//2237
f 1230//2238 1231//2238 33//2238
f 33//2239 1231//2239 1232//2239
f 33//2240 1232//2240 1233//2240
f 1233//2241 1232//2241 96//2241
f 1233//2242 96//2242 1234//2242
f 1234//2243 96//2243 1235//2243
f 1234//2244 1235//2244 33//2244
f 33//2245 1235//2245 1131//2245
f 36//2246 1236//2246 35//2246
f 35//2247 1236//2247 1237//2247
f 35//2248 1237//2248 1238//2248
f 1238//2249 1237//2249 94//2249
f 1238//2250 94//2250 1239//2250
f 1239//2251 94//2251 1240//2251
f 1239//2248 1240//2248 35//2248
f 35//2150 1240//2150 1241//2150
f 35//2150 1241//2150 1242//2150
f 1242//2252 1241//2252 94//2252
f 1242//2253 94//2253 1243//2253
f 1243//2254 94//2254 1244//2254
f 1243//2255 1244//2255 35//2255
f 35//2148 1244//2148 1170//2148
f 37//2256 1245//2256 36//2256
f 36//2257 1245//2257 1246//2257
f 36//2258 1246//2258 1247//2258
f 1247//2259 1246//2259 93//2259
f 1247//2260 93//2260 1248//2260
f 1248//2261 93//2261 1249//2261
f 1248//2246 1249//2246 36//2246
f 36//2246 1249//2246 1250//2246
f 36//2246 1250//2246 1251//2246
f 1251//2262 1250//2262 93//2262
f 1251//2263 93//2263 1252//2263
f 1252//2264 93//2264 1253//2264
f 1252//2265 1253//2265 36//2265
f 36//2266 1253//2266 1254//2266
f 36//2267 1254//2267 1236//2267
f 1236//2268 1254//2268 94//2268
f 1236//2269 94//2269 1237//2269
f 39//2270 1255//2270 37//2270
f 37//2271 1255//2271 1256//2271
f 37//2272 1256//2272 1257//2272
f 1257//2273 1256//2273 93//2273
f 1257//2273 93//2273 1258//2273
f 1258//2274 93//2274 1259//2274
f 1258//2275 1259//2275 37//2275
f 37//2276 1259//2276 1260//2276
f 37//2277 1260//2277 1261//2277
f 1261//2278 1260//2278 93//2278
f 1261//2279 93//2279 1262//2279
f 1262//2280 93//2280 1263//2280
f 1262//2281 1263//2281 37//2281
f 37//2282 1263//2282 1245//2282
f 91//2283 1264//2283 39//2283
f 39//2284 1264//2284 1265//2284
f 39//2285 1265//2285 1266//2285
f 1266//2286 1265//2286 91//2286
f 1266//2287 91//2287 1267//2287
f 1267//2288 91//2288 93//2288
f 1267//2289 93//2289 1255//2289
f 1255//2290 93//2290 1256//2290
f 93//2291 94//2291 1253//2291
f 1253//2292 94//2292 1254//2292
f 91//2293 1265//2293 1264//2293
f 1266//2294 1267//2294 39//2294
f 39//2295 1267//2295 1255//2295
f 37//2277 1257//2277 1258//2277
f 1262//2276 37//2276 1261//2276
f 36//2265 1247//2265 1248//2265
f 1252//2296 36//2296 1251//2296
f 1239//2150 35//2150 1238//2150
f 1259//2297 93//2297 1260//2297
f 1246//2298 1245//2298 93//2298
f 93//2299 1245//2299 1263//2299
f 1250//2300 1249//2300 93//2300
f 1243//2301 35//2301 1242//2301
f 33//2302 1172//2302 1173//2302
f 1240//2303 94//2303 1241//2303
f 1171//2304 1170//2304 94//2304
f 94//2305 1170//2305 1244//2305
f 1175//2306 1174//2306 94//2306
f 1177//2157 33//2157 1176//2157
f 94//2307 1179//2307 1178//2307
f 1181//2165 33//2165 1180//2165
f 94//2308 1183//2308 1182//2308
f 1185//2309 33//2309 1184//2309
f 94//2310 1187//2310 1186//2310
f 1189//2311 33//2311 1188//2311
f 94//2312 1191//2312 1190//2312
f 1193//2313 33//2313 1192//2313
f 94//2314 1195//2314 1194//2314
f 1197//2315 33//2315 1196//2315
f 94//2316 1199//2316 1198//2316
f 1201//2317 33//2317 1200//2317
f 94//2318 1203//2318 1202//2318
f 1205//2319 33//2319 1204//2319
f 94//2320 1207//2320 1206//2320
f 1209//2321 33//2321 1208//2321
f 94//2322 1211//2322 1210//2322
f 1213//2323 33//2323 1212//2323
f 94//2324 1215//2324 1214//2324
f 1217//2325 33//2325 1216//2325
f 94//2326 1219//2326 1218//2326
f 1221//2327 33//2327 1220//2327
f 94//2328 1223//2328 1222//2328
f 1225//2329 1226//2329 33//2329
f 96//2330 1228//2330 1227//2330
f 1229//2331 1230//2331 33//2331
f 96//2332 1232//2332 1231//2332
f 1233//2333 1234//2333 33//2333
f 1134//2334 1126//2334 1133//2334
f 1138//2335 1126//2335 1137//2335
f 1142//2336 1126//2336 1141//2336
f 1146//2337 1126//2337 1145//2337
f 1150//2338 1126//2338 1149//2338
f 1154//2339 1126//2339 1153//2339
f 1158//2340 1126//2340 1157//2340
f 1162//2341 1126//2341 1161//2341
f 1166//2342 1126//2342 1165//2342
f 1235//2343 96//2343 1131//2343
f 1131//2344 96//2344 1132//2344
f 1135//2345 96//2345 1136//2345
f 1139//2346 96//2346 1140//2346
f 1143//2347 96//2347 1144//2347
f 1147//2348 96//2348 1148//2348
f 1151//2349 96//2349 1152//2349
f 1155//2350 96//2350 1156//2350
f 1159//2351 96//2351 1160//2351
f 1163//2352 96//2352 1164//2352
f 1167//2062 96//2062 1168//2062
f 1127//2353 1126//2353 1169//2353
f 1130//2354 1119//2354 1129//2354
f 96//2355 1121//2355 1120//2355
f 1124//2066 1118//2066 1123//2066
f 1123//2356 1118//2356 1122//2356
f 1116//2357 1115//2357 1113//2357
f 1110//2358 1112//2358 1114//2358
f 1117//2359 1125//2359 1110//2359
f 1111//2360 1109//2360 1113//2360
f 33//2361 1224//2361 1225//2361
f 1268//2362 1269//2362 95//2362
f 95//2363 1269//2363 1110//2363
f 95//2364 1110//2364 96//2364
f 1269//2365 1108//2365 1110//2365
f 12//2366 11//2366 54//2366
f 54//2366 11//2366 99//2366
f 54//2366 99//2366 55//2366
f 55//2366 99//2366 57//2366
f 57//2366 99//2366 101//2366
f 57//2366 101//2366 59//2366
f 59//2367 101//2367 61//2367
f 61//2366 101//2366 103//2366
f 61//2366 103//2366 66//2366
f 103//2368 114//2368 66//2368
f 66//2368 114//2368 72//2368
f 114//2369 113//2369 72//2369
f 72//2370 113//2370 75//2370
f 75//2371 113//2371 116//2371
f 75//2372 116//2372 27//2372
f 27//2373 116//2373 119//2373
f 27//2374 119//2374 204//2374
f 204//2375 119//2375 206//2375
f 206//2376 119//2376 132//2376
f 132//2377 119//2377 121//2377
f 132//2378 121//2378 585//2378
f 585//2379 121//2379 122//2379
f 585//2380 122//2380 124//2380
f 585//2381 124//2381 498//2381
f 498//2382 124//2382 126//2382
f 498//2383 126//2383 531//2383
f 531//2384 126//2384 542//2384
f 542//2385 126//2385 31//2385
f 31//2386 126//2386 34//2386
f 34//2387 126//2387 556//2387
f 34//2388 556//2388 552//2388
f 552//2389 556//2389 555//2389
f 126//2390 128//2390 556//2390
f 556//2391 128//2391 583//2391
f 47//2392 45//2392 566//2392
f 566//2392 45//2392 4//2392
f 566//2392 4//2392 2//2392
f 4//2392 45//2392 6//2392
f 6//2392 45//2392 43//2392
f 6//2392 43//2392 8//2392
f 8//2392 43//2392 42//2392
f 8//2392 42//2392 40//2392
f 38//2392 551//2392 40//2392
f 40//2392 551//2392 128//2392
f 40//2392 128//2392 8//2392
f 551//2392 583//2392 128//2392
f 582//2392 581//2392 2//2392
f 2//2392 581//2392 580//2392
f 2//2392 580//2392 579//2392
f 579//2392 566//2392 2//2392
f 48//2393 578//2393 49//2393
f 49//2393 578//2393 577//2393
f 49//2394 577//2394 565//2394
f 565//2395 560//2395 49//2395
f 49//2393 560//2393 1//2393
f 49//2393 1//2393 50//2393
f 50//2393 1//2393 10//2393
f 50//2393 10//2393 24//2393
f 582//2393 2//2393 560//2393
f 560//2393 2//2393 1//2393
f 9//2396 8//2396 15//2396
f 15//2396 8//2396 129//2396
f 15//2396 129//2396 13//2396
f 13//2396 129//2396 97//2396
f 13//2396 97//2396 11//2396
f 8//2396 128//2396 129//2396
f 71//2397 73//2397 111//2397
f 111//2397 73//2397 112//2397
f 81//2398 84//2398 104//2398
f 104//2399 84//2399 105//2399
f 105//2400 84//2400 64//2400
f 105//2401 64//2401 106//2401
f 106//2401 64//2401 65//2401
f 106//2402 65//2402 107//2402
f 107//2403 65//2403 67//2403
f 107//2404 67//2404 108//2404
f 108//2405 67//2405 68//2405
f 108//2406 68//2406 109//2406
f 109//2407 68//2407 69//2407
f 109//2408 69//2408 110//2408
f 110//2409 69//2409 70//2409
f 110//2410 70//2410 111//2410
f 111//2411 70//2411 71//2411
f 84//2412 63//2412 64//2412
f 81//2413 104//2413 77//2413
f 77//2413 104//2413 102//2413
f 87//2414 624//2414 97//2414
f 97//2414 624//2414 98//2414
f 98//2414 624//2414 658//2414
f 98//2414 658//2414 667//2414
f 667//2414 676//2414 98//2414
f 98//2414 676//2414 681//2414
f 98//2415 681//2415 686//2415
f 686//2414 723//2414 98//2414
f 98//2414 723//2414 100//2414
f 100//2414 723//2414 808//2414
f 100//2414 808//2414 102//2414
f 102//2414 808//2414 77//2414
f 87//2368 97//2368 92//2368
f 92//2368 97//2368 129//2368
f 32//2416 1113//2416 30//2416
f 30//2417 1113//2417 1109//2417
f 30//2416 1109//2416 1108//2416
f 33//2416 1126//2416 32//2416
f 32//2416 1126//2416 1119//2416
f 32//2418 1119//2418 1118//2418
f 1118//2419 1113//2419 32//2419
f 1108//2416 1269//2416 123//2416
f 123//2416 1269//2416 1268//2416
f 123//2416 1268//2416 125//2416
f 125//2416 1268//2416 95//2416
f 125//2416 95//2416 127//2416
f 127//2416 95//2416 92//2416
f 127//2416 92//2416 129//2416
f 76//2420 29//2420 117//2420
f 117//2421 29//2421 118//2421
f 118//2422 29//2422 28//2422
f 118//2423 28//2423 26//2423
f 118//2424 26//2424 120//2424
f 120//2425 26//2425 30//2425
f 120//2425 30//2425 1108//2425
f 1108//2425 123//2425 120//2425
f 73//2426 74//2426 112//2426
f 112//2426 74//2426 115//2426
f 115//2427 74//2427 76//2427
f 115//2427 76//2427 117//2427
f 1270//2428 1271//2428 1272//2428
f 1272//2428 1271//2428 1273//2428
f 1272//2429 1273//2429 1274//2429
f 1274//2429 1273//2429 1275//2429
f 1274//2430 1275//2430 1276//2430
f 1276//2430 1275//2430 1277//2430
f 1276//2431 1277//2431 1278//2431
f 1278//2431 1277//2431 1279//2431
f 1278//2432 1279//2432 1280//2432
f 1280//2432 1279//2432 1281//2432
f 1280//2433 1281//2433 1282//2433
f 1282//2433 1281//2433 1283//2433
f 1282//2434 1283//2434 1284//2434
f 1284//2434 1283//2434 1285//2434
f 1284//2435 1285//2435 1286//2435
f 1286//2435 1285//2435 1287//2435
f 1286//2436 1287//2436 1288//2436
f 1288//2436 1287//2436 1289//2436
f 1288//2437 1289//2437 1290//2437
f 1290//2437 1289//2437 1291//2437
f 1290//2438 1291//2438 1292//2438
f 1292//2438 1291//2438 1293//2438
f 1292//2439 1293//2439 1294//2439
f 1294//2439 1293//2439 1295//2439
f 1294//2440 1295//2440 1296//2440
f 1296//2440 1295//2440 1297//2440
f 1296//2441 1297//2441 1298//2441
f 1298//2441 1297//2441 1299//2441
f 1298//2442 1299//2442 1300//2442
f 1300//2442 1299//2442 1301//2442
f 1300//2443 1301//2443 1302//2443
f 1302//2443 1301//2443 1303//2443
f 1302//2444 1303//2444 1304//2444
f 1304//2444 1303//2444 1305//2444
f 1304//2445 1305//2445 1306//2445
f 1306//2445 1305//2445 1307//2445
f 1306//2446 1307//2446 1308//2446
f 1308//2446 1307//2446 1309//2446
f 1308//2447 1309//2447 1310//2447
f 1310//2447 1309//2447 1311//2447
f 1310//2448 1311//2448 1312//2448
f 1312//2448 1311//2448 1313//2448
f 1312//2449 1313//2449 1314//2449
f 1314//2449 1313//2449 1315//2449
f 1314//2450 1315//2450 1316//2450
f 1316//2450 1315//2450 1317//2450
f 1316//2451 1317//2451 1270//2451
f 1270//2451 1317//2451 1271//2451
f 1318//2428 1319//2428 1320//2428
f 1320//2428 1319//2428 1321//2428
f 1320//2429 1321//2429 1322//2429
f 1322//2429 1321//2429 1323//2429
f 1322//2430 1323//2430 1324//2430
f 1324//2430 1323//2430 1325//2430
f 1324//2431 1325//2431 1326//2431
f 1326//2431 1325//2431 1327//2431
f 1326//2432 1327//2432 1328//2432
f 1328//2432 1327//2432 1329//2432
f 1328//2433 1329//2433 1330//2433
f 1330//2433 1329//2433 1331//2433
f 1330//2434 1331//2434 1332//2434
f 1332//2434 1331//2434 1333//2434
f 1332//2435 1333//2435 1334//2435
f 1334//2435 1333//2435 1335//2435
f 1334//2436 1335//2436 1336//2436
f 1336//2436 1335//2436 1337//2436
f 1336//2437 1337//2437 1338//2437
f 1338//2437 1337//2437 1339//2437
f 1338//2438 1339//2438 1340//2438
f 1340//2438 1339//2438 1341//2438
f 1340//2439 1341//2439 1342//2439
f 1342//2439 1341//2439 1343//2439
f 1342//2440 1343//2440 1344//2440
f 1344//2440 1343//2440 1345//2440
f 1344//2441 1345//2441 1346//2441
f 1346//2441 1345//2441 1347//2441
f 1346//2442 1347//2442 1348//2442
f 1348//2442 1347//2442 1349//2442
f 1348//2443 1349//2443 1350//2443
f 1350//2443 1349//2443 1351//2443
f 1350//2444 1351//2444 1352//2444
f 1352//2444 1351//2444 1353//2444
f 1352//2445 1353//2445 1354//2445
f 1354//2445 1353//2445 1355//2445
f 1354//2446 1355//2446 1356//2446
f 1356//2446 1355//2446 1357//2446
f 1356//2447 1357//2447 1358//2447
f 1358//2447 1357//2447 1359//2447
f 1358//2448 1359//2448 1360//2448
f 1360//2448 1359//2448 1361//2448
f 1360//2452 1361//2452 1362//2452
f 1362//2449 1361//2449 1363//2449
f 1362//2450 1363//2450 1364//2450
f 1364//2450 1363//2450 1365//2450
f 1364//2451 1365//2451 1318//2451
f 1318//2451 1365//2451 1319//2451
f 1366//2428 1367//2428 1368//2428
f 1368//2428 1367//2428 1369//2428
f 1368//2429 1369//2429 1370//2429
f 1370//2429 1369//2429 1371//2429
f 1370//2430 1371//2430 1372//2430
f 1372//2430 1371//2430 1373//2430
f 1372//2431 1373//2431 1374//2431
f 1374//2431 1373//2431 1375//2431
f 1374//2432 1375//2432 1376//2432
f 1376//2432 1375//2432 1377//2432
f 1376//2433 1377//2433 1378//2433
f 1378//2433 1377//2433 1379//2433
f 1378//2434 1379//2434 1380//2434
f 1380//2434 1379//2434 1381//2434
f 1380//2435 1381//2435 1382//2435
f 1382//2435 1381//2435 1383//2435
f 1382//2436 1383//2436 1384//2436
f 1384//2436 1383//2436 1385//2436
f 1384//2437 1385//2437 1386//2437
f 1386//2437 1385//2437 1387//2437
f 1386//2438 1387//2438 1388//2438
f 1388//2438 1387//2438 1389//2438
f 1388//2439 1389//2439 1390//2439
f 1390//2439 1389//2439 1391//2439
f 1390//2440 1391//2440 1392//2440
f 1392//2440 1391//2440 1393//2440
f 1392//2441 1393//2441 1394//2441
f 1394//2441 1393//2441 1395//2441
f 1394//2442 1395//2442 1396//2442
f 1396//2442 1395//2442 1397//2442
f 1396//2443 1397//2443 1398//2443
f 1398//2443 1397//2443 1399//2443
f 1398//2444 1399//2444 1400//2444
f 1400//2444 1399//2444 1401//2444
f 1400//2445 1401//2445 1402//2445
f 1402//2445 1401//2445 1403//2445
f 1402//2446 1403//2446 1404//2446
f 1404//2446 1403//2446 1405//2446
f 1404//2447 1405//2447 1406//2447
f 1406//2447 1405//2447 1407//2447
f 1406//2448 1407//2448 1408//2448
f 1408//2448 1407//2448 1409//2448
f 1408//2449 1409//2449 1410//2449
f 1410//2449 1409//2449 1411//2449
f 1410//2450 1411//2450 1412//2450
f 1412//2450 1411//2450 1413//2450
f 1412//2451 1413//2451 1366//2451
f 1366//2451 1413//2451 1367//2451
f 1414//2428 1415//2428 1416//2428
f 1416//2428 1415//2428 1417//2428
f 1416//2429 1417//2429 1418//2429
f 1418//2429 1417//2429 1419//2429
f 1418//2430 1419//2430 1420//2430
f 1420//2430 1419//2430 1421//2430
f 1420//2431 1421//2431 1422//2431
f 1422//2431 1421//2431 1423//2431
f 1422//2432 1423//2432 1424//2432
f 1424//2453 1423//2453 1425//2453
f 1424//2433 1425//2433 1426//2433
f 1426//2433 1425//2433 1427//2433
f 1426//2434 1427//2434 1428//2434
f 1428//2434 1427//2434 1429//2434
f 1428//2435 1429//2435 1430//2435
f 1430//2435 1429//2435 1431//2435
f 1430//2436 1431//2436 1432//2436
f 1432//2436 1431//2436 1433//2436
f 1432//2437 1433//2437 1434//2437
f 1434//2437 1433//2437 1435//2437
f 1434//2438 1435//2438 1436//2438
f 1436//2438 1435//2438 1437//2438
f 1436//2439 1437//2439 1438//2439
f 1438//2439 1437//2439 1439//2439
f 1438//2440 1439//2440 1440//2440
f 1440//2440 1439//2440 1441//2440
f 1440//2441 1441//2441 1442//2441
f 1442//2441 1441//2441 1443//2441
f 1442//2442 1443//2442 1444//2442
f 1444//2442 1443//2442 1445//2442
f 1444//2443 1445//2443 1446//2443
f 1446//2443 1445//2443 1447//2443
f 1446//2444 1447//2444 1448//2444
f 1448//2444 1447//2444 1449//2444
f 1448//2445 1449//2445 1450//2445
f 1450//2445 1449//2445 1451//2445
f 1450//2446 1451//2446 1452//2446
f 1452//2446 1451//2446 1453//2446
f 1452//2447 1453//2447 1454//2447
f 1454//2447 1453//2447 1455//2447
f 1454//2448 1455//2448 1456//2448
f 1456//2448 1455//2448 1457//2448
f 1456//2452 1457//2452 1458//2452
f 1458//2449 1457//2449 1459//2449
f 1458//2450 1459//2450 1460//2450
f 1460//2450 1459//2450 1461//2450
f 1460//2451 1461//2451 1414//2451
f 1414//2451 1461//2451 1415//2451
f 1462//2428 1463//2428 1464//2428
f 1464//2428 1463//2428 1465//2428
f 1464//2429 1465//2429 1466//2429
f 1466//2429 1465//2429 1467//2429
f 1466//2430 1467//2430 1468//2430
f 1468//2430 1467//2430 1469//2430
f 1468//2431 1469//2431 1470//2431
f 1470//2454 1469//2454 1471//2454
f 1470//2455 1471//2455 1472//2455
f 1472//2432 1471//2432 1473//2432
f 1472//2433 1473//2433 1474//2433
f 1474//2433 1473//2433 1475//2433
f 1474//2434 1475//2434 1476//2434
f 1476//2434 1475//2434 1477//2434
f 1476//2435 1477//2435 1478//2435
f 1478//2435 1477//2435 1479//2435
f 1478//2436 1479//2436 1480//2436
f 1480//2436 1479//2436 1481//2436
f 1480//2456 1481//2456 1482//2456
f 1482//2457 1481//2457 1483//2457
f 1482//2438 1483//2438 1484//2438
f 1484//2438 1483//2438 1485//2438
f 1484//2439 1485//2439 1486//2439
f 1486//2439 1485//2439 1487//2439
f 1486//2458 1487//2458 1488//2458
f 1488//2440 1487//2440 1489//2440
f 1488//2441 1489//2441 1490//2441
f 1490//2459 1489//2459 1491//2459
f 1490//2442 1491//2442 1492//2442
f 1492//2442 1491//2442 1493//2442
f 1492//2443 1493//2443 1494//2443
f 1494//2443 1493//2443 1495//2443
f 1494//2460 1495//2460 1496//2460
f 1496//2461 1495//2461 1497//2461
f 1496//2445 1497//2445 1498//2445
f 1498//2445 1497//2445 1499//2445
f 1498//2446 1499//2446 1500//2446
f 1500//2446 1499//2446 1501//2446
f 1500//2447 1501//2447 1502//2447
f 1502//2447 1501//2447 1503//2447
f 1502//2448 1503//2448 1504//2448
f 1504//2448 1503//2448 1505//2448
f 1504//2449 1505//2449 1506//2449
f 1506//2462 1505//2462 1507//2462
f 1506//2463 1507//2463 1508//2463
f 1508//2450 1507//2450 1509//2450
f 1508//2451 1509//2451 1462//2451
f 1462//2451 1509//2451 1463//2451
f 1510//2428 1511//2428 1512//2428
f 1512//2428 1511//2428 1513//2428
f 1512//2429 1513//2429 1514//2429
f 1514//2429 1513//2429 1515//2429
f 1514//2430 1515//2430 1516//2430
f 1516//2430 1515//2430 1517//2430
f 1516//2431 1517//2431 1518//2431
f 1518//2431 1517//2431 1519//2431
f 1518//2432 1519//2432 1520//2432
f 1520//2432 1519//2432 1521//2432
f 1520//2433 1521//2433 1522//2433
f 1522//2433 1521//2433 1523//2433
f 1522//2434 1523//2434 1524//2434
f 1524//2434 1523//2434 1525//2434
f 1524//2435 1525//2435 1526//2435
f 1526//2435 1525//2435 1527//2435
f 1526//2436 1527//2436 1528//2436
f 1528//2436 1527//2436 1529//2436
f 1528//2437 1529//2437 1530//2437
f 1530//2437 1529//2437 1531//2437
f 1530//2438 1531//2438 1532//2438
f 1532//2438 1531//2438 1533//2438
f 1532//2439 1533//2439 1534//2439
f 1534//2439 1533//2439 1535//2439
f 1534//2440 1535//2440 1536//2440
f 1536//2440 1535//2440 1537//2440
f 1536//2441 1537//2441 1538//2441
f 1538//2441 1537//2441 1539//2441
f 1538//2442 1539//2442 1540//2442
f 1540//2442 1539//2442 1541//2442
f 1540//2443 1541//2443 1542//2443
f 1542//2443 1541//2443 1543//2443
f 1542//2444 1543//2444 1544//2444
f 1544//2444 1543//2444 1545//2444
f 1544//2445 1545//2445 1546//2445
f 1546//2445 1545//2445 1547//2445
f 1546//2446 1547//2446 1548//2446
f 1548//2446 1547//2446 1549//2446
f 1548//2447 1549//2447 1550//2447
f 1550//2447 1549//2447 1551//2447
f 1550//2448 1551//2448 1552//2448
f 1552//2448 1551//2448 1553//2448
f 1552//2449 1553//2449 1554//2449
f 1554//2449 1553//2449 1555//2449
f 1554//2450 1555//2450 1556//2450
f 1556//2450 1555//2450 1557//2450
f 1556//2451 1557//2451 1510//2451
f 1510//2451 1557//2451 1511//2451
f 1558//2428 1559//2428 1560//2428
f 1560//2428 1559//2428 1561//2428
f 1560//2429 1561//2429 1562//2429
f 1562//2429 1561//2429 1563//2429
f 1562//2430 1563//2430 1564//2430
f 1564//2430 1563//2430 1565//2430
f 1564//2431 1565//2431 1566//2431
f 1566//2431 1565//2431 1567//2431
f 1566//2432 1567//2432 1568//2432
f 1568//2432 1567//2432 1569//2432
f 1568//2433 1569//2433 1570//2433
f 1570//2433 1569//2433 1571//2433
f 1570//2434 1571//2434 1572//2434
f 1572//2434 1571//2434 1573//2434
f 1572//2435 1573//2435 1574//2435
f 1574//2435 1573//2435 1575//2435
f 1574//2436 1575//2436 1576//2436
f 1576//2436 1575//2436 1577//2436
f 1576//2437 1577//2437 1578//2437
f 1578//2437 1577//2437 1579//2437
f 1578//2438 1579//2438 1580//2438
f 1580//2438 1579//2438 1581//2438
f 1580//2439 1581//2439 1582//2439
f 1582//2439 1581//2439 1583//2439
f 1582//2440 1583//2440 1584//2440
f 1584//2440 1583//2440 1585//2440
f 1584//2441 1585//2441 1586//2441
f 1586//2441 1585//2441 1587//2441
f 1586//2442 1587//2442 1588//2442
f 1588//2442 1587//2442 1589//2442
f 1588//2443 1589//2443 1590//2443
f 1590//2443 1589//2443 1591//2443
f 1590//2444 1591//2444 1592//2444
f 1592//2444 1591//2444 1593//2444
f 1592//2445 1593//2445 1594//2445
f 1594//2445 1593//2445 1595//2445
f 1594//2446 1595//2446 1596//2446
f 1596//2446 1595//2446 1597//2446
f 1596//2447 1597//2447 1598//2447
f 1598//2447 1597//2447 1599//2447
f 1598//2448 1599//2448 1600//2448
f 1600//2448 1599//2448 1601//2448
f 1600//2449 1601//2449 1602//2449
f 1602//2449 1601//2449 1603//2449
f 1602//2450 1603//2450 1604//2450
f 1604//2450 1603//2450 1605//2450
f 1604//2451 1605//2451 1558//2451
f 1558//2451 1605//2451 1559//2451
f 1606//2428 1607//2428 1608//2428
f 1608//2428 1607//2428 1609//2428
f 1608//2429 1609//2429 1610//2429
f 1610//2429 1609//2429 1611//2429
f 1610//2430 1611//2430 1612//2430
f 1612//2430 1611//2430 1613//2430
f 1612//2464 1613//2464 1614//2464
f 1614//2431 1613//2431 1615//2431
f 1614//2432 1615//2432 1616//2432
f 1616//2453 1615//2453 1617//2453
f 1616//2433 1617//2433 1618//2433
f 1618//2433 1617//2433 1619//2433
f 1618//2434 1619//2434 1620//2434
f 1620//2434 1619//2434 1621//2434
f 1620//2435 1621//2435 1622//2435
f 1622//2435 1621//2435 1623//2435
f 1622//2436 1623//2436 1624//2436
f 1624//2436 1623//2436 1625//2436
f 1624//2437 1625//2437 1626//2437
f 1626//2457 1625//2457 1627//2457
f 1626//2438 1627//2438 1628//2438
f 1628//2438 1627//2438 1629//2438
f 1628//2439 1629//2439 1630//2439
f 1630//2439 1629//2439 1631//2439
f 1630//2440 1631//2440 1632//2440
f 1632//2440 1631//2440 1633//2440
f 1632//2441 1633//2441 1634//2441
f 1634//2441 1633//2441 1635//2441
f 1634//2442 1635//2442 1636//2442
f 1636//2442 1635//2442 1637//2442
f 1636//2465 1637//2465 1638//2465
f 1638//2443 1637//2443 1639//2443
f 1638//2460 1639//2460 1640//2460
f 1640//2444 1639//2444 1641//2444
f 1640//2445 1641//2445 1642//2445
f 1642//2445 1641//2445 1643//2445
f 1642//2446 1643//2446 1644//2446
f 1644//2446 1643//2446 1645//2446
f 1644//2447 1645//2447 1646//2447
f 1646//2447 1645//2447 1647//2447
f 1646//2448 1647//2448 1648//2448
f 1648//2448 1647//2448 1649//2448
f 1648//2452 1649//2452 1650//2452
f 1650//2449 1649//2449 1651//2449
f 1650//2450 1651//2450 1652//2450
f 1652//2450 1651//2450 1653//2450
f 1652//2451 1653//2451 1606//2451
f 1606//2451 1653//2451 1607//2451
f 1654//2428 1655//2428 1656//2428
f 1656//2428 1655//2428 1657//2428
f 1656//2429 1657//2429 1658//2429
f 1658//2429 1657//2429 1659//2429
f 1658//2430 1659//2430 1660//2430
f 1660//2430 1659//2430 1661//2430
f 1660//2431 1661//2431 1662//2431
f 1662//2431 1661//2431 1663//2431
f 1662//2432 1663//2432 1664//2432
f 1664//2432 1663//2432 1665//2432
f 1664//2433 1665//2433 1666//2433
f 1666//2433 1665//2433 1667//2433
f 1666//2434 1667//2434 1668//2434
f 1668//2434 1667//2434 1669//2434
f 1668//2435 1669//2435 1670//2435
f 1670//2435 1669//2435 1671//2435
f 1670//2436 1671//2436 1672//2436
f 1672//2436 1671//2436 1673//2436
f 1672//2437 1673//2437 1674//2437
f 1674//2437 1673//2437 1675//2437
f 1674//2438 1675//2438 1676//2438
f 1676//2438 1675//2438 1677//2438
f 1676//2439 1677//2439 1678//2439
f 1678//2439 1677//2439 1679//2439
f 1678//2440 1679//2440 1680//2440
f 1680//2440 1679//2440 1681//2440
f 1680//2441 1681//2441 1682//2441
f 1682//2441 1681//2441 1683//2441
f 1682//2442 1683//2442 1684//2442
f 1684//2442 1683//2442 1685//2442
f 1684//2443 1685//2443 1686//2443
f 1686//2443 1685//2443 1687//2443
f 1686//2444 1687//2444 1688//2444
f 1688//2444 1687//2444 1689//2444
f 1688//2445 1689//2445 1690//2445
f 1690//2445 1689//2445 1691//2445
f 1690//2446 1691//2446 1692//2446
f 1692//2446 1691//2446 1693//2446
f 1692//2447 1693//2447 1694//2447
f 1694//2447 1693//2447 1695//2447
f 1694//2448 1695//2448 1696//2448
f 1696//2448 1695//2448 1697//2448
f 1696//2449 1697//2449 1698//2449
f 1698//2449 1697//2449 1699//2449
f 1698//2450 1699//2450 1700//2450
f 1700//2450 1699//2450 1701//2450
f 1700//2451 1701//2451 1654//2451
f 1654//2451 1701//2451 1655//2451
f 1702//2428 1703//2428 1704//2428
f 1704//2428 1703//2428 1705//2428
f 1704//2429 1705//2429 1706//2429
f 1706//2429 1705//2429 1707//2429
f 1706//2430 1707//2430 1708//2430
f 1708//2430 1707//2430 1709//2430
f 1708//2431 1709//2431 1710//2431
f 1710//2431 1709//2431 1711//2431
f 1710//2432 1711//2432 1712//2432
f 1712//2432 1711//2432 1713//2432
f 1712//2433 1713//2433 1714//2433
f 1714//2433 1713//2433 1715//2433
f 1714//2434 1715//2434 1716//2434
f 1716//2434 1715//2434 1717//2434
f 1716//2435 1717//2435 1718//2435
f 1718//2435 1717//2435 1719//2435
f 1718//2436 1719//2436 1720//2436
f 1720//2436 1719//2436 1721//2436
f 1720//2437 1721//2437 1722//2437
f 1722//2437 1721//2437 1723//2437
f 1722//2438 1723//2438 1724//2438
f 1724//2438 1723//2438 1725//2438
f 1724//2439 1725//2439 1726//2439
f 1726//2439 1725//2439 1727//2439
f 1726//2440 1727//2440 1728//2440
f 1728//2440 1727//2440 1729//2440
f 1728//2441 1729//2441 1730//2441
f 1730//2441 1729//2441 1731//2441
f 1730//2442 1731//2442 1732//2442
f 1732//2442 1731//2442 1733//2442
f 1732//2443 1733//2443 1734//2443
f 1734//2443 1733//2443 1735//2443
f 1734//2444 1735//2444 1736//2444
f 1736//2444 1735//2444 1737//2444
f 1736//2445 1737//2445 1738//2445
f 1738//2445 1737//2445 1739//2445
f 1738//2446 1739//2446 1740//2446
f 1740//2446 1739//2446 1741//2446
f 1740//2447 1741//2447 1742//2447
f 1742//2447 1741//2447 1743//2447
f 1742//2448 1743//2448 1744//2448
f 1744//2448 1743//2448 1745//2448
f 1744//2449 1745//2449 1746//2449
f 1746//2449 1745//2449 1747//2449
f 1746//2450 1747//2450 1748//2450
f 1748//2450 1747//2450 1749//2450
f 1748//2451 1749//2451 1702//2451
f 1702//2451 1749//2451 1703//2451
f 1750//2466 1751//2466 1752//2466
f 1752//2467 1751//2467 1753//2467
f 1752//2468 1753//2468 1754//2468
f 1755//2469 1756//2469 1750//2469
f 1750//2470 1756//2470 1751//2470
f 1756//2471 1757//2471 1751//2471
f 1751//2472 1757//2472 1758//2472
f 1751//2473 1758//2473 1759//2473
f 1759//2474 1753//2474 1751//2474
f 1760//2475 1761//2475 1762//2475
f 1762//2476 1761//2476 1763//2476
f 1762//2477 1763//2477 1764//2477
f 1765//2478 1766//2478 1760//2478
f 1760//2479 1766//2479 1761//2479
f 1762//2480 1764//2480 1767//2480
f 1767//2481 1764//2481 1768//2481
f 1767//2482 1768//2482 1769//2482
f 1769//2483 1768//2483 1770//2483
f 1769//2484 1770//2484 1771//2484
f 1771//2485 1770//2485 1772//2485
f 1771//2486 1772//2486 1773//2486
f 1773//2487 1772//2487 1774//2487
f 1773//2488 1774//2488 1775//2488
f 1775//2489 1774//2489 1776//2489
f 1776//2490 1774//2490 1777//2490
f 1776//2491 1777//2491 1778//2491
f 1778//2492 1777//2492 1779//2492
f 1779//2493 1777//2493 1780//2493
f 1779//2494 1780//2494 1781//2494
f 1781//2495 1780//2495 1782//2495
f 1781//2496 1782//2496 1783//2496
f 1783//2497 1782//2497 1784//2497
f 1784//2498 1782//2498 1785//2498
f 1785//2499 1782//2499 1786//2499
f 1786//2500 1782//2500 1787//2500
f 1786//2501 1787//2501 1788//2501
f 1788//2502 1787//2502 1789//2502
f 1789//2503 1787//2503 1790//2503
f 1790//2504 1787//2504 1791//2504
f 1791//2505 1787//2505 1792//2505
f 1792//2506 1787//2506 1793//2506
f 1783//2507 1794//2507 1781//2507
f 1781//2508 1794//2508 1795//2508
f 1795//2509 1794//2509 1796//2509
f 1796//2510 1794//2510 1797//2510
f 1797//2511 1794//2511 1798//2511
f 1798//2512 1794//2512 1799//2512
f 1799//2513 1794//2513 1800//2513
f 1800//2514 1794//2514 1759//2514
f 1759//2515 1794//2515 1753//2515
f 1753//2516 1794//2516 1754//2516
f 1754//2517 1794//2517 1801//2517
f 1754//2518 1801//2518 1802//2518
f 1802//2519 1801//2519 1803//2519
f 1802//2520 1803//2520 1804//2520
f 1802//2521 1804//2521 1805//2521
f 1805//2522 1804//2522 1806//2522
f 1805//2523 1806//2523 1807//2523
f 1807//2523 1808//2523 1805//2523
f 1809//2524 1810//2524 1811//2524
f 1811//2525 1810//2525 1812//2525
f 1811//2526 1812//2526 1813//2526
f 1813//2527 1812//2527 1814//2527
f 1813//2528 1814//2528 1815//2528
f 1809//2529 1816//2529 1810//2529
f 1810//2530 1816//2530 1817//2530
f 1810//2531 1817//2531 1818//2531
f 1818//2532 1819//2532 1810//2532
f 1810//2533 1819//2533 1820//2533
f 1810//2534 1820//2534 1755//2534
f 1755//2535 1750//2535 1810//2535
f 1810//2536 1750//2536 1752//2536
f 1810//2537 1752//2537 1821//2537
f 1821//2538 1752//2538 1822//2538
f 1821//2539 1822//2539 1823//2539
f 1823//2540 1822//2540 1824//2540
f 1824//2541 1822//2541 1825//2541
f 1824//2542 1825//2542 1826//2542
f 1826//2543 1825//2543 1827//2543
f 1827//2544 1825//2544 1828//2544
f 1827//2545 1828//2545 1829//2545
f 1827//2546 1829//2546 1830//2546
f 1830//2547 1829//2547 1831//2547
f 1830//2548 1831//2548 1832//2548
f 1832//2549 1833//2549 1830//2549
f 1815//2550 1834//2550 1813//2550
f 1813//2551 1834//2551 1835//2551
f 1835//2552 1834//2552 1836//2552
f 1835//2553 1836//2553 1837//2553
f 1837//2554 1838//2554 1835//2554
f 1835//2555 1838//2555 1839//2555
f 1835//2556 1839//2556 1840//2556
f 1840//2557 1841//2557 1835//2557
f 1835//2558 1841//2558 1842//2558
f 1813//2559 1843//2559 1811//2559
f 1811//2560 1843//2560 1844//2560
f 1844//2561 1843//2561 1845//2561
f 1844//2562 1845//2562 1846//2562
f 1846//2563 1845//2563 1847//2563
f 1847//2564 1845//2564 1848//2564
f 1847//2565 1848//2565 1849//2565
f 1849//2566 1848//2566 1850//2566
f 1850//2567 1848//2567 1851//2567
f 1850//2568 1851//2568 1852//2568
f 1852//2569 1851//2569 1853//2569
f 1852//2570 1853//2570 1854//2570
f 1854//2571 1853//2571 1855//2571
f 1854//2572 1855//2572 1856//2572
f 1854//2573 1856//2573 1857//2573
f 1857//2574 1856//2574 1858//2574
f 1857//2575 1858//2575 1859//2575
f 1859//2576 1860//2576 1857//2576
f 1857//2577 1860//2577 1861//2577
f 1861//2578 1860//2578 1862//2578
f 1861//2579 1862//2579 1863//2579
f 1863//2580 1862//2580 1864//2580
f 1864//2581 1862//2581 1865//2581
f 1865//2582 1862//2582 1866//2582
f 1867//2583 1868//2583 1869//2583
f 1828//2584 1870//2584 1808//2584
f 1808//2585 1870//2585 1871//2585
f 1808//2586 1871//2586 1872//2586
f 1872//2587 1871//2587 1828//2587
f 1872//2588 1828//2588 1873//2588
f 1873//2589 1828//2589 1825//2589
f 1873//2590 1825//2590 1874//2590
f 1874//2591 1825//2591 1875//2591
f 1874//2592 1875//2592 1805//2592
f 1805//2593 1875//2593 1876//2593
f 1805//2594 1876//2594 1877//2594
f 1877//2595 1876//2595 1825//2595
f 1877//2596 1825//2596 1878//2596
f 1878//2597 1825//2597 1879//2597
f 1878//2598 1879//2598 1805//2598
f 1805//2599 1879//2599 1880//2599
f 1805//2600 1880//2600 1881//2600
f 1881//2601 1880//2601 1825//2601
f 1881//2602 1825//2602 1822//2602
f 1752//2603 1882//2603 1822//2603
f 1822//2604 1882//2604 1883//2604
f 1822//2605 1883//2605 1884//2605
f 1884//2606 1883//2606 1802//2606
f 1884//2607 1802//2607 1885//2607
f 1885//2608 1802//2608 1886//2608
f 1885//2609 1886//2609 1822//2609
f 1822//2610 1886//2610 1887//2610
f 1822//2611 1887//2611 1888//2611
f 1888//2612 1887//2612 1802//2612
f 1888//2613 1802//2613 1889//2613
f 1889//2614 1802//2614 1890//2614
f 1889//2615 1890//2615 1822//2615
f 1822//2616 1890//2616 1891//2616
f 1822//2617 1891//2617 1892//2617
f 1892//2618 1891//2618 1802//2618
f 1892//2619 1802//2619 1893//2619
f 1893//2620 1802//2620 1894//2620
f 1893//2621 1894//2621 1822//2621
f 1822//2622 1894//2622 1895//2622
f 1822//2623 1895//2623 1896//2623
f 1896//2624 1895//2624 1802//2624
f 1896//2625 1802//2625 1881//2625
f 1881//2626 1802//2626 1805//2626
f 1754//2627 1897//2627 1752//2627
f 1752//2628 1897//2628 1898//2628
f 1752//2629 1898//2629 1899//2629
f 1899//2630 1898//2630 1754//2630
f 1899//2631 1754//2631 1900//2631
f 1900//2632 1754//2632 1901//2632
f 1900//2633 1901//2633 1752//2633
f 1752//2634 1901//2634 1902//2634
f 1752//2635 1902//2635 1903//2635
f 1903//2636 1902//2636 1754//2636
f 1903//2637 1754//2637 1882//2637
f 1882//2638 1754//2638 1802//2638
f 1882//2639 1802//2639 1883//2639
f 1874//2640 1805//2640 1873//2640
f 1873//2641 1805//2641 1808//2641
f 1873//2642 1808//2642 1872//2642
f 1754//2643 1898//2643 1897//2643
f 1899//2644 1900//2644 1752//2644
f 1754//2645 1902//2645 1901//2645
f 1884//2646 1885//2646 1822//2646
f 1802//2647 1887//2647 1886//2647
f 1888//2648 1889//2648 1822//2648
f 1891//2649 1890//2649 1802//2649
f 1893//2650 1822//2650 1892//2650
f 1881//2651 1822//2651 1896//2651
f 1825//2652 1880//2652 1879//2652
f 1895//2653 1894//2653 1802//2653
f 1877//2654 1878//2654 1805//2654
f 1875//2655 1825//2655 1876//2655
f 1828//2656 1871//2656 1870//2656
f 1752//2657 1903//2657 1882//2657
f 1760//2658 1864//2658 1765//2658
f 1765//2659 1864//2659 1865//2659
f 1765//2660 1865//2660 1866//2660
f 1762//2661 1861//2661 1760//2661
f 1760//2662 1861//2662 1863//2662
f 1760//2663 1863//2663 1864//2663
f 1904//2664 1765//2664 1905//2664
f 1905//2665 1765//2665 1866//2665
f 1905//2666 1866//2666 1906//2666
f 1906//2667 1866//2667 1907//2667
f 1906//2668 1908//2668 1905//2668
f 1905//2669 1908//2669 1904//2669
f 1765//2670 1904//2670 1808//2670
f 1808//2670 1904//2670 1908//2670
f 1808//2670 1908//2670 1909//2670
f 1909//2670 1908//2670 1906//2670
f 1909//2670 1906//2670 1907//2670
f 1910//2671 1911//2671 1912//2671
f 1912//2671 1911//2671 1913//2671
f 1911//2672 1914//2672 1913//2672
f 1913//2672 1914//2672 1915//2672
f 1914//2673 1916//2673 1915//2673
f 1915//2673 1916//2673 1917//2673
f 1916//2674 1918//2674 1917//2674
f 1917//2674 1918//2674 1919//2674
f 1919//2675 1918//2675 1920//2675
f 1919//2675 1920//2675 1921//2675
f 1921//2676 1920//2676 1922//2676
f 1921//2676 1922//2676 1923//2676
f 1923//2677 1922//2677 1924//2677
f 1923//2677 1924//2677 1925//2677
f 1925//2678 1924//2678 1926//2678
f 1925//2678 1926//2678 1927//2678
f 1927//2679 1926//2679 1928//2679
f 1927//2679 1928//2679 1929//2679
f 1929//2680 1928//2680 1930//2680
f 1929//2680 1930//2680 1931//2680
f 1931//2681 1930//2681 1932//2681
f 1931//2681 1932//2681 1933//2681
f 1932//2682 1934//2682 1933//2682
f 1933//2682 1934//2682 1935//2682
f 1934//2368 1936//2368 1935//2368
f 1935//2368 1936//2368 1937//2368
f 1936//2683 1938//2683 1937//2683
f 1937//2683 1938//2683 1939//2683
f 1938//2392 1940//2392 1939//2392
f 1939//2392 1940//2392 1941//2392
f 1940//2368 1942//2368 1941//2368
f 1941//2368 1942//2368 1943//2368
f 1942//2684 1944//2684 1943//2684
f 1943//2684 1944//2684 1945//2684
f 1945//2685 1944//2685 1946//2685
f 1945//2685 1946//2685 1947//2685
f 1947//2686 1946//2686 1948//2686
f 1947//2686 1948//2686 1949//2686
f 1949//2687 1948//2687 1950//2687
f 1949//2687 1950//2687 1951//2687
f 1951//2688 1950//2688 1952//2688
f 1951//2688 1952//2688 1953//2688
f 1953//2689 1952//2689 1954//2689
f 1953//2689 1954//2689 1955//2689
f 1955//2690 1954//2690 1956//2690
f 1955//2690 1956//2690 1957//2690
f 1957//2691 1956//2691 1958//2691
f 1957//2691 1958//2691 1959//2691
f 1959//2692 1958//2692 1960//2692
f 1959//2693 1960//2693 1961//2693
f 1961//2694 1960//2694 1962//2694
f 1961//2694 1962//2694 1963//2694
f 1962//2583 1964//2583 1963//2583
f 1963//2583 1964//2583 1965//2583
f 1964//2695 1966//2695 1965//2695
f 1965//2695 1966//2695 1967//2695
f 1967//2696 1966//2696 1968//2696
f 1967//2696 1968//2696 1969//2696
f 1969//2697 1968//2697 1970//2697
f 1969//2698 1970//2698 1971//2698
f 1971//2699 1970//2699 1972//2699
f 1971//2699 1972//2699 1973//2699
f 1973//2700 1972//2700 1974//2700
f 1973//2701 1974//2701 1975//2701
f 1975//2702 1974//2702 1976//2702
f 1975//2702 1976//2702 1977//2702
f 1977//2703 1976//2703 1978//2703
f 1977//2703 1978//2703 1979//2703
f 1979//2704 1978//2704 1980//2704
f 1979//2704 1980//2704 1981//2704
f 1981//2705 1980//2705 1982//2705
f 1981//2705 1982//2705 1983//2705
f 1983//2706 1982//2706 1984//2706
f 1983//2706 1984//2706 1985//2706
f 1985//2707 1984//2707 1986//2707
f 1985//2707 1986//2707 1987//2707
f 1987//2708 1986//2708 1988//2708
f 1987//2708 1988//2708 1989//2708
f 1989//2709 1988//2709 1990//2709
f 1989//2709 1990//2709 1991//2709
f 1991//2710 1990//2710 1992//2710
f 1991//2710 1992//2710 1993//2710
f 1993//2711 1992//2711 1994//2711
f 1993//2711 1994//2711 1995//2711
f 1995//2712 1994//2712 1996//2712
f 1995//2713 1996//2713 1997//2713
f 1997//2714 1996//2714 1998//2714
f 1997//2714 1998//2714 1999//2714
f 1999//2715 1998//2715 2000//2715
f 1999//2716 2000//2716 2001//2716
f 2000//2717 2002//2717 2001//2717
f 2001//2717 2002//2717 2003//2717
f 2002//2718 2004//2718 2003//2718
f 2003//2718 2004//2718 2005//2718
f 2005//2719 2004//2719 2006//2719
f 2005//2719 2006//2719 2007//2719
f 2007//2424 2006//2424 2008//2424
f 2007//2424 2008//2424 2009//2424
f 2009//2720 2008//2720 2010//2720
f 2009//2720 2010//2720 2011//2720
f 2011//2721 2010//2721 2012//2721
f 2011//2721 2012//2721 2013//2721
f 2013//2722 2012//2722 2014//2722
f 2013//2722 2014//2722 2015//2722
f 2015//2723 2014//2723 2016//2723
f 2015//2724 2016//2724 2017//2724
f 2016//2725 2018//2725 2017//2725
f 2017//2725 2018//2725 2019//2725
f 2018//2726 2020//2726 2019//2726
f 2019//2726 2020//2726 2021//2726
f 2021//2727 2020//2727 2022//2727
f 2021//2727 2022//2727 2023//2727
f 2023//2728 2022//2728 2024//2728
f 2023//2728 2024//2728 2025//2728
f 2025//2729 2024//2729 2026//2729
f 2025//2729 2026//2729 2027//2729
f 2027//2730 2026//2730 2028//2730
f 2027//2730 2028//2730 2029//2730
f 2030//2731 2031//2731 2032//2731
f 2032//2731 2031//2731 2033//2731
f 2032//2732 2033//2732 2034//2732
f 2034//2732 2033//2732 2035//2732
f 2034//2733 2035//2733 2036//2733
f 2036//2733 2035//2733 2037//2733
f 2036//2734 2037//2734 2038//2734
f 2038//2734 2037//2734 2039//2734
f 2038//2735 2039//2735 2040//2735
f 2040//2735 2039//2735 2041//2735
f 2041//2368 2042//2368 2040//2368
f 2040//2368 2042//2368 2043//2368
f 2042//2736 2044//2736 2043//2736
f 2043//2736 2044//2736 2045//2736
f 2045//2737 2044//2737 2046//2737
f 2045//2737 2046//2737 2047//2737
f 2047//2738 2046//2738 2048//2738
f 2047//2739 2048//2739 2049//2739
f 2049//2740 2048//2740 2050//2740
f 2049//2740 2050//2740 2051//2740
f 2051//2741 2050//2741 2052//2741
f 2051//2741 2052//2741 2053//2741
f 2053//2742 2052//2742 2054//2742
f 2053//2742 2054//2742 2055//2742
f 2055//2743 2054//2743 2056//2743
f 2055//2743 2056//2743 2057//2743
f 2057//2744 2056//2744 2058//2744
f 2057//2744 2058//2744 2059//2744
f 2059//2745 2058//2745 2060//2745
f 2059//2745 2060//2745 2061//2745
f 2061//2746 2060//2746 2062//2746
f 2061//2746 2062//2746 2063//2746
f 2063//2747 2062//2747 2064//2747
f 2063//2747 2064//2747 2065//2747
f 2065//2748 2064//2748 2066//2748
f 2065//2748 2066//2748 2067//2748
f 2066//2583 2068//2583 2067//2583
f 2067//2583 2068//2583 2069//2583
f 2069//2749 2068//2749 2070//2749
f 2070//2749 2068//2749 2071//2749
f 2070//2718 2071//2718 2072//2718
f 2072//2718 2071//2718 2073//2718
f 2072//2750 2073//2750 2074//2750
f 2074//2750 2073//2750 2075//2750
f 2074//2751 2075//2751 2076//2751
f 2076//2751 2075//2751 2077//2751
f 2076//2752 2077//2752 2078//2752
f 2078//2752 2077//2752 2079//2752
f 2078//2753 2079//2753 2080//2753
f 2080//2753 2079//2753 2081//2753
f 2080//2754 2081//2754 2082//2754
f 2082//2754 2081//2754 2083//2754
f 2084//2755 2085//2755 2086//2755
f 2086//2392 2087//2392 2084//2392
f 2084//2392 2087//2392 2088//2392
f 2088//2392 2087//2392 2089//2392
f 2088//2392 2089//2392 2090//2392
f 2090//2392 2089//2392 2091//2392
f 2090//2392 2091//2392 2092//2392
f 2092//2392 2091//2392 2093//2392
f 2092//2392 2093//2392 2094//2392
f 2094//2392 2093//2392 2095//2392
f 2094//2392 2095//2392 2096//2392
f 2096//2392 2095//2392 2097//2392
f 2096//2392 2097//2392 2098//2392
f 2098//2392 2097//2392 2099//2392
f 2098//2392 2099//2392 2100//2392
f 2100//2392 2099//2392 2101//2392
f 2100//2756 2101//2756 1766//2756
f 1766//2757 2101//2757 1862//2757
f 1862//2758 2102//2758 1766//2758
f 1766//2759 2102//2759 2103//2759
f 1766//2760 2103//2760 1761//2760
f 1761//2761 2103//2761 2104//2761
f 1761//2762 2104//2762 2105//2762
f 2105//2763 2104//2763 1860//2763
f 2105//2764 1860//2764 2106//2764
f 2106//2765 1860//2765 1859//2765
f 2106//2766 1859//2766 2107//2766
f 2107//2767 1859//2767 2108//2767
f 2107//2768 2108//2768 1761//2768
f 1761//2769 2108//2769 1763//2769
f 1763//2770 2108//2770 2109//2770
f 1763//2771 2109//2771 2110//2771
f 2110//2772 2109//2772 1859//2772
f 2110//2773 1859//2773 2111//2773
f 2111//2774 1859//2774 2112//2774
f 2111//2775 2112//2775 1763//2775
f 1763//2776 2112//2776 2113//2776
f 1763//2777 2113//2777 2114//2777
f 2114//2778 2113//2778 1858//2778
f 2114//2779 1858//2779 2115//2779
f 2115//2780 1858//2780 2116//2780
f 2115//2781 2116//2781 1764//2781
f 1764//2782 2116//2782 2117//2782
f 1764//2783 2117//2783 2118//2783
f 2118//2784 2117//2784 1858//2784
f 2118//2785 1858//2785 2119//2785
f 2119//2786 1858//2786 1856//2786
f 2119//2787 1856//2787 2120//2787
f 2120//2788 1856//2788 2121//2788
f 2120//2789 2121//2789 1764//2789
f 1764//2790 2121//2790 2122//2790
f 1764//2791 2122//2791 2123//2791
f 2123//2792 2122//2792 1856//2792
f 2123//2793 1856//2793 2124//2793
f 2124//2794 1856//2794 2125//2794
f 2124//2795 2125//2795 1768//2795
f 1768//2796 2125//2796 2126//2796
f 1768//2797 2126//2797 2127//2797
f 2127//2798 2126//2798 1856//2798
f 2127//2799 1856//2799 2128//2799
f 2128//2800 1856//2800 2129//2800
f 2128//2801 2129//2801 1768//2801
f 1768//2802 2129//2802 2130//2802
f 1768//2803 2130//2803 2131//2803
f 2131//2804 2130//2804 1855//2804
f 2131//2805 1855//2805 2132//2805
f 2132//2806 1855//2806 2133//2806
f 2132//2807 2133//2807 1770//2807
f 1770//2808 2133//2808 2134//2808
f 1770//2809 2134//2809 2135//2809
f 2135//2810 2134//2810 1855//2810
f 2135//2811 1855//2811 2136//2811
f 2136//2812 1855//2812 2137//2812
f 2136//2813 2137//2813 1770//2813
f 1770//2814 2137//2814 2138//2814
f 1770//2815 2138//2815 2139//2815
f 2139//2816 2138//2816 1855//2816
f 2139//2817 1855//2817 2140//2817
f 2140//2818 1855//2818 1853//2818
f 2140//2819 1853//2819 2141//2819
f 2141//2820 1853//2820 2142//2820
f 2141//2821 2142//2821 1770//2821
f 1770//2822 2142//2822 2143//2822
f 1770//2823 2143//2823 2144//2823
f 2144//2824 2143//2824 1853//2824
f 2144//2825 1853//2825 2145//2825
f 2145//2826 1853//2826 2146//2826
f 2145//2827 2146//2827 1770//2827
f 1770//2828 2146//2828 2147//2828
f 1770//2829 2147//2829 1772//2829
f 1772//2830 2147//2830 2148//2830
f 1772//2831 2148//2831 2149//2831
f 2149//2832 2148//2832 1853//2832
f 2149//2833 1853//2833 2150//2833
f 2150//2834 1853//2834 2151//2834
f 2150//2835 2151//2835 1772//2835
f 1772//2836 2151//2836 2152//2836
f 1772//2837 2152//2837 2153//2837
f 2153//2838 2152//2838 1853//2838
f 2153//2839 1853//2839 2154//2839
f 2154//2840 1853//2840 1851//2840
f 2154//2841 1851//2841 2155//2841
f 2155//2842 1851//2842 2156//2842
f 2155//2843 2156//2843 1772//2843
f 1772//2844 2156//2844 2157//2844
f 1772//2845 2157//2845 2158//2845
f 2158//2846 2157//2846 1851//2846
f 2158//2847 1851//2847 2159//2847
f 2159//2848 1851//2848 1772//2848
f 2159//2849 1772//2849 2158//2849
f 2102//2850 1862//2850 2103//2850
f 2103//2851 1862//2851 1860//2851
f 2103//2852 1860//2852 2104//2852
f 1859//2853 1858//2853 2112//2853
f 2112//2854 1858//2854 2113//2854
f 1856//2855 1855//2855 2129//2855
f 2129//2856 1855//2856 2130//2856
f 2132//2857 1770//2857 2131//2857
f 2131//2858 1770//2858 1768//2858
f 2124//2859 1768//2859 2123//2859
f 2123//2860 1768//2860 1764//2860
f 2115//2861 1764//2861 2114//2861
f 2114//2862 1764//2862 1763//2862
f 2157//2863 2156//2863 1851//2863
f 2151//2864 1853//2864 2152//2864
f 2146//2865 1853//2865 2147//2865
f 2147//2866 1853//2866 2148//2866
f 2142//2867 1853//2867 2143//2867
f 2154//2868 2155//2868 1772//2868
f 2154//2869 1772//2869 2153//2869
f 1770//2870 2139//2870 2140//2870
f 2150//2871 1772//2871 2149//2871
f 2138//2872 2137//2872 1855//2872
f 1770//2873 2135//2873 2136//2873
f 2144//2874 2145//2874 1770//2874
f 2140//2875 2141//2875 1770//2875
f 2134//2876 2133//2876 1855//2876
f 1856//2877 2126//2877 2125//2877
f 2127//2878 2128//2878 1768//2878
f 2121//2879 1856//2879 2122//2879
f 1858//2880 2117//2880 2116//2880
f 2119//2881 2120//2881 1764//2881
f 2118//2882 2119//2882 1764//2882
f 1763//2883 2110//2883 2111//2883
f 2109//2884 2108//2884 1859//2884
f 2106//2885 2107//2885 1761//2885
f 2105//2886 2106//2886 1761//2886
f 1851//2887 2160//2887 1772//2887
f 1772//2888 2160//2888 2161//2888
f 1772//2889 2161//2889 2162//2889
f 2162//2890 2161//2890 1851//2890
f 2162//2891 1851//2891 2163//2891
f 2163//2892 1851//2892 2164//2892
f 2163//2893 2164//2893 1772//2893
f 1772//2894 2164//2894 2165//2894
f 1772//2895 2165//2895 2166//2895
f 2166//2896 2165//2896 1851//2896
f 2166//2897 1851//2897 2167//2897
f 2167//2898 1851//2898 2168//2898
f 2167//2899 2168//2899 1772//2899
f 1772//2900 2168//2900 2169//2900
f 1772//2901 2169//2901 2170//2901
f 2170//2902 2169//2902 1851//2902
f 2170//2903 1851//2903 2171//2903
f 2171//2904 1851//2904 1848//2904
f 2171//2905 1848//2905 2172//2905
f 2172//2906 1848//2906 2173//2906
f 2172//2907 2173//2907 1774//2907
f 1774//2908 2173//2908 2174//2908
f 1774//2909 2174//2909 2175//2909
f 2175//2910 2174//2910 1848//2910
f 2175//2911 1848//2911 2176//2911
f 2176//2912 1848//2912 2177//2912
f 2176//2913 2177//2913 1774//2913
f 1774//2914 2177//2914 2178//2914
f 1774//2915 2178//2915 2179//2915
f 2179//2916 2178//2916 1848//2916
f 2179//2917 1848//2917 2180//2917
f 2180//2918 1848//2918 2181//2918
f 2180//2919 2181//2919 1774//2919
f 1774//2920 2181//2920 2182//2920
f 1774//2921 2182//2921 2183//2921
f 2183//2922 2182//2922 1848//2922
f 2183//2923 1848//2923 2184//2923
f 2184//2924 1848//2924 2185//2924
f 2184//2925 2185//2925 1774//2925
f 1774//2926 2185//2926 2186//2926
f 1774//2927 2186//2927 2187//2927
f 2187//2928 2186//2928 1848//2928
f 2187//2929 1848//2929 2188//2929
f 2188//2930 1848//2930 2189//2930
f 2188//2931 2189//2931 1774//2931
f 1774//2932 2189//2932 2190//2932
f 1774//2933 2190//2933 2191//2933
f 2191//2934 2190//2934 1848//2934
f 2191//2935 1848//2935 2192//2935
f 2192//2936 1848//2936 2193//2936
f 2192//2937 2193//2937 1774//2937
f 1774//2938 2193//2938 2194//2938
f 1774//2939 2194//2939 1777//2939
f 1777//2940 2194//2940 2195//2940
f 1777//2941 2195//2941 2196//2941
f 2196//2942 2195//2942 1845//2942
f 2196//2943 1845//2943 2197//2943
f 2197//2944 1845//2944 2198//2944
f 2197//2945 2198//2945 1777//2945
f 1777//2946 2198//2946 2199//2946
f 1777//2947 2199//2947 2200//2947
f 2200//2948 2199//2948 1845//2948
f 2200//2949 1845//2949 2201//2949
f 2201//2950 1845//2950 2202//2950
f 2201//2951 2202//2951 1777//2951
f 1777//2952 2202//2952 2203//2952
f 1777//2953 2203//2953 2204//2953
f 2204//2954 2203//2954 1845//2954
f 2204//2955 1845//2955 2205//2955
f 2205//2956 1845//2956 2206//2956
f 2205//2957 2206//2957 1777//2957
f 1777//2958 2206//2958 2207//2958
f 1777//2959 2207//2959 2208//2959
f 2208//2960 2207//2960 1845//2960
f 2208//2961 1845//2961 2209//2961
f 2209//2962 1845//2962 2210//2962
f 2209//2963 2210//2963 1777//2963
f 1777//2964 2210//2964 2211//2964
f 1777//2965 2211//2965 2212//2965
f 2212//2966 2211//2966 1845//2966
f 2212//2967 1845//2967 2213//2967
f 2213//2968 1845//2968 2214//2968
f 2213//2969 2214//2969 1777//2969
f 1777//2970 2214//2970 2215//2970
f 1777//2971 2215//2971 2216//2971
f 2216//2972 2215//2972 1845//2972
f 2216//2973 1845//2973 2217//2973
f 2217//2974 1845//2974 2218//2974
f 2217//2975 2218//2975 1777//2975
f 1777//2976 2218//2976 2219//2976
f 1777//2977 2219//2977 2220//2977
f 2220//2978 2219//2978 1845//2978
f 2220//2979 1845//2979 1843//2979
f 2193//2980 1848//2980 2194//2980
f 2194//2981 1848//2981 1845//2981
f 2194//2982 1845//2982 2195//2982
f 1813//2983 2221//2983 1843//2983
f 1843//2984 2221//2984 2222//2984
f 1843//2985 2222//2985 2223//2985
f 2223//2986 2222//2986 1780//2986
f 2223//2987 1780//2987 2224//2987
f 2224//2988 1780//2988 2225//2988
f 2224//2989 2225//2989 1843//2989
f 1843//2990 2225//2990 2226//2990
f 1843//2991 2226//2991 2227//2991
f 2227//2992 2226//2992 1780//2992
f 2227//2993 1780//2993 2228//2993
f 2228//2994 1780//2994 2229//2994
f 2228//2995 2229//2995 1843//2995
f 1843//2996 2229//2996 2230//2996
f 1843//2997 2230//2997 2231//2997
f 2231//2998 2230//2998 1780//2998
f 2231//2999 1780//2999 2232//2999
f 2232//3000 1780//3000 2233//3000
f 2232//3001 2233//3001 1843//3001
f 1843//3002 2233//3002 2234//3002
f 1843//3003 2234//3003 2235//3003
f 2235//3004 2234//3004 1780//3004
f 2235//3005 1780//3005 2236//3005
f 2236//3006 1780//3006 2237//3006
f 2236//3007 2237//3007 1843//3007
f 1843//3008 2237//3008 2238//3008
f 1843//3009 2238//3009 2239//3009
f 2239//3010 2238//3010 1780//3010
f 2239//3011 1780//3011 2240//3011
f 2240//3012 1780//3012 2241//3012
f 2240//3013 2241//3013 1843//3013
f 1843//3014 2241//3014 2242//3014
f 1843//3015 2242//3015 2243//3015
f 2243//3016 2242//3016 1780//3016
f 2243//3017 1780//3017 2244//3017
f 2244//3018 1780//3018 2220//3018
f 2244//3019 2220//3019 1843//3019
f 1782//3020 2245//3020 1813//3020
f 1813//3021 2245//3021 2246//3021
f 1813//3022 2246//3022 2247//3022
f 2247//3023 2246//3023 1782//3023
f 2247//3024 1782//3024 2248//3024
f 2248//3025 1782//3025 2249//3025
f 2248//3026 2249//3026 1813//3026
f 1813//3027 2249//3027 2250//3027
f 1813//3028 2250//3028 2251//3028
f 2251//3029 2250//3029 1782//3029
f 2251//3030 1782//3030 2252//3030
f 2252//3031 1782//3031 2253//3031
f 2252//3032 2253//3032 1813//3032
f 1813//3033 2253//3033 2254//3033
f 1813//3034 2254//3034 2221//3034
f 2221//3035 2254//3035 1780//3035
f 2221//3036 1780//3036 2222//3036
f 2253//3037 1782//3037 2254//3037
f 2254//3038 1782//3038 1780//3038
f 1780//3039 1777//3039 2220//3039
f 1774//3040 1772//3040 2172//3040
f 2172//3041 1772//3041 2171//3041
f 1782//3042 2246//3042 2245//3042
f 2247//3043 2248//3043 1813//3043
f 1782//3044 2250//3044 2249//3044
f 2251//3045 2252//3045 1813//3045
f 2224//3046 1843//3046 2223//3046
f 1780//3047 2226//3047 2225//3047
f 2228//3048 1843//3048 2227//3048
f 1780//3049 2230//3049 2229//3049
f 2231//3050 2232//3050 1843//3050
f 1843//3051 2235//3051 2236//3051
f 1843//3052 2239//3052 2240//3052
f 1843//3053 2243//3053 2244//3053
f 1845//3054 2219//3054 2218//3054
f 1845//3055 2215//3055 2214//3055
f 1845//3056 2211//3056 2210//3056
f 2233//3057 1780//3057 2234//3057
f 2237//3058 1780//3058 2238//3058
f 2241//3059 1780//3059 2242//3059
f 2217//3060 1777//3060 2216//3060
f 2213//3061 1777//3061 2212//3061
f 2209//3062 1777//3062 2208//3062
f 2206//3063 1845//3063 2207//3063
f 2202//3064 1845//3064 2203//3064
f 2198//3065 1845//3065 2199//3065
f 1774//3066 2191//3066 2192//3066
f 2190//3067 2189//3067 1848//3067
f 1774//3068 2187//3068 2188//3068
f 2186//3069 2185//3069 1848//3069
f 1774//3070 2183//3070 2184//3070
f 1777//3071 2204//3071 2205//3071
f 2200//3072 2201//3072 1777//3072
f 2196//3073 2197//3073 1777//3073
f 1848//3074 2182//3074 2181//3074
f 1774//3075 2179//3075 2180//3075
f 2178//3076 2177//3076 1848//3076
f 1774//3077 2175//3077 2176//3077
f 2174//3078 2173//3078 1848//3078
f 2168//3079 1851//3079 2169//3079
f 2164//3080 1851//3080 2165//3080
f 2160//3081 1851//3081 2161//3081
f 2170//3082 2171//3082 1772//3082
f 2166//3083 2167//3083 1772//3083
f 2162//3084 2163//3084 1772//3084
f 1813//3085 2255//3085 1782//3085
f 1782//3086 2255//3086 2256//3086
f 1782//3086 2256//3086 2257//3086
f 2257//3087 2256//3087 1813//3087
f 2257//3088 1813//3088 2258//3088
f 2258//3089 1813//3089 2259//3089
f 2258//3090 2259//3090 1782//3090
f 1782//3091 2259//3091 2260//3091
f 1782//3092 2260//3092 2261//3092
f 2261//3093 2260//3093 1813//3093
f 2261//3094 1813//3094 2262//3094
f 2262//3095 1813//3095 2263//3095
f 2262//3096 2263//3096 1782//3096
f 1782//3097 2263//3097 2264//3097
f 1782//3098 2264//3098 1787//3098
f 1787//3099 2264//3099 2265//3099
f 1787//3098 2265//3098 2266//3098
f 2266//3100 2265//3100 1835//3100
f 2266//3101 1835//3101 2267//3101
f 2267//3102 1835//3102 2268//3102
f 2267//3103 2268//3103 1787//3103
f 1787//3104 2268//3104 2269//3104
f 1787//3105 2269//3105 2270//3105
f 2270//3106 2269//3106 1835//3106
f 2270//3107 1835//3107 2271//3107
f 2271//3108 1835//3108 2272//3108
f 2271//3109 2272//3109 1787//3109
f 1787//3110 2272//3110 2273//3110
f 1787//3110 2273//3110 1835//3110
f 1835//3110 2273//3110 2272//3110
f 2263//3111 1813//3111 2264//3111
f 2264//3112 1813//3112 1835//3112
f 2264//3113 1835//3113 2265//3113
f 2268//3114 1835//3114 2269//3114
f 1782//3115 2261//3115 2262//3115
f 2260//3116 2259//3116 1813//3116
f 1782//3117 2257//3117 2258//3117
f 2271//3118 1787//3118 2270//3118
f 2267//3119 1787//3119 2266//3119
f 1813//3087 2256//3087 2255//3087
f 1835//3120 2274//3120 1787//3120
f 1787//3121 2274//3121 2275//3121
f 1787//3122 2275//3122 2276//3122
f 2276//3123 2275//3123 1835//3123
f 2276//3124 1835//3124 2277//3124
f 2277//3125 1835//3125 1842//3125
f 2277//3126 1842//3126 2278//3126
f 2278//3127 1842//3127 2279//3127
f 2278//3128 2279//3128 1793//3128
f 1793//3129 2279//3129 2280//3129
f 1793//3130 2280//3130 2281//3130
f 2281//3131 2280//3131 1842//3131
f 2281//3132 1842//3132 2282//3132
f 2282//3133 1842//3133 2283//3133
f 2282//3134 2283//3134 1793//3134
f 1793//3135 2283//3135 2284//3135
f 1793//3136 2284//3136 1792//3136
f 1792//3137 2284//3137 2285//3137
f 1792//3138 2285//3138 2286//3138
f 2286//3139 2285//3139 1841//3139
f 2286//3140 1841//3140 2287//3140
f 2287//3141 1841//3141 2288//3141
f 2287//3142 2288//3142 1792//3142
f 1792//3143 2288//3143 2289//3143
f 1792//3144 2289//3144 2290//3144
f 2290//3145 2289//3145 1841//3145
f 2290//3146 1841//3146 1840//3146
f 2283//3147 1842//3147 2284//3147
f 2284//3148 1842//3148 1841//3148
f 2284//3149 1841//3149 2285//3149
f 1839//3150 2291//3150 1840//3150
f 1840//3151 2291//3151 2292//3151
f 1840//3152 2292//3152 2290//3152
f 2290//3153 2292//3153 1791//3153
f 2290//3154 1791//3154 1792//3154
f 1838//3155 2293//3155 1839//3155
f 1839//3156 2293//3156 2294//3156
f 1839//3157 2294//3157 2295//3157
f 2295//3158 2294//3158 1790//3158
f 2295//3159 1790//3159 2296//3159
f 2296//3160 1790//3160 2291//3160
f 2296//3161 2291//3161 1839//3161
f 1837//3162 2297//3162 1838//3162
f 1838//3163 2297//3163 2298//3163
f 1838//3164 2298//3164 2293//3164
f 2293//3165 2298//3165 1789//3165
f 2293//3166 1789//3166 1790//3166
f 1836//3167 2299//3167 1837//3167
f 1837//3168 2299//3168 2300//3168
f 1837//3169 2300//3169 2301//3169
f 2301//3170 2300//3170 1788//3170
f 2301//3171 1788//3171 2302//3171
f 2302//3172 1788//3172 1789//3172
f 2302//3173 1789//3173 2297//3173
f 2297//3174 1789//3174 2298//3174
f 1834//3175 2303//3175 1836//3175
f 1836//3176 2303//3176 2304//3176
f 1836//3177 2304//3177 2299//3177
f 2299//3178 2304//3178 1788//3178
f 2299//3179 1788//3179 2300//3179
f 1815//3180 2305//3180 1834//3180
f 1834//3181 2305//3181 2306//3181
f 1834//3182 2306//3182 2307//3182
f 2307//3183 2306//3183 1786//3183
f 2307//3184 1786//3184 2308//3184
f 2308//3185 1786//3185 2303//3185
f 2308//3186 2303//3186 1834//3186
f 1814//3187 2309//3187 1815//3187
f 1815//3188 2309//3188 2310//3188
f 1815//3189 2310//3189 2311//3189
f 2311//3190 2310//3190 1785//3190
f 2311//3191 1785//3191 2312//3191
f 2312//3192 1785//3192 2313//3192
f 2312//3193 2313//3193 1815//3193
f 1815//3194 2313//3194 2305//3194
f 1812//3195 2314//3195 1814//3195
f 1814//3196 2314//3196 2315//3196
f 1814//3197 2315//3197 2316//3197
f 2316//3198 2315//3198 1784//3198
f 2316//3199 1784//3199 2317//3199
f 2317//3200 1784//3200 2318//3200
f 2317//3201 2318//3201 1814//3201
f 1814//3202 2318//3202 2319//3202
f 1814//3203 2319//3203 2320//3203
f 2320//3204 2319//3204 1784//3204
f 2320//3205 1784//3205 2309//3205
f 2309//3206 1784//3206 1785//3206
f 2309//3207 1785//3207 2310//3207
f 1810//3208 2321//3208 1812//3208
f 1812//3209 2321//3209 2322//3209
f 1812//3210 2322//3210 2323//3210
f 2323//3211 2322//3211 1783//3211
f 2323//3212 1783//3212 2324//3212
f 2324//3213 1783//3213 2325//3213
f 2324//3214 2325//3214 1812//3214
f 1812//3215 2325//3215 2326//3215
f 1812//3216 2326//3216 2327//3216
f 2327//3217 2326//3217 1783//3217
f 2327//3218 1783//3218 2328//3218
f 2328//3219 1783//3219 2329//3219
f 2328//3220 2329//3220 1812//3220
f 1812//3221 2329//3221 2330//3221
f 1812//3222 2330//3222 2331//3222
f 2331//3223 2330//3223 1783//3223
f 2331//3224 1783//3224 2332//3224
f 2332//3225 1783//3225 2333//3225
f 2332//3226 2333//3226 1812//3226
f 1812//3227 2333//3227 2334//3227
f 1812//3228 2334//3228 2335//3228
f 2335//3229 2334//3229 1783//3229
f 2335//3230 1783//3230 2336//3230
f 2336//3231 1783//3231 1784//3231
f 2336//3232 1784//3232 2337//3232
f 2337//3233 1784//3233 2338//3233
f 2337//3234 2338//3234 1812//3234
f 1812//3235 2338//3235 2339//3235
f 1812//3236 2339//3236 2314//3236
f 2314//3237 2339//3237 1784//3237
f 2314//3238 1784//3238 2315//3238
f 1794//3239 2340//3239 1810//3239
f 1810//3240 2340//3240 2341//3240
f 1810//3241 2341//3241 2321//3241
f 2321//3242 2341//3242 1783//3242
f 2321//3243 1783//3243 2322//3243
f 2340//3244 1794//3244 2341//3244
f 2341//3245 1794//3245 1783//3245
f 2313//3246 1785//3246 2305//3246
f 2305//3247 1785//3247 1786//3247
f 2305//3181 1786//3181 2306//3181
f 2303//3248 1786//3248 2304//3248
f 2304//3249 1786//3249 1788//3249
f 1790//3250 1791//3250 2291//3250
f 2291//3251 1791//3251 2292//3251
f 2278//3252 1793//3252 2277//3252
f 2277//3253 1793//3253 1787//3253
f 2277//3254 1787//3254 2276//3254
f 2324//3255 1812//3255 2323//3255
f 1783//3256 2326//3256 2325//3256
f 2328//3257 1812//3257 2327//3257
f 2332//3258 1812//3258 2331//3258
f 2337//3259 1812//3259 2336//3259
f 2336//3260 1812//3260 2335//3260
f 1784//3261 2339//3261 2338//3261
f 2317//3262 1814//3262 2316//3262
f 2329//3263 1783//3263 2330//3263
f 2333//3264 1783//3264 2334//3264
f 1784//3265 2319//3265 2318//3265
f 2312//3266 1815//3266 2311//3266
f 2308//3267 1834//3267 2307//3267
f 2301//3268 2302//3268 1837//3268
f 1837//3269 2302//3269 2297//3269
f 2296//3270 1839//3270 2295//3270
f 1790//3271 2294//3271 2293//3271
f 1841//3272 2289//3272 2288//3272
f 2287//3273 1792//3273 2286//3273
f 1793//3274 2281//3274 2282//3274
f 2279//3275 1842//3275 2280//3275
f 1835//3276 2275//3276 2274//3276
f 1814//3277 2320//3277 2309//3277
f 1810//3278 2342//3278 1794//3278
f 1794//3279 2342//3279 2343//3279
f 1794//3280 2343//3280 2344//3280
f 2344//3281 2343//3281 1810//3281
f 2344//3282 1810//3282 2345//3282
f 2345//3283 1810//3283 2346//3283
f 2345//3284 2346//3284 1794//3284
f 1794//3285 2346//3285 1801//3285
f 1801//3286 2346//3286 2347//3286
f 1801//3287 2347//3287 2348//3287
f 2348//3288 2347//3288 1821//3288
f 2348//3289 1821//3289 2349//3289
f 2349//3290 1821//3290 2350//3290
f 2349//3291 2350//3291 1801//3291
f 1801//3292 2350//3292 2351//3292
f 1801//3293 2351//3293 2352//3293
f 2352//3294 2351//3294 1821//3294
f 2352//3295 1821//3295 2353//3295
f 2353//3296 1821//3296 2354//3296
f 2353//3297 2354//3297 1801//3297
f 1801//3298 2354//3298 2355//3298
f 1801//3299 2355//3299 1803//3299
f 1803//3300 2355//3300 2356//3300
f 1803//3301 2356//3301 2357//3301
f 2357//3302 2356//3302 1823//3302
f 2357//3303 1823//3303 2358//3303
f 2358//3304 1823//3304 2359//3304
f 2358//3305 2359//3305 1803//3305
f 1803//3306 2359//3306 2360//3306
f 1803//3307 2360//3307 2361//3307
f 2361//3308 2360//3308 1823//3308
f 2361//3309 1823//3309 2362//3309
f 2362//3310 1823//3310 2363//3310
f 2362//3311 2363//3311 1803//3311
f 1803//3312 2363//3312 2364//3312
f 1803//3313 2364//3313 2365//3313
f 2365//3314 2364//3314 1823//3314
f 2365//3315 1823//3315 1824//3315
f 1810//3316 1821//3316 2346//3316
f 2346//3317 1821//3317 2347//3317
f 1823//3318 2356//3318 1821//3318
f 1821//3319 2356//3319 2355//3319
f 1821//3320 2355//3320 2354//3320
f 1826//3321 2366//3321 1824//3321
f 1824//3322 2366//3322 2367//3322
f 1824//3323 2367//3323 2368//3323
f 2368//3324 2367//3324 1804//3324
f 2368//3325 1804//3325 2369//3325
f 2369//3326 1804//3326 1803//3326
f 2369//3327 1803//3327 2370//3327
f 2370//3328 1803//3328 2365//3328
f 2370//3329 2365//3329 1824//3329
f 1827//3330 2371//3330 1826//3330
f 1826//3331 2371//3331 2372//3331
f 1826//3332 2372//3332 2373//3332
f 2373//3333 2372//3333 1804//3333
f 2373//3334 1804//3334 2374//3334
f 2374//3335 1804//3335 2366//3335
f 2374//3336 2366//3336 1826//3336
f 1830//3337 2375//3337 1827//3337
f 1827//3338 2375//3338 2376//3338
f 1827//3339 2376//3339 2377//3339
f 2377//3340 2376//3340 1806//3340
f 2377//3341 1806//3341 1804//3341
f 1806//3342 2378//3342 1830//3342
f 1830//3343 2378//3343 2379//3343
f 1830//3344 2379//3344 2375//3344
f 2375//3345 2379//3345 1806//3345
f 2375//3346 1806//3346 2376//3346
f 1806//3347 2379//3347 2378//3347
f 1827//3348 2377//3348 2380//3348
f 2380//3349 2377//3349 1804//3349
f 2380//3350 1804//3350 2381//3350
f 2381//3351 1804//3351 2371//3351
f 2381//3352 2371//3352 1827//3352
f 2381//3353 1827//3353 2380//3353
f 1804//3354 2372//3354 2371//3354
f 1826//3355 2373//3355 2374//3355
f 2368//3356 2369//3356 1824//3356
f 1824//3357 2369//3357 2370//3357
f 2366//3358 1804//3358 2367//3358
f 1823//3359 2364//3359 2363//3359
f 2361//3309 2362//3309 1803//3309
f 2359//3360 1823//3360 2360//3360
f 2357//3361 2358//3361 1803//3361
f 1821//3362 2351//3362 2350//3362
f 2353//3363 1801//3363 2352//3363
f 2342//3364 1810//3364 2343//3364
f 1801//3365 2348//3365 2349//3365
f 2344//3366 2345//3366 1794//3366
f 1830//3367 2382//3367 1806//3367
f 1806//3368 2382//3368 2383//3368
f 1806//3367 2383//3367 2384//3367
f 1830//3367 1833//3367 2382//3367
f 2384//3368 1807//3368 1806//3368
f 1829//3369 1807//3369 2385//3369
f 2385//3370 1807//3370 2384//3370
f 2385//3371 2384//3371 2383//3371
f 2385//3372 2383//3372 1832//3372
f 1832//3372 2383//3372 2382//3372
f 1832//3373 2382//3373 1833//3373
f 1832//3370 1831//3370 2385//3370
f 2385//3369 1831//3369 1829//3369
f 1807//2725 1829//2725 2386//2725
f 2386//2725 1829//2725 2387//2725
f 2386//2725 2387//2725 2388//2725
f 2388//2725 2387//2725 2389//2725
f 2388//2725 2389//2725 2390//2725
f 2390//2725 2389//2725 2391//2725
f 2390//2725 2391//2725 2392//2725
f 2392//2725 2391//2725 2393//2725
f 2392//2725 2393//2725 2394//2725
f 2394//2725 2393//2725 2395//2725
f 2394//2725 2395//2725 2396//2725
f 2396//2725 2395//2725 2397//2725
f 2396//2725 2397//2725 2398//2725
f 2398//2725 2397//2725 2399//2725
f 2398//2725 2399//2725 2400//2725
f 2400//2725 2399//2725 2401//2725
f 2400//3374 2401//3374 1868//3374
f 1868//3375 2401//3375 1869//3375
f 2400//2368 1868//2368 2402//2368
f 1867//3376 2403//3376 1868//3376
f 1868//3376 2403//3376 2404//3376
f 1868//3376 2404//3376 2402//3376
f 2403//3377 2405//3377 2404//3377
f 2404//3377 2405//3377 2406//3377
f 2406//3378 2405//3378 2407//3378
f 2406//3378 2407//3378 2408//3378
f 2408//3379 2407//3379 2409//3379
f 2408//3379 2409//3379 2410//3379
f 2410//3380 2409//3380 2411//3380
f 2410//3380 2411//3380 2412//3380
f 2412//3381 2411//3381 2413//3381
f 2412//3381 2413//3381 2414//3381
f 2414//3382 2413//3382 2415//3382
f 2414//3382 2415//3382 2416//3382
f 2415//3383 2417//3383 2416//3383
f 2416//3383 2417//3383 2418//3383
f 2418//3384 2417//3384 2419//3384
f 2418//3384 2419//3384 2420//3384
f 2420//3385 2419//3385 2421//3385
f 2420//3385 2421//3385 2422//3385
f 2422//3386 2421//3386 2423//3386
f 2422//3386 2423//3386 2424//3386
f 2423//3387 2425//3387 2424//3387
f 2424//3387 2425//3387 2426//3387
f 2426//3388 2425//3388 2427//3388
f 2426//3388 2427//3388 2428//3388
f 2428//3389 2427//3389 2429//3389
f 2428//3389 2429//3389 2430//3389
f 2430//3390 2429//3390 2431//3390
f 2430//3390 2431//3390 2432//3390
f 2432//3391 2431//3391 2433//3391
f 2432//3392 2433//3392 2434//3392
f 2434//3393 2433//3393 2435//3393
f 2434//3393 2435//3393 2436//3393
f 2436//3394 2435//3394 2437//3394
f 2436//3394 2437//3394 2438//3394
f 2437//3395 2439//3395 2438//3395
f 2438//3395 2439//3395 2440//3395
f 2439//3396 2441//3396 2440//3396
f 2440//3396 2441//3396 2442//3396
f 2442//3397 2441//3397 2443//3397
f 2442//3397 2443//3397 2444//3397
f 2444//3398 2443//3398 2445//3398
f 2444//3398 2445//3398 2446//3398
f 2446//3399 2445//3399 2447//3399
f 2446//3399 2447//3399 2448//3399
f 2448//3400 2447//3400 2449//3400
f 2448//3400 2449//3400 2450//3400
f 2450//3401 2449//3401 2451//3401
f 2450//3402 2451//3402 2452//3402
f 2452//3403 2451//3403 2453//3403
f 2452//3403 2453//3403 2454//3403
f 2453//3404 2455//3404 2454//3404
f 2454//3404 2455//3404 2456//3404
f 2457//2428 2458//2428 2459//2428
f 2459//2428 2458//2428 2460//2428
f 2459//2451 2460//2451 2461//2451
f 2461//2451 2460//2451 2462//2451
f 2461//2463 2462//2463 2463//2463
f 2463//2450 2462//2450 2464//2450
f 2463//2449 2464//2449 2465//2449
f 2465//2449 2464//2449 2466//2449
f 2465//2448 2466//2448 2467//2448
f 2467//2448 2466//2448 2468//2448
f 2467//2447 2468//2447 2469//2447
f 2469//2447 2468//2447 2470//2447
f 2470//2368 2471//2368 2469//2368
f 2469//2368 2471//2368 2472//2368
f 2472//2446 2471//2446 2473//2446
f 2473//2446 2471//2446 2474//2446
f 2473//2445 2474//2445 2475//2445
f 2475//2445 2474//2445 2476//2445
f 2475//2444 2476//2444 2477//2444
f 2477//2444 2476//2444 2478//2444
f 2477//2443 2478//2443 2479//2443
f 2479//3405 2478//3405 2480//3405
f 2479//2442 2480//2442 2481//2442
f 2481//2442 2480//2442 2482//2442
f 2481//2441 2482//2441 2483//2441
f 2483//2441 2482//2441 2484//2441
f 2484//2392 2485//2392 2483//2392
f 2483//2392 2485//2392 2486//2392
f 2486//2440 2485//2440 2487//2440
f 2487//2440 2485//2440 2488//2440
f 2487//2439 2488//2439 2489//2439
f 2489//2439 2488//2439 2490//2439
f 2489//2438 2490//2438 2491//2438
f 2491//3406 2490//3406 2492//3406
f 2491//2437 2492//2437 2493//2437
f 2493//2437 2492//2437 2494//2437
f 2493//2436 2494//2436 2495//2436
f 2495//2436 2494//2436 2496//2436
f 2495//2435 2496//2435 2497//2435
f 2497//2435 2496//2435 2498//2435
f 2498//2583 2499//2583 2497//2583
f 2497//2583 2499//2583 2500//2583
f 2500//3407 2499//3407 2501//3407
f 2501//3407 2499//3407 2502//3407
f 2501//3408 2502//3408 2503//3408
f 2503//3408 2502//3408 2504//3408
f 2503//3409 2504//3409 2505//3409
f 2505//3409 2504//3409 2506//3409
f 2505//3410 2506//3410 2507//3410
f 2507//3410 2506//3410 2508//3410
f 2507//3411 2508//3411 2509//3411
f 2509//3411 2508//3411 2510//3411
f 2509//3412 2510//3412 2511//3412
f 2511//3412 2510//3412 2512//3412
f 1808//3413 1909//3413 2513//3413
f 2513//3414 1909//3414 1828//3414
f 2513//3415 1828//3415 1808//3415
f 2512//2725 2458//2725 2511//2725
f 2511//2725 2458//2725 2457//2725
f 2455//2368 2085//2368 2456//2368
f 2456//2368 2085//2368 2084//2368
f 2083//2725 2031//2725 2082//2725
f 2082//2725 2031//2725 2030//2725
f 2028//3416 2514//3416 2029//3416
f 2029//3416 2514//3416 2515//3416
f 2515//3417 2514//3417 2516//3417
f 2515//3417 2516//3417 2517//3417
f 2517//3418 2516//3418 2518//3418
f 2517//3418 2518//3418 2519//3418
f 2519//3419 2518//3419 2520//3419
f 2519//3419 2520//3419 2521//3419
f 2521//3420 2520//3420 2522//3420
f 2521//3420 2522//3420 2523//3420
f 2523//3421 2522//3421 1910//3421
f 2523//3421 1910//3421 1912//3421
f 2456//3422 2457//3422 2454//3422
f 2454//3422 2457//3422 2459//3422
f 2454//3422 2459//3422 2461//3422
f 2084//3422 1475//3422 2456//3422
f 2456//3422 1475//3422 1473//3422
f 2456//3422 1473//3422 1471//3422
f 2400//3422 1381//3422 2084//3422
f 2084//3422 1381//3422 1379//3422
f 2084//3422 1379//3422 1377//3422
f 2402//3422 2061//3422 2400//3422
f 2400//3422 2061//3422 2063//3422
f 2400//3422 2063//3422 2065//3422
f 2061//3422 2402//3422 2059//3422
f 2059//3422 2402//3422 2404//3422
f 2059//3422 2404//3422 2057//3422
f 2057//3422 2404//3422 2055//3422
f 2055//3422 2404//3422 2053//3422
f 2053//3422 2404//3422 2051//3422
f 2051//3422 2404//3422 2406//3422
f 2051//3422 2406//3422 2049//3422
f 2049//3422 2406//3422 2047//3422
f 2047//3422 2406//3422 1531//3422
f 2047//3422 1531//3422 2045//3422
f 2045//3422 1531//3422 1529//3422
f 2045//3422 1529//3422 1527//3422
f 2408//3422 1539//3422 2406//3422
f 2406//3422 1539//3422 1537//3422
f 2406//3422 1537//3422 1535//3422
f 2410//3422 1955//3422 2408//3422
f 2408//3422 1955//3422 1957//3422
f 2408//3422 1957//3422 1959//3422
f 2412//3422 1949//3422 2410//3422
f 2410//3422 1949//3422 1951//3422
f 2410//3422 1951//3422 1953//3422
f 1949//3422 2412//3422 1947//3422
f 1947//3422 2412//3422 2414//3422
f 1947//3422 2414//3422 2416//3422
f 1947//3422 2416//3422 1945//3422
f 1945//3422 2416//3422 2418//3422
f 1945//3422 2418//3422 1943//3422
f 1943//3422 2418//3422 2420//3422
f 1943//3422 2420//3422 2422//3422
f 1943//3422 2422//3422 1939//3422
f 1939//3422 2422//3422 2424//3422
f 1939//3422 2424//3422 1937//3422
f 1937//3422 2424//3422 2426//3422
f 1937//3422 2426//3422 1933//3422
f 1933//3422 2426//3422 1931//3422
f 1931//3422 2426//3422 1929//3422
f 1929//3422 2426//3422 2428//3422
f 1929//3422 2428//3422 1927//3422
f 1927//3422 2428//3422 1925//3422
f 1925//3422 2428//3422 2430//3422
f 1925//3422 2430//3422 1923//3422
f 1923//3422 2430//3422 2432//3422
f 1923//3422 2432//3422 2434//3422
f 2436//3422 2438//3422 2434//3422
f 2434//3422 2438//3422 1923//3422
f 2440//3422 1915//3422 2438//3422
f 2438//3422 1915//3422 1917//3422
f 2438//3422 1917//3422 1919//3422
f 2442//3422 2444//3422 2440//3422
f 2440//3422 2444//3422 2446//3422
f 2440//3422 2446//3422 2448//3422
f 2448//3422 2450//3422 2440//3422
f 2440//3422 2450//3422 2452//3422
f 2440//3422 2452//3422 1747//3422
f 1747//3422 2452//3422 2454//3422
f 1747//3422 2454//3422 1749//3422
f 1749//3422 2454//3422 1703//3422
f 1703//3422 2454//3422 1705//3422
f 1705//3422 2454//3422 1707//3422
f 1707//3422 2454//3422 1709//3422
f 1709//3422 2454//3422 2463//3422
f 1709//3422 2463//3422 2465//3422
f 2070//3422 1431//3422 2069//3422
f 2069//3422 1431//3422 2400//3422
f 2069//3422 2400//3422 2067//3422
f 2067//3422 2400//3422 2065//3422
f 1431//3422 2070//3422 1433//3422
f 1433//3422 2070//3422 2072//3422
f 1433//3422 2072//3422 1435//3422
f 1435//3422 2072//3422 1437//3422
f 1437//3422 2072//3422 2074//3422
f 1437//3422 2074//3422 1439//3422
f 1439//3422 2074//3422 2076//3422
f 1439//3422 2076//3422 1441//3422
f 1441//3422 2076//3422 1443//3422
f 1443//3422 2076//3422 2078//3422
f 1443//3422 2078//3422 1445//3422
f 1445//3422 2078//3422 2080//3422
f 1445//3422 2080//3422 1447//3422
f 1447//3422 2080//3422 2082//3422
f 1447//3422 2082//3422 1449//3422
f 1449//3422 2082//3422 1451//3422
f 1451//3422 2082//3422 1453//3422
f 1453//3422 2082//3422 2030//3422
f 1453//3422 2030//3422 1591//3422
f 1591//3422 2030//3422 1593//3422
f 1593//3422 2030//3422 1595//3422
f 1595//3422 2030//3422 1597//3422
f 1597//3422 2030//3422 2032//3422
f 1597//3422 2032//3422 1599//3422
f 1599//3422 2032//3422 2003//3422
f 1599//3422 2003//3422 1339//3422
f 1339//3422 2003//3422 1341//3422
f 1341//3422 2003//3422 1343//3422
f 1343//3422 2003//3422 1345//3422
f 1345//3422 2003//3422 1347//3422
f 1347//3422 2003//3422 2005//3422
f 1347//3422 2005//3422 1349//3422
f 1349//3422 2005//3422 2007//3422
f 1349//3422 2007//3422 1351//3422
f 1351//3422 2007//3422 2009//3422
f 1351//3422 2009//3422 1353//3422
f 1353//3422 2009//3422 2011//3422
f 1353//3422 2011//3422 2013//3422
f 2032//3422 2034//3422 2003//3422
f 2003//3422 2034//3422 2001//3422
f 2001//3422 2034//3422 2036//3422
f 2001//3422 2036//3422 1981//3422
f 1981//3422 2036//3422 2038//3422
f 1981//3422 2038//3422 1979//3422
f 1979//3422 2038//3422 1977//3422
f 1977//3422 2038//3422 2040//3422
f 1977//3422 2040//3422 1975//3422
f 1975//3422 2040//3422 1511//3422
f 1975//3422 1511//3422 1557//3422
f 2043//3422 1521//3422 2040//3422
f 2040//3422 1521//3422 1519//3422
f 2040//3422 1519//3422 1517//3422
f 2045//3422 1527//3422 2043//3422
f 2043//3422 1527//3422 1525//3422
f 2043//3422 1525//3422 1523//3422
f 1467//3422 1465//3422 2456//3422
f 2456//3422 1465//3422 1463//3422
f 2456//3422 1463//3422 2457//3422
f 2457//3422 1463//3422 1509//3422
f 2457//3422 1509//3422 2511//3422
f 2511//3422 1509//3422 1507//3422
f 2511//3422 1507//3422 2509//3422
f 2509//3422 1507//3422 1505//3422
f 2509//3422 1505//3422 2507//3422
f 2507//3422 1505//3422 1503//3422
f 2507//3422 1503//3422 2505//3422
f 2505//3422 1503//3422 1501//3422
f 2505//3422 1501//3422 2503//3422
f 2503//3422 1501//3422 1499//3422
f 2503//3422 1499//3422 1497//3422
f 2503//3422 1497//3422 2501//3422
f 2501//3422 1497//3422 1495//3422
f 2501//3422 1495//3422 1493//3422
f 2501//3422 1493//3422 2500//3422
f 2500//3422 1493//3422 1491//3422
f 2500//3422 1491//3422 1489//3422
f 1489//3422 1487//3422 2500//3422
f 2500//3422 1487//3422 1485//3422
f 2500//3422 1485//3422 2497//3422
f 2497//3422 1485//3422 1483//3422
f 2497//3422 1483//3422 1481//3422
f 2497//3422 1481//3422 2084//3422
f 2084//3422 1481//3422 1479//3422
f 2084//3422 1479//3422 1477//3422
f 1477//3422 1475//3422 2084//3422
f 1471//3422 1469//3422 2456//3422
f 2456//3422 1469//3422 1467//3422
f 1415//3422 1577//3422 1417//3422
f 1417//3422 1577//3422 1575//3422
f 1417//3422 1575//3422 1393//3422
f 1393//3422 1575//3422 1395//3422
f 1395//3422 1575//3422 1573//3422
f 1395//3422 1573//3422 1397//3422
f 1397//3422 1573//3422 1571//3422
f 1397//3422 1571//3422 1399//3422
f 1399//3422 1571//3422 1569//3422
f 1399//3422 1569//3422 1401//3422
f 1401//3422 1569//3422 1567//3422
f 1401//3422 1567//3422 1403//3422
f 1403//3422 1567//3422 1565//3422
f 1403//3422 1565//3422 1405//3422
f 1405//3422 1565//3422 1563//3422
f 1405//3422 1563//3422 1407//3422
f 1407//3422 1563//3422 1561//3422
f 1407//3422 1561//3422 1409//3422
f 1409//3422 1561//3422 1559//3422
f 1409//3422 1559//3422 1605//3422
f 1577//3422 1415//3422 1579//3422
f 1579//3422 1415//3422 1461//3422
f 1579//3422 1461//3422 1581//3422
f 1581//3422 1461//3422 1459//3422
f 1581//3422 1459//3422 1583//3422
f 1583//3422 1459//3422 1457//3422
f 1583//3422 1457//3422 1585//3422
f 1585//3422 1457//3422 1455//3422
f 1585//3422 1455//3422 1587//3422
f 1587//3422 1455//3422 1589//3422
f 1589//3422 1455//3422 1453//3422
f 1589//3422 1453//3422 1591//3422
f 1431//3422 1429//3422 2400//3422
f 2400//3422 1429//3422 1381//3422
f 1381//3422 1429//3422 1383//3422
f 1383//3422 1429//3422 1427//3422
f 1383//3422 1427//3422 1385//3422
f 1385//3422 1427//3422 1425//3422
f 1385//3422 1425//3422 1387//3422
f 1387//3422 1425//3422 1423//3422
f 1387//3422 1423//3422 1389//3422
f 1389//3422 1423//3422 1421//3422
f 1389//3422 1421//3422 1391//3422
f 1391//3422 1421//3422 1419//3422
f 1391//3422 1419//3422 1393//3422
f 1393//3422 1419//3422 1417//3422
f 1371//3422 1369//3422 2491//3422
f 2491//3422 1369//3422 1367//3422
f 2491//3422 1367//3422 2489//3422
f 2489//3422 1367//3422 1413//3422
f 2489//3422 1413//3422 2487//3422
f 2487//3422 1413//3422 1411//3422
f 2487//3422 1411//3422 2486//3422
f 2486//3422 1411//3422 1605//3422
f 2486//3422 1605//3422 1603//3422
f 1411//3422 1409//3422 1605//3422
f 2084//3422 1377//3422 2495//3422
f 2495//3422 1377//3422 1375//3422
f 2495//3422 1375//3422 2493//3422
f 2493//3422 1375//3422 1373//3422
f 2493//3422 1373//3422 1371//3422
f 2493//3422 1371//3422 2491//3422
f 1319//3422 1637//3422 1321//3422
f 1321//3422 1637//3422 1635//3422
f 1321//3422 1635//3422 1323//3422
f 1323//3422 1635//3422 1633//3422
f 1323//3422 1633//3422 1325//3422
f 1325//3422 1633//3422 1631//3422
f 1325//3422 1631//3422 1327//3422
f 1327//3422 1631//3422 1629//3422
f 1327//3422 1629//3422 2475//3422
f 2475//3422 1629//3422 1627//3422
f 2475//3422 1627//3422 2473//3422
f 2473//3422 1627//3422 1625//3422
f 2473//3422 1625//3422 2472//3422
f 2472//3422 1625//3422 1623//3422
f 2472//3422 1623//3422 1621//3422
f 1637//3422 1319//3422 1639//3422
f 1639//3422 1319//3422 1365//3422
f 1639//3422 1365//3422 1641//3422
f 1641//3422 1365//3422 1363//3422
f 1641//3422 1363//3422 1643//3422
f 1643//3422 1363//3422 1361//3422
f 1643//3422 1361//3422 1719//3422
f 1719//3422 1361//3422 1359//3422
f 1719//3422 1359//3422 1721//3422
f 1721//3422 1359//3422 2017//3422
f 1721//3422 2017//3422 1723//3422
f 1723//3422 2017//3422 2019//3422
f 1723//3422 2019//3422 1725//3422
f 1725//3422 2019//3422 1727//3422
f 1727//3422 2019//3422 2021//3422
f 1727//3422 2021//3422 1285//3422
f 1285//3422 2021//3422 2023//3422
f 1285//3422 2023//3422 1287//3422
f 1287//3422 2023//3422 2025//3422
f 1287//3422 2025//3422 1665//3422
f 1665//3422 2025//3422 1667//3422
f 1667//3422 2025//3422 2027//3422
f 1667//3422 2027//3422 1669//3422
f 1669//3422 2027//3422 1671//3422
f 1671//3422 2027//3422 2029//3422
f 1671//3422 2029//3422 1673//3422
f 1673//3422 2029//3422 2515//3422
f 1673//3422 2515//3422 1675//3422
f 1675//3422 2515//3422 2517//3422
f 1675//3422 2517//3422 1677//3422
f 1677//3422 2517//3422 2519//3422
f 1677//3422 2519//3422 1679//3422
f 1679//3422 2519//3422 2521//3422
f 1679//3422 2521//3422 1681//3422
f 1681//3422 2521//3422 2523//3422
f 1681//3422 2523//3422 1912//3422
f 1359//3422 1357//3422 2017//3422
f 2017//3422 1357//3422 2015//3422
f 2015//3422 1357//3422 1355//3422
f 2015//3422 1355//3422 2013//3422
f 2013//3422 1355//3422 1353//3422
f 1339//3422 1337//3422 1599//3422
f 1599//3422 1337//3422 1601//3422
f 1601//3422 1337//3422 1335//3422
f 1601//3422 1335//3422 1603//3422
f 1603//3422 1335//3422 2486//3422
f 1335//3422 1333//3422 2486//3422
f 2486//3422 1333//3422 2483//3422
f 2483//3422 1333//3422 1331//3422
f 2483//3422 1331//3422 2481//3422
f 2481//3422 1331//3422 1329//3422
f 2481//3422 1329//3422 2479//3422
f 2479//3422 1329//3422 2477//3422
f 2477//3422 1329//3422 1327//3422
f 2477//3422 1327//3422 2475//3422
f 1271//3422 1733//3422 1273//3422
f 1273//3422 1733//3422 1731//3422
f 1273//3422 1731//3422 1275//3422
f 1275//3422 1731//3422 1277//3422
f 1277//3422 1731//3422 1279//3422
f 1279//3422 1731//3422 1729//3422
f 1279//3422 1729//3422 1281//3422
f 1281//3422 1729//3422 1283//3422
f 1283//3422 1729//3422 1727//3422
f 1283//3422 1727//3422 1285//3422
f 1271//3422 1317//3422 1733//3422
f 1733//3422 1317//3422 1735//3422
f 1735//3422 1317//3422 1315//3422
f 1735//3422 1315//3422 1313//3422
f 1735//3422 1313//3422 1737//3422
f 1737//3422 1313//3422 1311//3422
f 1737//3422 1311//3422 1309//3422
f 1307//3422 1697//3422 1309//3422
f 1309//3422 1697//3422 1695//3422
f 1309//3422 1695//3422 1739//3422
f 1739//3422 1695//3422 1693//3422
f 1739//3422 1693//3422 1741//3422
f 1741//3422 1693//3422 2440//3422
f 1741//3422 2440//3422 1743//3422
f 1743//3422 2440//3422 1745//3422
f 1745//3422 2440//3422 1747//3422
f 1697//3422 1307//3422 1699//3422
f 1699//3422 1307//3422 1305//3422
f 1699//3422 1305//3422 1701//3422
f 1701//3422 1305//3422 1303//3422
f 1701//3422 1303//3422 1301//3422
f 1701//3422 1301//3422 1655//3422
f 1655//3422 1301//3422 1299//3422
f 1655//3422 1299//3422 1657//3422
f 1657//3422 1299//3422 1297//3422
f 1657//3422 1297//3422 1659//3422
f 1659//3422 1297//3422 1295//3422
f 1659//3422 1295//3422 1661//3422
f 1661//3422 1295//3422 1293//3422
f 1661//3422 1293//3422 1291//3422
f 1661//3422 1291//3422 1663//3422
f 1663//3422 1291//3422 1289//3422
f 1663//3422 1289//3422 1665//3422
f 1665//3422 1289//3422 1287//3422
f 1913//3422 1685//3422 1912//3422
f 1912//3422 1685//3422 1683//3422
f 1912//3422 1683//3422 1681//3422
f 1915//3422 1689//3422 1913//3422
f 1913//3422 1689//3422 1687//3422
f 1913//3422 1687//3422 1685//3422
f 1919//3422 1921//3422 2438//3422
f 2438//3422 1921//3422 1923//3422
f 1933//3422 1935//3422 1937//3422
f 1939//3422 1941//3422 1943//3422
f 1953//3422 1955//3422 2410//3422
f 1961//3422 1549//3422 1959//3422
f 1959//3422 1549//3422 1547//3422
f 1959//3422 1547//3422 2408//3422
f 2408//3422 1547//3422 1545//3422
f 2408//3422 1545//3422 1543//3422
f 1961//3422 1963//3422 1549//3422
f 1549//3422 1963//3422 1551//3422
f 1551//3422 1963//3422 1969//3422
f 1551//3422 1969//3422 1553//3422
f 1553//3422 1969//3422 1971//3422
f 1553//3422 1971//3422 1555//3422
f 1555//3422 1971//3422 1973//3422
f 1555//3422 1973//3422 1557//3422
f 1557//3422 1973//3422 1975//3422
f 1965//3422 1967//3422 1963//3422
f 1963//3422 1967//3422 1969//3422
f 1981//3422 1983//3422 2001//3422
f 2001//3422 1983//3422 1985//3422
f 2001//3422 1985//3422 1987//3422
f 1989//3422 1993//3422 1987//3422
f 1987//3422 1993//3422 1995//3422
f 1987//3422 1995//3422 1997//3422
f 1989//3422 1991//3422 1993//3422
f 1997//3422 1999//3422 1987//3422
f 1987//3422 1999//3422 2001//3422
f 1739//3422 1737//3422 1309//3422
f 1719//3422 1717//3422 1643//3422
f 1643//3422 1717//3422 1645//3422
f 1645//3422 1717//3422 1715//3422
f 1645//3422 1715//3422 1647//3422
f 1647//3422 1715//3422 1649//3422
f 1649//3422 1715//3422 1713//3422
f 1649//3422 1713//3422 1651//3422
f 1651//3422 1713//3422 2467//3422
f 1651//3422 2467//3422 1653//3422
f 1653//3422 2467//3422 1607//3422
f 1607//3422 2467//3422 2469//3422
f 1607//3422 2469//3422 1609//3422
f 1609//3422 2469//3422 1611//3422
f 1611//3422 2469//3422 1613//3422
f 1613//3422 2469//3422 1615//3422
f 1615//3422 2469//3422 1617//3422
f 1617//3422 2469//3422 1619//3422
f 1619//3422 2469//3422 2472//3422
f 1619//3422 2472//3422 1621//3422
f 1713//3422 1711//3422 2467//3422
f 2467//3422 1711//3422 2465//3422
f 2465//3422 1711//3422 1709//3422
f 2440//3422 1693//3422 1915//3422
f 1915//3422 1693//3422 1691//3422
f 1915//3422 1691//3422 1689//3422
f 1515//3422 1513//3422 2040//3422
f 2040//3422 1513//3422 1511//3422
f 1543//3422 1541//3422 2408//3422
f 2408//3422 1541//3422 1539//3422
f 1535//3422 1533//3422 2406//3422
f 2406//3422 1533//3422 1531//3422
f 1523//3422 1521//3422 2043//3422
f 1517//3422 1515//3422 2040//3422
f 2461//3422 2463//3422 2454//3422
f 2495//3422 2497//3422 2084//3422
f 2100//3423 1766//3423 2524//3423
f 2524//3423 1766//3423 1765//3423
f 2524//3423 1765//3423 2525//3423
f 2525//3423 1765//3423 2526//3423
f 2525//3424 2526//3424 2527//3424
f 2527//3424 2526//3424 2528//3424
f 2527//3425 2528//3425 2529//3425
f 2529//3425 2528//3425 2530//3425
f 2529//3426 2530//3426 2531//3426
f 2531//3426 2530//3426 2532//3426
f 2531//3427 2532//3427 2533//3427
f 2533//3427 2532//3427 2534//3427
f 2533//3428 2534//3428 2535//3428
f 2535//3428 2534//3428 2536//3428
f 2535//3429 2536//3429 2537//3429
f 2537//3429 2536//3429 2538//3429
f 2537//3430 2538//3430 2400//3430
f 2400//3431 2538//3431 2539//3431
f 2400//3431 2539//3431 2398//3431
f 2398//3429 2539//3429 2540//3429
f 2398//3429 2540//3429 2396//3429
f 2396//3428 2540//3428 2541//3428
f 2396//3428 2541//3428 2394//3428
f 2394//3427 2541//3427 2542//3427
f 2394//3427 2542//3427 2392//3427
f 2392//3426 2542//3426 2543//3426
f 2392//3426 2543//3426 2390//3426
f 2390//3425 2543//3425 2544//3425
f 2390//3425 2544//3425 2388//3425
f 2388//3424 2544//3424 2545//3424
f 2388//3424 2545//3424 2386//3424
f 2386//3423 2545//3423 1808//3423
f 2386//3423 1808//3423 1807//3423
f 1808//3423 2546//3423 1765//3423
f 1765//3423 2546//3423 2547//3423
f 1765//3423 2547//3423 2548//3423
f 2548//3424 2547//3424 2549//3424
f 2548//3424 2549//3424 2528//3424
f 2528//3425 2549//3425 2530//3425
f 2084//3431 2550//3431 2400//3431
f 2400//3431 2550//3431 2551//3431
f 2400//3431 2551//3431 2537//3431
f 2537//3429 2551//3429 2535//3429
f 2088//3431 2552//3431 2084//3431
f 2084//3431 2552//3431 2553//3431
f 2084//3431 2553//3431 2554//3431
f 2554//3429 2553//3429 2555//3429
f 2554//3429 2555//3429 2556//3429
f 2556//3428 2555//3428 2557//3428
f 2556//3428 2557//3428 2558//3428
f 2558//3427 2557//3427 2559//3427
f 2558//3427 2559//3427 2560//3427
f 2560//3426 2559//3426 2561//3426
f 2560//3426 2561//3426 2562//3426
f 2562//3425 2561//3425 2563//3425
f 2562//3425 2563//3425 2527//3425
f 2527//3424 2563//3424 2525//3424
f 2088//3429 2090//3429 2552//3429
f 2552//3429 2090//3429 2564//3429
f 2552//3429 2564//3429 2553//3429
f 2553//3429 2564//3429 2555//3429
f 2090//3428 2092//3428 2564//3428
f 2564//3428 2092//3428 2565//3428
f 2564//3428 2565//3428 2555//3428
f 2555//3428 2565//3428 2557//3428
f 2092//3427 2094//3427 2565//3427
f 2565//3427 2094//3427 2566//3427
f 2565//3427 2566//3427 2557//3427
f 2557//3427 2566//3427 2559//3427
f 2094//3426 2096//3426 2566//3426
f 2566//3426 2096//3426 2567//3426
f 2566//3426 2567//3426 2559//3426
f 2559//3426 2567//3426 2561//3426
f 2096//3425 2098//3425 2567//3425
f 2567//3425 2098//3425 2568//3425
f 2567//3425 2568//3425 2561//3425
f 2561//3425 2568//3425 2563//3425
f 2098//3424 2100//3424 2568//3424
f 2568//3424 2100//3424 2524//3424
f 2568//3424 2524//3424 2563//3424
f 2563//3424 2524//3424 2525//3424
f 1808//3423 2545//3423 2569//3423
f 2569//3424 2545//3424 2544//3424
f 2569//3424 2544//3424 2570//3424
f 2570//3425 2544//3425 2543//3425
f 2570//3425 2543//3425 2571//3425
f 2571//3426 2543//3426 2542//3426
f 2571//3426 2542//3426 2572//3426
f 2572//3427 2542//3427 2541//3427
f 2572//3427 2541//3427 2573//3427
f 2573//3428 2541//3428 2540//3428
f 2573//3428 2540//3428 2574//3428
f 2574//3429 2540//3429 2539//3429
f 2574//3429 2539//3429 2538//3429
f 1808//3423 2575//3423 2546//3423
f 2546//3424 2575//3424 2576//3424
f 2546//3424 2576//3424 2577//3424
f 2577//3425 2576//3425 2578//3425
f 2577//3425 2578//3425 2579//3425
f 2579//3426 2578//3426 2580//3426
f 2579//3426 2580//3426 2532//3426
f 2532//3427 2580//3427 2534//3427
f 2528//3424 2526//3424 2548//3424
f 2548//3423 2526//3423 1765//3423
f 2550//3431 2084//3431 2581//3431
f 2581//3430 2084//3430 2582//3430
f 2581//3429 2582//3429 2583//3429
f 2583//3429 2582//3429 2556//3429
f 2583//3428 2556//3428 2558//3428
f 2582//3430 2084//3430 2554//3430
f 2556//3429 2582//3429 2554//3429
f 1808//3423 2569//3423 2584//3423
f 2584//3424 2569//3424 2570//3424
f 2584//3424 2570//3424 2585//3424
f 2585//3425 2570//3425 2571//3425
f 2585//3425 2571//3425 2586//3425
f 2586//3426 2571//3426 2572//3426
f 2586//3426 2572//3426 2587//3426
f 2587//3427 2572//3427 2573//3427
f 2587//3427 2573//3427 2588//3427
f 2588//3428 2573//3428 2574//3428
f 2588//3428 2574//3428 2536//3428
f 2536//3429 2574//3429 2538//3429
f 1808//3423 2584//3423 2575//3423
f 2575//3424 2584//3424 2585//3424
f 2575//3424 2585//3424 2576//3424
f 2576//3425 2585//3425 2586//3425
f 2576//3425 2586//3425 2578//3425
f 2578//3426 2586//3426 2587//3426
f 2578//3426 2587//3426 2580//3426
f 2580//3427 2587//3427 2588//3427
f 2580//3427 2588//3427 2534//3427
f 2534//3428 2588//3428 2536//3428
f 2535//3429 2551//3429 2589//3429
f 2589//3429 2551//3429 2550//3429
f 2589//3429 2550//3429 2590//3429
f 2590//3429 2550//3429 2581//3429
f 2590//3429 2581//3429 2583//3429
f 2535//3428 2589//3428 2533//3428
f 2533//3428 2589//3428 2591//3428
f 2533//3427 2591//3427 2531//3427
f 2531//3427 2591//3427 2592//3427
f 2531//3426 2592//3426 2529//3426
f 2529//3426 2592//3426 2562//3426
f 2529//3425 2562//3425 2527//3425
f 2591//3428 2589//3428 2590//3428
f 2532//3426 2530//3426 2579//3426
f 2579//3425 2530//3425 2549//3425
f 2579//3425 2549//3425 2577//3425
f 2577//3424 2549//3424 2547//3424
f 2577//3424 2547//3424 2546//3424
f 2591//3428 2590//3428 2593//3428
f 2593//3428 2590//3428 2583//3428
f 2593//3428 2583//3428 2558//3428
f 2591//3427 2593//3427 2592//3427
f 2592//3427 2593//3427 2560//3427
f 2592//3426 2560//3426 2562//3426
f 2560//3427 2593//3427 2558//3427
f 2453//3432 2458//3432 2455//3432
f 2455//3432 2458//3432 1462//3432
f 2455//3432 1462//3432 1464//3432
f 2451//3432 1746//3432 2453//3432
f 2453//3432 1746//3432 1748//3432
f 2453//3432 1748//3432 1702//3432
f 1746//3432 2451//3432 2439//3432
f 2439//3432 2451//3432 2449//3432
f 2439//3432 2449//3432 2447//3432
f 2447//3432 2445//3432 2439//3432
f 2439//3432 2445//3432 2443//3432
f 2439//3432 2443//3432 2441//3432
f 2437//3432 1914//3432 2439//3432
f 2439//3432 1914//3432 1692//3432
f 2439//3432 1692//3432 1740//3432
f 1740//3432 1692//3432 1738//3432
f 1738//3432 1692//3432 1694//3432
f 1738//3432 1694//3432 1308//3432
f 1308//3432 1694//3432 1696//3432
f 1308//3432 1696//3432 1306//3432
f 1306//3432 1696//3432 1698//3432
f 1306//3432 1698//3432 1304//3432
f 1304//3432 1698//3432 1700//3432
f 1304//3432 1700//3432 1302//3432
f 1302//3432 1700//3432 1300//3432
f 1300//3432 1700//3432 1654//3432
f 1300//3432 1654//3432 1298//3432
f 1298//3432 1654//3432 1656//3432
f 1298//3432 1656//3432 1296//3432
f 1296//3432 1656//3432 1658//3432
f 1296//3432 1658//3432 1294//3432
f 1294//3432 1658//3432 1660//3432
f 1294//3432 1660//3432 1292//3432
f 1292//3432 1660//3432 1290//3432
f 1290//3432 1660//3432 1662//3432
f 1290//3432 1662//3432 1288//3432
f 1288//3432 1662//3432 1664//3432
f 1288//3432 1664//3432 1286//3432
f 1286//3432 1664//3432 2024//3432
f 1286//3432 2024//3432 2022//3432
f 2435//3432 2433//3432 2437//3432
f 2437//3432 2433//3432 1922//3432
f 2437//3432 1922//3432 1920//3432
f 2433//3432 2431//3432 1922//3432
f 1922//3432 2431//3432 2429//3432
f 1922//3432 2429//3432 1924//3432
f 1924//3432 2429//3432 2427//3432
f 1924//3432 2427//3432 1926//3432
f 1926//3432 2427//3432 1928//3432
f 1928//3432 2427//3432 2425//3432
f 1928//3432 2425//3432 1930//3432
f 1930//3432 2425//3432 1932//3432
f 1932//3432 2425//3432 1936//3432
f 1932//3432 1936//3432 1934//3432
f 2425//3432 2423//3432 1936//3432
f 1936//3432 2423//3432 1938//3432
f 1938//3432 2423//3432 2421//3432
f 1938//3432 2421//3432 1942//3432
f 1942//3432 2421//3432 2419//3432
f 1942//3432 2419//3432 2417//3432
f 1942//3432 2417//3432 1944//3432
f 1944//3432 2417//3432 2415//3432
f 1944//3432 2415//3432 1946//3432
f 1946//3432 2415//3432 2413//3432
f 1946//3432 2413//3432 2411//3432
f 1946//3432 2411//3432 1948//3432
f 1948//3432 2411//3432 2409//3432
f 1948//3432 2409//3432 1950//3432
f 1950//3432 2409//3432 1952//3432
f 1952//3432 2409//3432 1954//3432
f 1954//3432 2409//3432 2407//3432
f 1954//3432 2407//3432 1956//3432
f 1956//3432 2407//3432 1958//3432
f 1958//3432 2407//3432 1546//3432
f 1958//3432 1546//3432 1548//3432
f 2405//3432 1538//3432 2407//3432
f 2407//3432 1538//3432 1540//3432
f 2407//3432 1540//3432 1542//3432
f 2403//3432 2050//3432 2405//3432
f 2405//3432 2050//3432 2048//3432
f 2405//3432 2048//3432 2046//3432
f 1867//3432 2058//3432 2403//3432
f 2403//3432 2058//3432 2056//3432
f 2403//3432 2056//3432 2054//3432
f 1869//3432 2401//3432 1867//3432
f 1867//3432 2401//3432 2064//3432
f 1867//3432 2064//3432 2062//3432
f 2086//3432 1380//3432 2401//3432
f 2401//3432 1380//3432 1428//3432
f 2401//3432 1428//3432 1430//3432
f 2085//3432 1476//3432 2086//3432
f 2086//3432 1476//3432 1478//3432
f 2086//3432 1478//3432 1480//3432
f 1476//3432 2085//3432 1474//3432
f 1474//3432 2085//3432 2455//3432
f 1474//3432 2455//3432 1472//3432
f 1472//3432 2455//3432 1470//3432
f 1470//3432 2455//3432 1468//3432
f 1468//3432 2455//3432 1466//3432
f 1466//3432 2455//3432 1464//3432
f 2081//3432 1446//3432 2083//3432
f 2083//3432 1446//3432 1448//3432
f 2083//3432 1448//3432 1450//3432
f 1446//3432 2081//3432 1444//3432
f 1444//3432 2081//3432 2079//3432
f 1444//3432 2079//3432 1442//3432
f 1442//3432 2079//3432 2077//3432
f 1442//3432 2077//3432 1440//3432
f 1440//3432 2077//3432 1438//3432
f 1438//3432 2077//3432 2075//3432
f 1438//3432 2075//3432 1436//3432
f 1436//3432 2075//3432 2073//3432
f 1436//3432 2073//3432 1434//3432
f 1434//3432 2073//3432 1432//3432
f 1432//3432 2073//3432 2071//3432
f 1432//3432 2071//3432 1430//3432
f 1430//3432 2071//3432 2068//3432
f 1430//3432 2068//3432 2401//3432
f 2401//3432 2068//3432 2066//3432
f 2401//3432 2066//3432 2064//3432
f 2062//3432 2060//3432 1867//3432
f 1867//3432 2060//3432 2058//3432
f 2054//3432 2052//3432 2403//3432
f 2403//3432 2052//3432 2050//3432
f 2405//3432 2046//3432 1530//3432
f 1530//3432 2046//3432 2044//3432
f 1530//3432 2044//3432 1528//3432
f 1528//3432 2044//3432 1526//3432
f 1526//3432 2044//3432 2042//3432
f 1526//3432 2042//3432 1524//3432
f 1524//3432 2042//3432 1522//3432
f 1522//3432 2042//3432 1520//3432
f 1520//3432 2042//3432 2041//3432
f 1520//3432 2041//3432 1518//3432
f 1518//3432 2041//3432 1516//3432
f 1516//3432 2041//3432 1514//3432
f 1514//3432 2041//3432 1512//3432
f 1512//3432 2041//3432 1510//3432
f 1510//3432 2041//3432 1974//3432
f 1510//3432 1974//3432 1556//3432
f 1556//3432 1974//3432 1972//3432
f 1556//3432 1972//3432 1554//3432
f 1554//3432 1972//3432 1970//3432
f 1554//3432 1970//3432 1552//3432
f 1552//3432 1970//3432 1968//3432
f 1552//3432 1968//3432 1550//3432
f 1550//3432 1968//3432 1962//3432
f 1550//3432 1962//3432 1548//3432
f 1548//3432 1962//3432 1960//3432
f 1548//3432 1960//3432 1958//3432
f 1974//3432 2041//3432 1976//3432
f 1976//3432 2041//3432 2039//3432
f 1976//3432 2039//3432 1978//3432
f 1978//3432 2039//3432 1980//3432
f 1980//3432 2039//3432 2037//3432
f 1980//3432 2037//3432 2000//3432
f 2000//3432 2037//3432 2035//3432
f 2000//3432 2035//3432 2002//3432
f 2002//3432 2035//3432 2033//3432
f 2002//3432 2033//3432 1598//3432
f 1598//3432 2033//3432 1596//3432
f 1596//3432 2033//3432 2031//3432
f 1596//3432 2031//3432 1594//3432
f 1594//3432 2031//3432 1592//3432
f 1592//3432 2031//3432 1590//3432
f 1590//3432 2031//3432 1452//3432
f 1590//3432 1452//3432 1588//3432
f 1588//3432 1452//3432 1454//3432
f 1588//3432 1454//3432 1586//3432
f 1586//3432 1454//3432 1584//3432
f 1584//3432 1454//3432 1456//3432
f 1584//3432 1456//3432 1582//3432
f 1582//3432 1456//3432 1458//3432
f 1582//3432 1458//3432 1580//3432
f 1580//3432 1458//3432 1460//3432
f 1580//3432 1460//3432 1578//3432
f 1578//3432 1460//3432 1414//3432
f 1578//3432 1414//3432 1576//3432
f 1576//3432 1414//3432 1416//3432
f 1576//3432 1416//3432 1574//3432
f 1574//3432 1416//3432 1392//3432
f 1574//3432 1392//3432 1394//3432
f 2031//3432 2083//3432 1452//3432
f 1452//3432 2083//3432 1450//3432
f 2086//3432 1480//3432 2498//3432
f 2498//3432 1480//3432 1482//3432
f 2498//3432 1482//3432 1484//3432
f 2498//3432 1484//3432 2499//3432
f 2499//3432 1484//3432 1486//3432
f 2499//3432 1486//3432 1488//3432
f 1488//3432 1490//3432 2499//3432
f 2499//3432 1490//3432 1492//3432
f 2499//3432 1492//3432 2502//3432
f 2502//3432 1492//3432 1494//3432
f 2502//3432 1494//3432 1496//3432
f 2502//3432 1496//3432 2504//3432
f 2504//3432 1496//3432 1498//3432
f 2504//3432 1498//3432 1500//3432
f 2504//3432 1500//3432 2506//3432
f 2506//3432 1500//3432 1502//3432
f 2506//3432 1502//3432 2508//3432
f 2508//3432 1502//3432 1504//3432
f 2508//3432 1504//3432 2510//3432
f 2510//3432 1504//3432 1506//3432
f 2510//3432 1506//3432 2512//3432
f 2512//3432 1506//3432 1508//3432
f 2512//3432 1508//3432 2458//3432
f 2458//3432 1508//3432 1462//3432
f 1416//3432 1418//3432 1392//3432
f 1392//3432 1418//3432 1390//3432
f 1390//3432 1418//3432 1420//3432
f 1390//3432 1420//3432 1388//3432
f 1388//3432 1420//3432 1422//3432
f 1388//3432 1422//3432 1386//3432
f 1386//3432 1422//3432 1424//3432
f 1386//3432 1424//3432 1384//3432
f 1384//3432 1424//3432 1426//3432
f 1384//3432 1426//3432 1382//3432
f 1382//3432 1426//3432 1428//3432
f 1382//3432 1428//3432 1380//3432
f 1366//3432 1368//3432 2492//3432
f 2492//3432 1368//3432 1370//3432
f 2492//3432 1370//3432 2494//3432
f 2494//3432 1370//3432 1372//3432
f 2494//3432 1372//3432 1374//3432
f 2494//3432 1374//3432 2496//3432
f 2496//3432 1374//3432 1376//3432
f 2496//3432 1376//3432 2086//3432
f 2086//3432 1376//3432 1378//3432
f 2086//3432 1378//3432 1380//3432
f 1574//3432 1394//3432 1572//3432
f 1572//3432 1394//3432 1396//3432
f 1572//3432 1396//3432 1570//3432
f 1570//3432 1396//3432 1398//3432
f 1570//3432 1398//3432 1568//3432
f 1568//3432 1398//3432 1400//3432
f 1568//3432 1400//3432 1566//3432
f 1566//3432 1400//3432 1402//3432
f 1566//3432 1402//3432 1564//3432
f 1564//3432 1402//3432 1404//3432
f 1564//3432 1404//3432 1562//3432
f 1562//3432 1404//3432 1406//3432
f 1562//3432 1406//3432 1560//3432
f 1560//3432 1406//3432 1408//3432
f 1560//3432 1408//3432 1558//3432
f 1558//3432 1408//3432 1604//3432
f 1604//3432 1408//3432 1410//3432
f 1604//3432 1410//3432 2485//3432
f 2485//3432 1410//3432 2488//3432
f 2488//3432 1410//3432 1412//3432
f 2488//3432 1412//3432 2490//3432
f 2490//3432 1412//3432 1366//3432
f 2490//3432 1366//3432 2492//3432
f 1322//3432 1634//3432 1320//3432
f 1320//3432 1634//3432 1636//3432
f 1320//3432 1636//3432 1318//3432
f 1318//3432 1636//3432 1638//3432
f 1318//3432 1638//3432 1364//3432
f 1364//3432 1638//3432 1640//3432
f 1364//3432 1640//3432 1362//3432
f 1362//3432 1640//3432 1642//3432
f 1362//3432 1642//3432 1360//3432
f 1360//3432 1642//3432 1718//3432
f 1360//3432 1718//3432 1358//3432
f 1358//3432 1718//3432 1720//3432
f 1358//3432 1720//3432 2016//3432
f 2016//3432 1720//3432 1722//3432
f 2016//3432 1722//3432 2018//3432
f 2018//3432 1722//3432 1724//3432
f 2018//3432 1724//3432 1726//3432
f 1634//3432 1322//3432 1632//3432
f 1632//3432 1322//3432 1324//3432
f 1632//3432 1324//3432 1630//3432
f 1630//3432 1324//3432 1326//3432
f 1630//3432 1326//3432 1628//3432
f 1628//3432 1326//3432 2476//3432
f 1628//3432 2476//3432 1626//3432
f 1626//3432 2476//3432 2474//3432
f 1626//3432 2474//3432 1624//3432
f 1624//3432 2474//3432 2471//3432
f 1624//3432 2471//3432 1622//3432
f 1622//3432 2471//3432 1620//3432
f 1620//3432 2471//3432 1618//3432
f 1618//3432 2471//3432 2470//3432
f 1618//3432 2470//3432 1616//3432
f 1616//3432 2470//3432 1614//3432
f 1614//3432 2470//3432 1612//3432
f 1612//3432 2470//3432 1610//3432
f 1610//3432 2470//3432 1608//3432
f 1608//3432 2470//3432 1606//3432
f 1606//3432 2470//3432 2468//3432
f 1606//3432 2468//3432 1652//3432
f 1652//3432 2468//3432 1650//3432
f 1650//3432 2468//3432 1712//3432
f 1650//3432 1712//3432 1648//3432
f 1648//3432 1712//3432 1714//3432
f 1648//3432 1714//3432 1646//3432
f 1646//3432 1714//3432 1644//3432
f 1644//3432 1714//3432 1716//3432
f 1644//3432 1716//3432 1642//3432
f 1642//3432 1716//3432 1718//3432
f 2476//3432 1326//3432 2478//3432
f 2478//3432 1326//3432 1328//3432
f 2478//3432 1328//3432 2480//3432
f 2480//3432 1328//3432 2482//3432
f 2482//3432 1328//3432 1330//3432
f 2482//3432 1330//3432 2484//3432
f 2484//3432 1330//3432 1332//3432
f 2484//3432 1332//3432 2485//3432
f 2485//3432 1332//3432 1334//3432
f 2485//3432 1334//3432 1602//3432
f 1602//3432 1334//3432 1600//3432
f 1600//3432 1334//3432 1336//3432
f 1600//3432 1336//3432 1598//3432
f 1598//3432 1336//3432 1338//3432
f 1598//3432 1338//3432 2002//3432
f 2002//3432 1338//3432 1340//3432
f 2002//3432 1340//3432 1342//3432
f 1342//3432 1344//3432 2002//3432
f 2002//3432 1344//3432 1346//3432
f 2002//3432 1346//3432 2004//3432
f 2004//3432 1346//3432 1348//3432
f 2004//3432 1348//3432 2006//3432
f 2006//3432 1348//3432 1350//3432
f 2006//3432 1350//3432 2008//3432
f 2008//3432 1350//3432 1352//3432
f 2008//3432 1352//3432 2010//3432
f 2010//3432 1352//3432 2012//3432
f 2012//3432 1352//3432 1354//3432
f 2012//3432 1354//3432 2014//3432
f 2014//3432 1354//3432 1356//3432
f 2014//3432 1356//3432 2016//3432
f 2016//3432 1356//3432 1358//3432
f 1274//3432 1730//3432 1272//3432
f 1272//3432 1730//3432 1732//3432
f 1272//3432 1732//3432 1270//3432
f 1270//3432 1732//3432 1316//3432
f 1316//3432 1732//3432 1734//3432
f 1316//3432 1734//3432 1314//3432
f 1314//3432 1734//3432 1312//3432
f 1312//3432 1734//3432 1736//3432
f 1312//3432 1736//3432 1310//3432
f 1310//3432 1736//3432 1308//3432
f 1308//3432 1736//3432 1738//3432
f 1274//3432 1276//3432 1730//3432
f 1730//3432 1276//3432 1278//3432
f 1730//3432 1278//3432 1728//3432
f 1728//3432 1278//3432 1280//3432
f 1728//3432 1280//3432 1282//3432
f 1728//3432 1282//3432 1726//3432
f 1726//3432 1282//3432 1284//3432
f 1726//3432 1284//3432 2020//3432
f 2020//3432 1284//3432 2022//3432
f 2022//3432 1284//3432 1286//3432
f 2026//3432 1670//3432 2028//3432
f 2028//3432 1670//3432 1672//3432
f 2028//3432 1672//3432 2514//3432
f 2514//3432 1672//3432 1674//3432
f 2514//3432 1674//3432 2516//3432
f 2516//3432 1674//3432 1676//3432
f 2516//3432 1676//3432 2518//3432
f 2518//3432 1676//3432 1678//3432
f 2518//3432 1678//3432 2520//3432
f 2520//3432 1678//3432 1680//3432
f 2520//3432 1680//3432 2522//3432
f 2522//3432 1680//3432 1910//3432
f 1910//3432 1680//3432 1682//3432
f 1910//3432 1682//3432 1684//3432
f 2024//3432 1666//3432 2026//3432
f 2026//3432 1666//3432 1668//3432
f 2026//3432 1668//3432 1670//3432
f 2020//3432 2018//3432 1726//3432
f 1998//3432 1986//3432 2000//3432
f 2000//3432 1986//3432 1984//3432
f 2000//3432 1984//3432 1982//3432
f 1998//3432 1996//3432 1986//3432
f 1986//3432 1996//3432 1994//3432
f 1986//3432 1994//3432 1992//3432
f 1990//3432 1988//3432 1992//3432
f 1992//3432 1988//3432 1986//3432
f 1982//3432 1980//3432 2000//3432
f 1968//3432 1966//3432 1962//3432
f 1962//3432 1966//3432 1964//3432
f 1942//3432 1940//3432 1938//3432
f 1920//3432 1918//3432 2437//3432
f 2437//3432 1918//3432 1916//3432
f 2437//3432 1916//3432 1914//3432
f 1911//3432 1688//3432 1914//3432
f 1914//3432 1688//3432 1690//3432
f 1914//3432 1690//3432 1692//3432
f 1910//3432 1684//3432 1911//3432
f 1911//3432 1684//3432 1686//3432
f 1911//3432 1686//3432 1688//3432
f 1702//3432 1704//3432 2453//3432
f 2453//3432 1704//3432 1706//3432
f 2453//3432 1706//3432 1708//3432
f 1710//3432 2466//3432 1708//3432
f 1708//3432 2466//3432 2464//3432
f 1708//3432 2464//3432 2453//3432
f 2453//3432 2464//3432 2462//3432
f 2453//3432 2462//3432 2460//3432
f 2466//3432 1710//3432 2468//3432
f 2468//3432 1710//3432 1712//3432
f 1740//3432 1742//3432 2439//3432
f 2439//3432 1742//3432 1744//3432
f 2439//3432 1744//3432 1746//3432
f 1664//3432 1666//3432 2024//3432
f 1602//3432 1604//3432 2485//3432
f 1530//3432 1532//3432 2405//3432
f 2405//3432 1532//3432 1534//3432
f 2405//3432 1534//3432 1536//3432
f 1536//3432 1538//3432 2405//3432
f 1542//3432 1544//3432 2407//3432
f 2407//3432 1544//3432 1546//3432
f 2498//3432 2496//3432 2086//3432
f 2460//3432 2458//3432 2453//3432
f 2101//3433 2099//3433 1862//3433
f 1862//3434 2099//3434 2594//3434
f 1862//3434 2594//3434 2595//3434
f 2595//3435 2594//3435 2596//3435
f 2595//3435 2596//3435 2597//3435
f 2597//3436 2596//3436 2598//3436
f 2597//3436 2598//3436 2599//3436
f 2599//3437 2598//3437 2600//3437
f 2599//3437 2600//3437 2601//3437
f 2601//3438 2600//3438 2602//3438
f 2601//3438 2602//3438 2603//3438
f 2603//3439 2602//3439 2604//3439
f 2603//3440 2604//3440 2605//3440
f 2605//3441 2604//3441 2606//3441
f 2605//3441 2606//3441 2607//3441
f 2607//3442 2606//3442 2608//3442
f 2607//3442 2608//3442 2609//3442
f 2609//3443 2608//3443 2610//3443
f 2609//3443 2610//3443 2611//3443
f 2611//3444 2610//3444 2086//3444
f 2611//3444 2086//3444 2612//3444
f 2612//3444 2086//3444 2613//3444
f 2612//3443 2613//3443 2614//3443
f 2614//3443 2613//3443 2615//3443
f 2614//3442 2615//3442 2616//3442
f 2616//3442 2615//3442 2617//3442
f 2616//3441 2617//3441 2618//3441
f 2618//3441 2617//3441 2619//3441
f 2618//3440 2619//3440 2620//3440
f 2620//3440 2619//3440 2621//3440
f 2620//3438 2621//3438 2622//3438
f 2622//3438 2621//3438 2623//3438
f 2622//3437 2623//3437 2624//3437
f 2624//3437 2623//3437 2625//3437
f 2624//3436 2625//3436 2626//3436
f 2626//3436 2625//3436 2627//3436
f 2626//3435 2627//3435 2628//3435
f 2628//3435 2627//3435 2629//3435
f 2628//3445 2629//3445 1907//3445
f 1907//3445 2629//3445 2630//3445
f 1907//3445 2630//3445 2631//3445
f 2631//3435 2630//3435 2632//3435
f 2631//3435 2632//3435 2633//3435
f 2633//3436 2632//3436 2634//3436
f 2633//3436 2634//3436 2635//3436
f 2635//3437 2634//3437 2636//3437
f 2635//3437 2636//3437 2637//3437
f 2637//3438 2636//3438 2638//3438
f 2637//3438 2638//3438 2639//3438
f 2639//3440 2638//3440 2640//3440
f 2639//3440 2640//3440 2641//3440
f 2641//3441 2640//3441 2642//3441
f 2641//3441 2642//3441 2643//3441
f 2643//3442 2642//3442 2644//3442
f 2643//3442 2644//3442 2645//3442
f 2645//3443 2644//3443 2646//3443
f 2645//3443 2646//3443 2647//3443
f 2647//3444 2646//3444 2086//3444
f 2647//3446 2086//3446 2648//3446
f 2648//3444 2086//3444 2649//3444
f 2648//3443 2649//3443 2650//3443
f 2650//3443 2649//3443 2651//3443
f 2650//3442 2651//3442 2652//3442
f 2652//3442 2651//3442 2653//3442
f 2652//3441 2653//3441 2654//3441
f 2654//3441 2653//3441 2655//3441
f 2654//3440 2655//3440 2656//3440
f 2656//3440 2655//3440 2657//3440
f 2656//3438 2657//3438 2658//3438
f 2658//3438 2657//3438 2659//3438
f 2658//3437 2659//3437 2660//3437
f 2660//3437 2659//3437 2661//3437
f 2660//3436 2661//3436 2662//3436
f 2662//3436 2661//3436 2663//3436
f 2662//3435 2663//3435 2664//3435
f 2664//3435 2663//3435 2665//3435
f 2664//3445 2665//3445 1907//3445
f 1907//3445 2665//3445 2666//3445
f 1907//3445 2666//3445 1909//3445
f 1909//3447 2666//3447 2667//3447
f 1909//3445 2667//3445 2668//3445
f 2668//3435 2667//3435 2669//3435
f 2668//3435 2669//3435 2670//3435
f 2670//3436 2669//3436 2671//3436
f 2670//3436 2671//3436 2672//3436
f 2672//3437 2671//3437 2673//3437
f 2672//3437 2673//3437 2674//3437
f 2674//3438 2673//3438 2675//3438
f 2674//3438 2675//3438 2676//3438
f 2676//3440 2675//3440 2677//3440
f 2676//3440 2677//3440 2678//3440
f 2678//3441 2677//3441 2679//3441
f 2678//3441 2679//3441 2680//3441
f 2680//3442 2679//3442 2681//3442
f 2680//3442 2681//3442 2682//3442
f 2682//3443 2681//3443 2683//3443
f 2682//3443 2683//3443 2684//3443
f 2684//3448 2683//3448 2401//3448
f 2684//3446 2401//3446 2685//3446
f 2685//3444 2401//3444 2686//3444
f 2685//3443 2686//3443 2687//3443
f 2687//3443 2686//3443 2688//3443
f 2687//3442 2688//3442 2689//3442
f 2689//3442 2688//3442 2690//3442
f 2689//3441 2690//3441 2691//3441
f 2691//3441 2690//3441 2692//3441
f 2691//3440 2692//3440 2693//3440
f 2693//3440 2692//3440 2694//3440
f 2693//3438 2694//3438 2695//3438
f 2695//3438 2694//3438 2696//3438
f 2695//3437 2696//3437 2697//3437
f 2697//3437 2696//3437 2698//3437
f 2697//3436 2698//3436 2699//3436
f 2699//3436 2698//3436 2700//3436
f 2699//3435 2700//3435 2701//3435
f 2701//3435 2700//3435 2702//3435
f 2701//3445 2702//3445 1909//3445
f 1909//3445 2702//3445 2703//3445
f 1909//3445 2703//3445 2704//3445
f 2704//3435 2703//3435 2705//3435
f 2704//3435 2705//3435 2706//3435
f 2706//3436 2705//3436 2707//3436
f 2706//3436 2707//3436 2708//3436
f 2708//3437 2707//3437 2709//3437
f 2708//3437 2709//3437 2710//3437
f 2710//3438 2709//3438 2711//3438
f 2710//3438 2711//3438 2712//3438
f 2712//3440 2711//3440 2713//3440
f 2712//3440 2713//3440 2714//3440
f 2714//3441 2713//3441 2715//3441
f 2714//3441 2715//3441 2716//3441
f 2716//3442 2715//3442 2717//3442
f 2716//3442 2717//3442 2718//3442
f 2718//3443 2717//3443 2719//3443
f 2718//3443 2719//3443 2720//3443
f 2720//3444 2719//3444 2401//3444
f 2720//3444 2401//3444 2721//3444
f 2721//3444 2401//3444 2722//3444
f 2721//3443 2722//3443 2723//3443
f 2723//3443 2722//3443 2724//3443
f 2723//3442 2724//3442 2725//3442
f 2725//3442 2724//3442 2726//3442
f 2725//3441 2726//3441 2727//3441
f 2727//3441 2726//3441 2397//3441
f 2727//3440 2397//3440 2395//3440
f 2099//3435 2097//3435 2594//3435
f 2594//3435 2097//3435 2596//3435
f 2097//3436 2095//3436 2596//3436
f 2596//3436 2095//3436 2598//3436
f 2095//3437 2093//3437 2598//3437
f 2598//3437 2093//3437 2600//3437
f 2093//3438 2091//3438 2600//3438
f 2600//3438 2091//3438 2602//3438
f 2091//3440 2089//3440 2602//3440
f 2602//3440 2089//3440 2604//3440
f 2089//3441 2087//3441 2604//3441
f 2604//3441 2087//3441 2606//3441
f 2606//3442 2087//3442 2608//3442
f 2608//3449 2087//3449 2086//3449
f 2608//3450 2086//3450 2610//3450
f 2401//3444 2728//3444 2086//3444
f 2086//3444 2728//3444 2729//3444
f 2086//3444 2729//3444 2730//3444
f 2730//3443 2729//3443 2731//3443
f 2730//3443 2731//3443 2732//3443
f 2732//3442 2731//3442 2733//3442
f 2732//3442 2733//3442 2734//3442
f 2734//3441 2733//3441 2735//3441
f 2734//3441 2735//3441 2736//3441
f 2736//3440 2735//3440 2737//3440
f 2736//3440 2737//3440 2657//3440
f 2657//3438 2737//3438 2659//3438
f 2399//3451 2738//3451 2401//3451
f 2401//3452 2738//3452 2739//3452
f 2401//3444 2739//3444 2740//3444
f 2740//3443 2739//3443 2738//3443
f 2740//3443 2738//3443 2724//3443
f 2724//3442 2738//3442 2726//3442
f 2738//3442 2399//3442 2726//3442
f 2726//3441 2399//3441 2397//3441
f 2727//3440 2395//3440 2741//3440
f 2741//3438 2395//3438 2393//3438
f 2741//3438 2393//3438 2742//3438
f 2742//3437 2393//3437 2391//3437
f 2742//3437 2391//3437 2743//3437
f 2743//3436 2391//3436 2389//3436
f 2743//3436 2389//3436 2744//3436
f 2744//3453 2389//3453 2387//3453
f 2744//3454 2387//3454 2745//3454
f 2745//3455 2387//3455 1828//3455
f 2745//3456 1828//3456 1909//3456
f 2387//3457 1829//3457 1828//3457
f 1866//3458 2746//3458 1907//3458
f 1907//3445 2746//3445 2747//3445
f 1907//3445 2747//3445 2748//3445
f 2748//3435 2747//3435 2749//3435
f 2748//3435 2749//3435 2750//3435
f 2750//3436 2749//3436 2751//3436
f 2750//3436 2751//3436 2624//3436
f 2624//3437 2751//3437 2622//3437
f 1862//3434 2752//3434 1866//3434
f 1866//3434 2752//3434 2753//3434
f 1866//3434 2753//3434 2754//3434
f 2754//3435 2753//3435 2755//3435
f 2754//3435 2755//3435 2756//3435
f 2756//3436 2755//3436 2757//3436
f 2756//3436 2757//3436 2758//3436
f 2758//3437 2757//3437 2759//3437
f 2758//3437 2759//3437 2760//3437
f 2760//3438 2759//3438 2761//3438
f 2760//3438 2761//3438 2762//3438
f 2762//3440 2761//3440 2763//3440
f 2762//3440 2763//3440 2764//3440
f 2764//3441 2763//3441 2765//3441
f 2764//3441 2765//3441 2616//3441
f 2616//3442 2765//3442 2614//3442
f 2722//3444 2401//3444 2740//3444
f 2401//3444 2766//3444 2767//3444
f 2767//3443 2766//3443 2768//3443
f 2767//3443 2768//3443 2769//3443
f 2769//3442 2768//3442 2770//3442
f 2769//3442 2770//3442 2771//3442
f 2771//3441 2770//3441 2772//3441
f 2771//3441 2772//3441 2773//3441
f 2773//3440 2772//3440 2774//3440
f 2773//3440 2774//3440 2775//3440
f 2775//3438 2774//3438 2776//3438
f 2775//3438 2776//3438 2777//3438
f 2777//3437 2776//3437 2778//3437
f 2777//3437 2778//3437 2698//3437
f 2698//3436 2778//3436 2700//3436
f 2401//3459 2767//3459 2779//3459
f 2779//3443 2767//3443 2769//3443
f 2779//3443 2769//3443 2780//3443
f 2780//3442 2769//3442 2771//3442
f 2780//3442 2771//3442 2781//3442
f 2781//3441 2771//3441 2773//3441
f 2781//3441 2773//3441 2782//3441
f 2782//3440 2773//3440 2775//3440
f 2782//3440 2775//3440 2783//3440
f 2783//3438 2775//3438 2777//3438
f 2783//3438 2777//3438 2696//3438
f 2696//3437 2777//3437 2698//3437
f 2401//3446 2784//3446 2785//3446
f 2785//3443 2784//3443 2786//3443
f 2785//3443 2786//3443 2787//3443
f 2787//3442 2786//3442 2788//3442
f 2787//3442 2788//3442 2690//3442
f 2690//3441 2788//3441 2692//3441
f 2401//3460 2785//3460 2789//3460
f 2789//3443 2785//3443 2787//3443
f 2789//3443 2787//3443 2688//3443
f 2688//3442 2787//3442 2690//3442
f 2401//3461 2790//3461 2791//3461
f 2791//3443 2790//3443 2792//3443
f 2791//3443 2792//3443 2793//3443
f 2793//3442 2792//3442 2794//3442
f 2793//3442 2794//3442 2795//3442
f 2795//3441 2794//3441 2796//3441
f 2795//3441 2796//3441 2797//3441
f 2797//3440 2796//3440 2798//3440
f 2797//3440 2798//3440 2799//3440
f 2799//3438 2798//3438 2800//3438
f 2799//3438 2800//3438 2801//3438
f 2801//3437 2800//3437 2802//3437
f 2801//3437 2802//3437 2803//3437
f 2803//3436 2802//3436 2804//3436
f 2803//3436 2804//3436 2663//3436
f 2663//3435 2804//3435 2665//3435
f 2401//3446 2791//3446 2728//3446
f 2728//3443 2791//3443 2793//3443
f 2728//3443 2793//3443 2805//3443
f 2805//3442 2793//3442 2795//3442
f 2805//3442 2795//3442 2806//3442
f 2806//3441 2795//3441 2797//3441
f 2806//3441 2797//3441 2807//3441
f 2807//3440 2797//3440 2799//3440
f 2807//3440 2799//3440 2808//3440
f 2808//3438 2799//3438 2801//3438
f 2808//3438 2801//3438 2809//3438
f 2809//3437 2801//3437 2803//3437
f 2809//3437 2803//3437 2661//3437
f 2661//3436 2803//3436 2663//3436
f 2086//3444 2730//3444 2810//3444
f 2810//3443 2730//3443 2732//3443
f 2810//3443 2732//3443 2811//3443
f 2811//3442 2732//3442 2734//3442
f 2811//3442 2734//3442 2812//3442
f 2812//3441 2734//3441 2736//3441
f 2812//3441 2736//3441 2655//3441
f 2655//3440 2736//3440 2657//3440
f 2651//3443 2649//3443 2813//3443
f 2813//3446 2649//3446 2086//3446
f 2813//3444 2086//3444 2814//3444
f 2814//3446 2086//3446 2810//3446
f 2814//3443 2810//3443 2811//3443
f 2086//3459 2646//3459 2815//3459
f 2815//3443 2646//3443 2644//3443
f 2815//3443 2644//3443 2816//3443
f 2816//3442 2644//3442 2642//3442
f 2816//3442 2642//3442 2817//3442
f 2817//3441 2642//3441 2640//3441
f 2817//3441 2640//3441 2818//3441
f 2818//3440 2640//3440 2638//3440
f 2818//3440 2638//3440 2819//3440
f 2819//3438 2638//3438 2636//3438
f 2819//3438 2636//3438 2820//3438
f 2820//3437 2636//3437 2634//3437
f 2820//3437 2634//3437 2821//3437
f 2821//3436 2634//3436 2632//3436
f 2821//3436 2632//3436 2822//3436
f 2822//3435 2632//3435 2630//3435
f 2822//3435 2630//3435 2629//3435
f 2086//3459 2815//3459 2823//3459
f 2823//3443 2815//3443 2816//3443
f 2823//3443 2816//3443 2824//3443
f 2824//3442 2816//3442 2817//3442
f 2824//3442 2817//3442 2825//3442
f 2825//3441 2817//3441 2818//3441
f 2825//3441 2818//3441 2826//3441
f 2826//3440 2818//3440 2819//3440
f 2826//3440 2819//3440 2827//3440
f 2827//3438 2819//3438 2820//3438
f 2827//3438 2820//3438 2828//3438
f 2828//3437 2820//3437 2821//3437
f 2828//3437 2821//3437 2829//3437
f 2829//3436 2821//3436 2822//3436
f 2829//3436 2822//3436 2627//3436
f 2627//3435 2822//3435 2629//3435
f 2086//3444 2830//3444 2831//3444
f 2831//3443 2830//3443 2832//3443
f 2831//3443 2832//3443 2833//3443
f 2833//3442 2832//3442 2834//3442
f 2833//3442 2834//3442 2835//3442
f 2835//3441 2834//3441 2836//3441
f 2835//3441 2836//3441 2837//3441
f 2837//3440 2836//3440 2838//3440
f 2837//3440 2838//3440 2621//3440
f 2621//3438 2838//3438 2623//3438
f 2086//3444 2831//3444 2839//3444
f 2839//3443 2831//3443 2833//3443
f 2839//3443 2833//3443 2840//3443
f 2840//3442 2833//3442 2835//3442
f 2840//3442 2835//3442 2841//3442
f 2841//3441 2835//3441 2837//3441
f 2841//3441 2837//3441 2619//3441
f 2619//3439 2837//3439 2621//3439
f 2615//3443 2613//3443 2842//3443
f 2842//3444 2613//3444 2086//3444
f 2842//3444 2086//3444 2843//3444
f 2843//3444 2086//3444 2839//3444
f 2843//3443 2839//3443 2840//3443
f 1909//3445 2844//3445 2845//3445
f 2845//3435 2844//3435 2846//3435
f 2845//3435 2846//3435 2847//3435
f 2847//3436 2846//3436 2848//3436
f 2847//3436 2848//3436 2849//3436
f 2849//3437 2848//3437 2850//3437
f 2849//3437 2850//3437 2851//3437
f 2851//3438 2850//3438 2852//3438
f 2851//3438 2852//3438 2853//3438
f 2853//3440 2852//3440 2854//3440
f 2853//3440 2854//3440 2855//3440
f 2855//3441 2854//3441 2856//3441
f 2855//3441 2856//3441 2725//3441
f 2725//3442 2856//3442 2723//3442
f 2857//3445 1909//3445 2858//3445
f 2858//3445 1909//3445 2859//3445
f 2858//3435 2859//3435 2860//3435
f 2860//3435 2859//3435 2861//3435
f 2860//3436 2861//3436 2862//3436
f 2862//3436 2861//3436 2863//3436
f 2862//3437 2863//3437 2864//3437
f 2864//3437 2863//3437 2865//3437
f 2864//3438 2865//3438 2866//3438
f 2866//3438 2865//3438 2867//3438
f 2866//3440 2867//3440 2868//3440
f 2868//3440 2867//3440 2869//3440
f 2868//3441 2869//3441 2870//3441
f 2870//3441 2869//3441 2680//3441
f 2870//3442 2680//3442 2682//3442
f 2871//3447 1909//3447 2872//3447
f 2872//3445 1909//3445 2873//3445
f 2872//3435 2873//3435 2874//3435
f 2874//3435 2873//3435 2875//3435
f 2874//3436 2875//3436 2876//3436
f 2876//3436 2875//3436 2672//3436
f 2876//3437 2672//3437 2674//3437
f 2662//3435 2664//3435 2877//3435
f 2877//3445 2664//3445 1907//3445
f 2877//3445 1907//3445 2878//3445
f 2878//3445 1907//3445 2879//3445
f 2878//3435 2879//3435 2880//3435
f 2880//3435 2879//3435 2881//3435
f 2880//3436 2881//3436 2882//3436
f 2882//3436 2881//3436 2883//3436
f 2882//3437 2883//3437 2884//3437
f 2884//3437 2883//3437 2885//3437
f 2884//3438 2885//3438 2886//3438
f 2886//3438 2885//3438 2887//3438
f 2886//3440 2887//3440 2888//3440
f 2888//3440 2887//3440 2889//3440
f 2888//3441 2889//3441 2890//3441
f 2890//3441 2889//3441 2643//3441
f 2890//3442 2643//3442 2645//3442
f 2879//3445 1907//3445 2891//3445
f 2891//3445 1907//3445 2892//3445
f 2891//3435 2892//3435 2893//3435
f 2893//3435 2892//3435 2894//3435
f 2893//3436 2894//3436 2895//3436
f 2895//3436 2894//3436 2896//3436
f 2895//3437 2896//3437 2897//3437
f 2897//3437 2896//3437 2898//3437
f 2897//3438 2898//3438 2899//3438
f 2899//3438 2898//3438 2639//3438
f 2899//3440 2639//3440 2641//3440
f 2900//3445 1907//3445 2901//3445
f 2901//3445 1907//3445 2631//3445
f 2901//3435 2631//3435 2633//3435
f 2626//3435 2628//3435 2902//3435
f 2902//3445 2628//3445 1907//3445
f 2902//3445 1907//3445 2748//3445
f 2752//3434 1862//3434 2595//3434
f 2845//3435 2847//3435 2745//3435
f 2745//3435 2847//3435 2744//3435
f 2847//3436 2849//3436 2744//3436
f 2744//3436 2849//3436 2743//3436
f 2849//3437 2851//3437 2743//3437
f 2743//3437 2851//3437 2742//3437
f 2851//3438 2853//3438 2742//3438
f 2742//3438 2853//3438 2741//3438
f 2853//3439 2855//3439 2741//3439
f 2741//3440 2855//3440 2727//3440
f 2855//3441 2725//3441 2727//3441
f 2724//3443 2722//3443 2740//3443
f 2903//3435 2904//3435 2746//3435
f 2746//3435 2904//3435 2905//3435
f 2746//3435 2905//3435 2747//3435
f 2747//3435 2905//3435 2749//3435
f 2904//3436 2906//3436 2905//3436
f 2905//3436 2906//3436 2907//3436
f 2905//3436 2907//3436 2749//3436
f 2749//3436 2907//3436 2751//3436
f 2754//3435 2756//3435 2903//3435
f 2903//3435 2756//3435 2904//3435
f 2906//3437 2908//3437 2907//3437
f 2907//3437 2908//3437 2909//3437
f 2907//3437 2909//3437 2751//3437
f 2751//3437 2909//3437 2622//3437
f 2756//3436 2758//3436 2904//3436
f 2904//3436 2758//3436 2906//3436
f 2908//3438 2910//3438 2909//3438
f 2909//3438 2910//3438 2620//3438
f 2909//3438 2620//3438 2622//3438
f 2758//3437 2760//3437 2906//3437
f 2906//3437 2760//3437 2908//3437
f 2620//3440 2910//3440 2618//3440
f 2618//3440 2910//3440 2764//3440
f 2618//3441 2764//3441 2616//3441
f 2760//3438 2762//3438 2908//3438
f 2908//3438 2762//3438 2910//3438
f 2841//3441 2619//3441 2617//3441
f 2762//3440 2764//3440 2910//3440
f 2840//3442 2841//3442 2911//3442
f 2911//3442 2841//3442 2617//3442
f 2911//3442 2617//3442 2615//3442
f 2842//3443 2843//3443 2911//3443
f 2911//3443 2843//3443 2840//3443
f 2842//3443 2911//3443 2615//3443
f 2754//3434 2903//3434 1866//3434
f 1866//3434 2903//3434 2746//3434
f 2609//3443 2611//3443 2912//3443
f 2912//3443 2611//3443 2612//3443
f 2912//3443 2612//3443 2614//3443
f 2607//3442 2609//3442 2913//3442
f 2913//3442 2609//3442 2912//3442
f 2913//3442 2912//3442 2765//3442
f 2765//3442 2912//3442 2614//3442
f 2605//3441 2607//3441 2914//3441
f 2914//3441 2607//3441 2913//3441
f 2914//3441 2913//3441 2763//3441
f 2763//3441 2913//3441 2765//3441
f 2603//3440 2605//3440 2915//3440
f 2915//3440 2605//3440 2914//3440
f 2915//3440 2914//3440 2761//3440
f 2761//3439 2914//3439 2763//3439
f 2601//3438 2603//3438 2916//3438
f 2916//3438 2603//3438 2915//3438
f 2916//3438 2915//3438 2759//3438
f 2759//3438 2915//3438 2761//3438
f 2599//3437 2601//3437 2917//3437
f 2917//3437 2601//3437 2916//3437
f 2917//3437 2916//3437 2757//3437
f 2757//3437 2916//3437 2759//3437
f 2752//3435 2595//3435 2597//3435
f 2597//3436 2599//3436 2918//3436
f 2918//3436 2599//3436 2917//3436
f 2918//3436 2917//3436 2755//3436
f 2755//3436 2917//3436 2757//3436
f 2753//3435 2752//3435 2918//3435
f 2918//3435 2752//3435 2597//3435
f 2753//3435 2918//3435 2755//3435
f 2832//3443 2830//3443 2919//3443
f 2919//3443 2830//3443 2920//3443
f 2919//3443 2920//3443 2824//3443
f 2824//3443 2920//3443 2823//3443
f 2834//3442 2832//3442 2921//3442
f 2921//3442 2832//3442 2919//3442
f 2921//3442 2919//3442 2825//3442
f 2825//3442 2919//3442 2824//3442
f 2836//3441 2834//3441 2922//3441
f 2922//3441 2834//3441 2921//3441
f 2922//3441 2921//3441 2826//3441
f 2826//3441 2921//3441 2825//3441
f 2838//3440 2836//3440 2923//3440
f 2923//3440 2836//3440 2922//3440
f 2923//3439 2922//3439 2827//3439
f 2827//3440 2922//3440 2826//3440
f 2623//3438 2838//3438 2924//3438
f 2924//3438 2838//3438 2923//3438
f 2924//3438 2923//3438 2828//3438
f 2828//3438 2923//3438 2827//3438
f 2902//3435 2748//3435 2750//3435
f 2902//3435 2750//3435 2626//3435
f 2626//3436 2750//3436 2624//3436
f 2920//3446 2830//3446 2086//3446
f 2623//3437 2924//3437 2625//3437
f 2625//3437 2924//3437 2829//3437
f 2625//3436 2829//3436 2627//3436
f 2829//3437 2924//3437 2828//3437
f 2823//3444 2920//3444 2086//3444
f 1907//3445 2900//3445 2925//3445
f 2925//3435 2900//3435 2926//3435
f 2925//3435 2926//3435 2894//3435
f 2894//3436 2926//3436 2896//3436
f 2894//3435 2892//3435 2925//3435
f 2925//3447 2892//3447 1907//3447
f 2645//3443 2647//3443 2927//3443
f 2927//3443 2647//3443 2648//3443
f 2927//3443 2648//3443 2650//3443
f 2899//3440 2641//3440 2889//3440
f 2889//3441 2641//3441 2643//3441
f 2639//3438 2898//3438 2637//3438
f 2637//3437 2898//3437 2928//3437
f 2637//3437 2928//3437 2635//3437
f 2635//3436 2928//3436 2929//3436
f 2635//3436 2929//3436 2633//3436
f 2633//3435 2929//3435 2901//3435
f 2645//3442 2927//3442 2890//3442
f 2890//3442 2927//3442 2930//3442
f 2890//3441 2930//3441 2888//3441
f 2888//3441 2930//3441 2931//3441
f 2888//3440 2931//3440 2886//3440
f 2886//3440 2931//3440 2932//3440
f 2886//3438 2932//3438 2884//3438
f 2884//3438 2932//3438 2933//3438
f 2884//3437 2933//3437 2882//3437
f 2882//3437 2933//3437 2934//3437
f 2882//3436 2934//3436 2880//3436
f 2880//3436 2934//3436 2935//3436
f 2880//3435 2935//3435 2878//3435
f 2878//3435 2935//3435 2877//3435
f 2930//3442 2927//3442 2650//3442
f 2897//3438 2899//3438 2887//3438
f 2887//3440 2899//3440 2889//3440
f 2898//3437 2896//3437 2928//3437
f 2928//3436 2896//3436 2926//3436
f 2928//3436 2926//3436 2929//3436
f 2929//3435 2926//3435 2900//3435
f 2929//3435 2900//3435 2901//3435
f 2931//3441 2930//3441 2652//3441
f 2652//3442 2930//3442 2650//3442
f 2895//3437 2897//3437 2885//3437
f 2885//3438 2897//3438 2887//3438
f 2651//3443 2813//3443 2936//3443
f 2936//3443 2813//3443 2814//3443
f 2936//3443 2814//3443 2811//3443
f 2932//3440 2931//3440 2654//3440
f 2654//3441 2931//3441 2652//3441
f 2893//3436 2895//3436 2883//3436
f 2883//3437 2895//3437 2885//3437
f 1909//3445 2668//3445 2937//3445
f 2937//3435 2668//3435 2670//3435
f 2937//3435 2670//3435 2875//3435
f 2875//3436 2670//3436 2672//3436
f 2651//3442 2936//3442 2653//3442
f 2653//3442 2936//3442 2812//3442
f 2653//3441 2812//3441 2655//3441
f 2812//3442 2936//3442 2811//3442
f 2933//3438 2932//3438 2656//3438
f 2656//3440 2932//3440 2654//3440
f 2891//3435 2893//3435 2881//3435
f 2881//3436 2893//3436 2883//3436
f 2875//3435 2873//3435 2937//3435
f 2937//3447 2873//3447 1909//3447
f 2934//3437 2933//3437 2658//3437
f 2658//3438 2933//3438 2656//3438
f 2879//3435 2891//3435 2881//3435
f 1909//3445 2871//3445 2938//3445
f 2938//3435 2871//3435 2939//3435
f 2938//3435 2939//3435 2861//3435
f 2861//3436 2939//3436 2863//3436
f 2935//3436 2934//3436 2660//3436
f 2660//3437 2934//3437 2658//3437
f 2861//3435 2859//3435 2938//3435
f 2938//3445 2859//3445 1909//3445
f 2728//3443 2805//3443 2729//3443
f 2729//3443 2805//3443 2731//3443
f 2805//3442 2806//3442 2731//3442
f 2731//3442 2806//3442 2733//3442
f 2806//3441 2807//3441 2733//3441
f 2733//3441 2807//3441 2735//3441
f 2807//3440 2808//3440 2735//3440
f 2735//3440 2808//3440 2737//3440
f 2808//3438 2809//3438 2737//3438
f 2737//3438 2809//3438 2659//3438
f 2809//3437 2661//3437 2659//3437
f 2877//3435 2935//3435 2662//3435
f 2662//3436 2935//3436 2660//3436
f 2699//3435 2701//3435 2857//3435
f 2857//3445 2701//3445 1909//3445
f 1909//3445 2704//3445 2940//3445
f 2940//3435 2704//3435 2706//3435
f 2940//3435 2706//3435 2941//3435
f 2941//3436 2706//3436 2708//3436
f 2941//3436 2708//3436 2942//3436
f 2942//3437 2708//3437 2710//3437
f 2942//3437 2710//3437 2943//3437
f 2943//3438 2710//3438 2712//3438
f 2943//3438 2712//3438 2944//3438
f 2944//3439 2712//3439 2714//3439
f 2944//3440 2714//3440 2945//3440
f 2945//3441 2714//3441 2716//3441
f 2945//3441 2716//3441 2946//3441
f 2946//3442 2716//3442 2718//3442
f 2946//3442 2718//3442 2947//3442
f 2947//3443 2718//3443 2720//3443
f 2947//3443 2720//3443 2721//3443
f 2792//3443 2790//3443 2948//3443
f 2948//3443 2790//3443 2949//3443
f 2948//3443 2949//3443 2681//3443
f 2681//3443 2949//3443 2683//3443
f 2794//3442 2792//3442 2950//3442
f 2950//3442 2792//3442 2948//3442
f 2950//3442 2948//3442 2679//3442
f 2679//3442 2948//3442 2681//3442
f 2796//3441 2794//3441 2951//3441
f 2951//3441 2794//3441 2950//3441
f 2951//3441 2950//3441 2677//3441
f 2677//3441 2950//3441 2679//3441
f 2798//3440 2796//3440 2952//3440
f 2952//3440 2796//3440 2951//3440
f 2952//3440 2951//3440 2675//3440
f 2675//3440 2951//3440 2677//3440
f 2800//3438 2798//3438 2953//3438
f 2953//3438 2798//3438 2952//3438
f 2953//3438 2952//3438 2673//3438
f 2673//3438 2952//3438 2675//3438
f 2802//3437 2800//3437 2954//3437
f 2954//3437 2800//3437 2953//3437
f 2954//3437 2953//3437 2671//3437
f 2671//3437 2953//3437 2673//3437
f 2666//3435 2665//3435 2804//3435
f 2804//3436 2802//3436 2955//3436
f 2955//3436 2802//3436 2954//3436
f 2955//3436 2954//3436 2669//3436
f 2669//3436 2954//3436 2671//3436
f 1909//3445 2940//3445 2844//3445
f 2844//3435 2940//3435 2941//3435
f 2844//3435 2941//3435 2846//3435
f 2846//3436 2941//3436 2942//3436
f 2846//3436 2942//3436 2848//3436
f 2848//3437 2942//3437 2943//3437
f 2848//3437 2943//3437 2850//3437
f 2850//3438 2943//3438 2944//3438
f 2850//3438 2944//3438 2852//3438
f 2852//3440 2944//3440 2945//3440
f 2852//3440 2945//3440 2854//3440
f 2854//3441 2945//3441 2946//3441
f 2854//3441 2946//3441 2856//3441
f 2856//3442 2946//3442 2947//3442
f 2856//3442 2947//3442 2723//3442
f 2723//3443 2947//3443 2721//3443
f 2949//3446 2790//3446 2401//3446
f 2667//3435 2666//3435 2955//3435
f 2955//3435 2666//3435 2804//3435
f 2667//3435 2955//3435 2669//3435
f 2683//3460 2949//3460 2401//3460
f 2682//3443 2684//3443 2956//3443
f 2956//3443 2684//3443 2685//3443
f 2956//3443 2685//3443 2687//3443
f 2680//3441 2869//3441 2678//3441
f 2678//3440 2869//3440 2957//3440
f 2678//3440 2957//3440 2676//3440
f 2676//3438 2957//3438 2958//3438
f 2676//3438 2958//3438 2674//3438
f 2674//3437 2958//3437 2876//3437
f 2682//3442 2956//3442 2870//3442
f 2870//3442 2956//3442 2959//3442
f 2870//3441 2959//3441 2868//3441
f 2868//3441 2959//3441 2960//3441
f 2868//3440 2960//3440 2866//3440
f 2866//3440 2960//3440 2961//3440
f 2866//3438 2961//3438 2864//3438
f 2864//3438 2961//3438 2962//3438
f 2864//3437 2962//3437 2862//3437
f 2862//3437 2962//3437 2963//3437
f 2862//3436 2963//3436 2860//3436
f 2860//3436 2963//3436 2964//3436
f 2860//3435 2964//3435 2858//3435
f 2858//3435 2964//3435 2857//3435
f 2959//3442 2956//3442 2687//3442
f 2869//3440 2867//3440 2957//3440
f 2957//3438 2867//3438 2965//3438
f 2957//3438 2965//3438 2958//3438
f 2958//3437 2965//3437 2966//3437
f 2958//3437 2966//3437 2876//3437
f 2876//3436 2966//3436 2874//3436
f 2789//3443 2688//3443 2686//3443
f 2960//3441 2959//3441 2689//3441
f 2689//3442 2959//3442 2687//3442
f 2867//3438 2865//3438 2965//3438
f 2965//3437 2865//3437 2967//3437
f 2965//3437 2967//3437 2966//3437
f 2966//3436 2967//3436 2968//3436
f 2966//3436 2968//3436 2874//3436
f 2874//3435 2968//3435 2872//3435
f 2789//3446 2686//3446 2401//3446
f 2961//3440 2960//3440 2691//3440
f 2691//3441 2960//3441 2689//3441
f 2865//3437 2863//3437 2967//3437
f 2967//3436 2863//3436 2939//3436
f 2967//3436 2939//3436 2968//3436
f 2968//3435 2939//3435 2871//3435
f 2968//3435 2871//3435 2872//3435
f 2962//3438 2961//3438 2693//3438
f 2693//3440 2961//3440 2691//3440
f 2786//3443 2784//3443 2969//3443
f 2969//3443 2784//3443 2970//3443
f 2969//3443 2970//3443 2780//3443
f 2780//3443 2970//3443 2779//3443
f 2788//3442 2786//3442 2971//3442
f 2971//3442 2786//3442 2969//3442
f 2971//3442 2969//3442 2781//3442
f 2781//3442 2969//3442 2780//3442
f 2692//3441 2788//3441 2972//3441
f 2972//3441 2788//3441 2971//3441
f 2972//3441 2971//3441 2782//3441
f 2782//3441 2971//3441 2781//3441
f 2963//3437 2962//3437 2695//3437
f 2695//3438 2962//3438 2693//3438
f 2970//3446 2784//3446 2401//3446
f 2692//3440 2972//3440 2694//3440
f 2694//3440 2972//3440 2783//3440
f 2694//3438 2783//3438 2696//3438
f 2783//3440 2972//3440 2782//3440
f 2964//3436 2963//3436 2697//3436
f 2697//3437 2963//3437 2695//3437
f 2779//3444 2970//3444 2401//3444
f 2857//3435 2964//3435 2699//3435
f 2699//3436 2964//3436 2697//3436
f 2768//3443 2766//3443 2973//3443
f 2973//3443 2766//3443 2974//3443
f 2973//3443 2974//3443 2717//3443
f 2717//3443 2974//3443 2719//3443
f 2770//3442 2768//3442 2975//3442
f 2975//3442 2768//3442 2973//3442
f 2975//3442 2973//3442 2715//3442
f 2715//3442 2973//3442 2717//3442
f 2772//3441 2770//3441 2976//3441
f 2976//3441 2770//3441 2975//3441
f 2976//3441 2975//3441 2713//3441
f 2713//3441 2975//3441 2715//3441
f 2774//3440 2772//3440 2977//3440
f 2977//3440 2772//3440 2976//3440
f 2977//3440 2976//3440 2711//3440
f 2711//3440 2976//3440 2713//3440
f 2776//3438 2774//3438 2978//3438
f 2978//3438 2774//3438 2977//3438
f 2978//3438 2977//3438 2709//3438
f 2709//3438 2977//3438 2711//3438
f 2778//3437 2776//3437 2979//3437
f 2979//3437 2776//3437 2978//3437
f 2979//3437 2978//3437 2707//3437
f 2707//3437 2978//3437 2709//3437
f 2700//3436 2778//3436 2980//3436
f 2980//3436 2778//3436 2979//3436
f 2980//3436 2979//3436 2705//3436
f 2705//3436 2979//3436 2707//3436
f 2974//3446 2766//3446 2401//3446
f 2703//3435 2702//3435 2980//3435
f 2980//3435 2702//3435 2700//3435
f 2703//3435 2980//3435 2705//3435
f 2719//3444 2974//3444 2401//3444
f 1909//3445 2845//3445 2745//3445
f 1811//2397 1844//2397 1781//2397
f 1781//2397 1844//2397 1779//2397
f 1861//2416 1762//2416 1857//2416
f 1857//2416 1762//2416 1767//2416
f 1857//2416 1767//2416 1854//2416
f 1854//2416 1767//2416 1769//2416
f 1847//2420 1849//2420 1776//2420
f 1776//2420 1849//2420 1775//2420
f 1775//3462 1849//3462 1850//3462
f 1775//3462 1850//3462 1773//3462
f 1773//2424 1850//2424 1852//2424
f 1773//2424 1852//2424 1771//2424
f 1771//2425 1852//2425 1854//2425
f 1771//2425 1854//2425 1769//2425
f 1844//2426 1846//2426 1779//2426
f 1779//2426 1846//2426 1778//2426
f 1778//2427 1846//2427 1847//2427
f 1778//2427 1847//2427 1776//2427
f 1758//3463 1757//3463 1759//3463
f 1759//3464 1757//3464 1756//3464
f 1759//3465 1756//3465 1755//3465
f 1755//3466 1820//3466 1759//3466
f 1759//3467 1820//3467 1800//3467
f 1800//3468 1820//3468 1799//3468
f 1799//3469 1820//3469 1819//3469
f 1799//3470 1819//3470 1798//3470
f 1798//3471 1819//3471 1818//3471
f 1798//3472 1818//3472 1797//3472
f 1797//3472 1818//3472 1817//3472
f 1797//2407 1817//2407 1796//2407
f 1796//2407 1817//2407 1816//2407
f 1796//3473 1816//3473 1795//3473
f 1795//3474 1816//3474 1809//3474
f 1795//3475 1809//3475 1781//3475
f 1781//3476 1809//3476 1811//3476
f 2981//3477 2982//3477 1772//3477
f 1772//3478 2982//3478 2983//3478
f 1772//3479 2983//3479 2984//3479
f 2984//3480 2983//3480 2981//3480
f 2984//3481 2981//3481 2985//3481
f 2985//3482 2981//3482 2986//3482
f 2985//3483 2986//3483 2987//3483
f 2987//3484 2986//3484 2988//3484
f 2987//3485 2988//3485 2989//3485
f 2989//3486 2988//3486 2990//3486
f 2989//3487 2990//3487 2991//3487
f 2991//3488 2990//3488 2986//3488
f 2991//3489 2986//3489 2992//3489
f 2992//3490 2986//3490 2993//3490
f 2992//3491 2993//3491 2989//3491
f 2989//3492 2993//3492 2994//3492
f 2989//3493 2994//3493 2995//3493
f 2995//3494 2994//3494 2986//3494
f 2995//3495 2986//3495 2996//3495
f 2997//3496 2998//3496 2996//3496
f 2996//3497 2998//3497 2999//3497
f 2996//3498 2999//3498 3000//3498
f 3000//3499 2999//3499 3001//3499
f 3000//3500 3001//3500 3002//3500
f 3002//3501 3001//3501 3003//3501
f 3002//3502 3003//3502 2996//3502
f 2996//3503 3003//3503 3004//3503
f 2996//3504 3004//3504 3005//3504
f 3005//3505 3004//3505 3001//3505
f 3005//3506 3001//3506 3006//3506
f 3006//3507 3001//3507 2995//3507
f 3006//3508 2995//3508 2996//3508
f 3007//3509 3008//3509 2997//3509
f 2997//3510 3008//3510 3009//3510
f 2997//3511 3009//3511 3010//3511
f 3010//3512 3009//3512 3011//3512
f 3010//3513 3011//3513 3012//3513
f 3012//3514 3011//3514 3013//3514
f 3012//3515 3013//3515 2997//3515
f 2997//3516 3013//3516 3014//3516
f 2997//3517 3014//3517 3015//3517
f 3015//3518 3014//3518 3011//3518
f 3015//3519 3011//3519 2998//3519
f 2998//3520 3011//3520 3001//3520
f 2998//3521 3001//3521 2999//3521
f 1782//3522 3016//3522 3007//3522
f 3007//3523 3016//3523 3017//3523
f 3007//3524 3017//3524 3018//3524
f 3018//3525 3017//3525 1782//3525
f 3018//3526 1782//3526 3008//3526
f 3008//3527 1782//3527 3011//3527
f 3008//3528 3011//3528 3009//3528
f 3001//3529 2989//3529 2995//3529
f 2989//3530 1772//3530 2987//3530
f 2987//3531 1772//3531 2985//3531
f 2981//3532 2983//3532 2982//3532
f 2984//3533 2985//3533 1772//3533
f 2988//3534 2986//3534 2990//3534
f 2989//3489 2991//3489 2992//3489
f 2993//3535 2986//3535 2994//3535
f 3006//3536 2996//3536 3005//3536
f 3004//3503 3003//3503 3001//3503
f 2996//3537 3000//3537 3002//3537
f 2997//3538 3015//3538 2998//3538
f 3014//3539 3013//3539 3011//3539
f 2997//3540 3010//3540 3012//3540
f 3007//3541 3018//3541 3008//3541
f 1782//3542 3017//3542 3016//3542
f 3007//3543 3019//3543 1782//3543
f 1782//3544 3019//3544 3020//3544
f 1782//3544 3020//3544 1787//3544
f 3021//3545 3022//3545 3007//3545
f 3007//3544 3022//3544 3019//3544
f 3020//3546 3023//3546 1787//3546
f 1787//3547 3023//3547 3024//3547
f 1787//3548 3024//3548 3025//3548
f 3025//3549 3024//3549 3026//3549
f 3025//3550 3026//3550 3027//3550
f 3027//3550 3026//3550 3028//3550
f 3027//3551 3028//3551 3029//3551
f 3020//3546 3019//3546 3023//3546
f 3023//3546 3019//3546 3022//3546
f 3023//3552 3022//3552 3021//3552
f 3023//3553 3021//3553 3024//3553
f 3024//3554 3021//3554 3028//3554
f 3024//3555 3028//3555 3026//3555
f 3027//3556 3029//3556 3030//3556
f 3030//3557 3029//3557 3031//3557
f 3030//3558 3031//3558 3032//3558
f 3030//3559 3032//3559 3033//3559
f 3033//3560 3032//3560 3034//3560
f 3033//3561 3034//3561 3035//3561
f 3035//3562 3034//3562 3036//3562
f 3035//3563 3036//3563 3037//3563
f 3037//3564 3036//3564 3038//3564
f 3037//3565 3038//3565 3039//3565
f 3037//3566 3039//3566 3040//3566
f 3040//3567 3039//3567 3041//3567
f 3040//3568 3041//3568 3042//3568
f 3042//3569 3041//3569 3043//3569
f 3042//3570 3043//3570 3044//3570
f 3044//3571 3043//3571 3045//3571
f 3044//3572 3045//3572 3046//3572
f 3046//3573 3045//3573 3047//3573
f 3046//3574 3047//3574 3048//3574
f 3048//3575 3047//3575 3049//3575
f 3048//3576 3049//3576 3050//3576
f 3050//3577 3049//3577 3051//3577
f 3050//3578 3051//3578 3052//3578
f 3052//3579 3051//3579 3047//3579
f 3052//3580 3047//3580 3053//3580
f 3052//3581 3053//3581 3054//3581
f 3054//3582 3053//3582 3055//3582
f 3054//3582 3055//3582 3056//3582
f 3056//3582 3057//3582 3054//3582
f 3054//3583 3057//3583 1794//3583
f 3054//3584 1794//3584 3052//3584
f 3052//3585 1794//3585 3050//3585
f 3050//3586 3058//3586 3048//3586
f 3048//3587 3058//3587 3046//3587
f 3059//3588 3042//3588 3058//3588
f 3058//3589 3042//3589 3044//3589
f 3058//3590 3044//3590 3046//3590
f 3042//3591 3059//3591 3040//3591
f 3040//3592 3059//3592 3060//3592
f 3040//3593 3060//3593 3037//3593
f 3037//3594 3060//3594 3061//3594
f 3037//3595 3061//3595 3062//3595
f 3037//3596 3062//3596 3035//3596
f 3035//3597 3062//3597 3063//3597
f 3035//3598 3063//3598 3033//3598
f 3033//3599 3063//3599 3064//3599
f 3033//3600 3064//3600 3065//3600
f 3033//3601 3065//3601 3030//3601
f 3030//3602 3065//3602 3066//3602
f 3030//3603 3066//3603 3027//3603
f 3027//3604 3066//3604 3025//3604
f 3047//3605 3051//3605 3049//3605
f 1794//3606 3057//3606 3067//3606
f 3067//3607 3057//3607 3056//3607
f 3067//3608 3056//3608 3055//3608
f 3055//3609 3053//3609 3067//3609
f 3067//3610 3068//3610 1794//3610
f 1794//3611 3068//3611 3069//3611
f 1794//3612 3069//3612 3070//3612
f 3070//3613 3069//3613 3067//3613
f 3070//3614 3067//3614 3071//3614
f 3071//3615 3067//3615 3072//3615
f 3071//3616 3072//3616 3073//3616
f 3073//3617 3072//3617 3074//3617
f 3073//3618 3074//3618 3075//3618
f 3075//3619 3074//3619 3076//3619
f 3075//3620 3076//3620 3077//3620
f 3077//3621 3076//3621 3072//3621
f 3077//3622 3072//3622 3078//3622
f 3078//3623 3072//3623 3079//3623
f 3078//3624 3079//3624 3075//3624
f 3075//3625 3079//3625 3080//3625
f 3075//3626 3080//3626 3081//3626
f 3081//3627 3080//3627 3072//3627
f 3081//3628 3072//3628 3082//3628
f 3083//3629 3084//3629 3082//3629
f 3082//3630 3084//3630 3085//3630
f 3082//3631 3085//3631 3086//3631
f 3086//3632 3085//3632 3087//3632
f 3086//3633 3087//3633 3088//3633
f 3088//3634 3087//3634 3089//3634
f 3088//3635 3089//3635 3082//3635
f 3082//3636 3089//3636 3090//3636
f 3082//3637 3090//3637 3091//3637
f 3091//3638 3090//3638 3087//3638
f 3091//3639 3087//3639 3092//3639
f 3092//3640 3087//3640 3081//3640
f 3092//3641 3081//3641 3082//3641
f 3093//3642 3094//3642 3083//3642
f 3083//3643 3094//3643 3095//3643
f 3083//3644 3095//3644 3096//3644
f 3096//3645 3095//3645 3097//3645
f 3096//3646 3097//3646 3098//3646
f 3098//3647 3097//3647 3099//3647
f 3098//3647 3099//3647 3083//3647
f 3083//3648 3099//3648 3100//3648
f 3083//3649 3100//3649 3101//3649
f 3101//3650 3100//3650 3097//3650
f 3101//3651 3097//3651 3102//3651
f 3102//3652 3097//3652 3084//3652
f 3102//3653 3084//3653 3083//3653
f 1806//3654 3103//3654 3093//3654
f 3093//3655 3103//3655 3104//3655
f 3093//3656 3104//3656 3105//3656
f 3105//3657 3104//3657 1806//3657
f 3105//3658 1806//3658 3094//3658
f 3094//3659 1806//3659 3097//3659
f 3094//3660 3097//3660 3095//3660
f 3097//3661 3087//3661 3084//3661
f 3084//3662 3087//3662 3085//3662
f 3087//3663 3075//3663 3081//3663
f 3073//3664 3075//3664 3071//3664
f 3071//3665 3075//3665 1794//3665
f 3071//3666 1794//3666 3070//3666
f 3067//3667 3069//3667 3068//3667
f 3074//3668 3072//3668 3076//3668
f 3075//3669 3077//3669 3078//3669
f 3079//3670 3072//3670 3080//3670
f 3092//3671 3082//3671 3091//3671
f 3090//3672 3089//3672 3087//3672
f 3082//3673 3086//3673 3088//3673
f 3102//3674 3083//3674 3101//3674
f 3100//3675 3099//3675 3097//3675
f 3083//3676 3096//3676 3098//3676
f 3093//3677 3105//3677 3094//3677
f 1806//3678 3104//3678 3103//3678
f 3093//3679 3106//3679 1806//3679
f 1806//3679 3106//3679 3107//3679
f 1806//3680 3107//3680 3108//3680
f 3108//3681 3107//3681 3093//3681
f 3108//3682 3093//3682 3109//3682
f 3108//3683 3109//3683 3110//3683
f 3110//3683 3109//3683 3111//3683
f 3110//3684 3111//3684 3108//3684
f 3108//3685 3111//3685 1806//3685
f 3093//3686 3107//3686 3106//3686
f 3109//3687 3112//3687 3111//3687
f 3111//3688 3112//3688 3113//3688
f 3111//3689 3113//3689 3114//3689
f 3114//3690 3113//3690 3109//3690
f 3114//3691 3109//3691 3115//3691
f 3115//3692 3109//3692 3116//3692
f 3115//3693 3116//3693 3117//3693
f 3117//3694 3116//3694 3118//3694
f 3117//3695 3118//3695 3119//3695
f 3119//3696 3118//3696 3109//3696
f 3119//3697 3109//3697 3120//3697
f 3121//3698 3122//3698 3120//3698
f 3120//3699 3122//3699 3123//3699
f 3120//3700 3123//3700 3124//3700
f 3124//3701 3123//3701 3125//3701
f 3124//3702 3125//3702 3126//3702
f 3126//3703 3125//3703 3127//3703
f 3126//3704 3127//3704 3120//3704
f 3120//3705 3127//3705 3128//3705
f 3120//3706 3128//3706 3129//3706
f 3129//3707 3128//3707 3125//3707
f 3129//3708 3125//3708 3130//3708
f 3130//3709 3125//3709 3117//3709
f 3130//3710 3117//3710 3131//3710
f 3131//3711 3117//3711 3132//3711
f 3131//3712 3132//3712 3120//3712
f 3120//3713 3132//3713 3133//3713
f 3120//3714 3133//3714 3134//3714
f 3134//3715 3133//3715 3117//3715
f 3134//3716 3117//3716 3135//3716
f 3135//3717 3117//3717 3119//3717
f 3135//3718 3119//3718 3120//3718
f 3136//3719 3137//3719 3121//3719
f 3121//3720 3137//3720 3138//3720
f 3121//3721 3138//3721 3139//3721
f 3139//3722 3138//3722 3140//3722
f 3139//3723 3140//3723 3141//3723
f 3141//3724 3140//3724 3142//3724
f 3141//3724 3142//3724 3121//3724
f 3121//3725 3142//3725 3143//3725
f 3121//3726 3143//3726 3144//3726
f 3144//3727 3143//3727 3140//3727
f 3144//3728 3140//3728 3145//3728
f 3145//3729 3140//3729 3122//3729
f 3145//3730 3122//3730 3121//3730
f 3146//3731 3147//3731 3136//3731
f 3136//3732 3147//3732 3148//3732
f 3136//3733 3148//3733 3149//3733
f 3149//3734 3148//3734 3146//3734
f 3149//3735 3146//3735 3137//3735
f 3137//3736 3146//3736 3140//3736
f 3137//3737 3140//3737 3138//3737
f 3140//3738 3125//3738 3122//3738
f 3122//3739 3125//3739 3123//3739
f 3117//3740 3111//3740 3115//3740
f 3115//3741 3111//3741 3114//3741
f 3146//3742 3148//3742 3147//3742
f 3136//3743 3149//3743 3137//3743
f 3121//3744 3139//3744 3141//3744
f 3140//3745 3143//3745 3142//3745
f 3145//3746 3121//3746 3144//3746
f 3120//3747 3124//3747 3126//3747
f 3125//3748 3128//3748 3127//3748
f 3130//3749 3131//3749 3120//3749
f 3117//3750 3133//3750 3132//3750
f 3134//3751 3135//3751 3120//3751
f 3118//3752 3116//3752 3109//3752
f 3109//3753 3113//3753 3112//3753
f 3120//3754 3129//3754 3130//3754
f 3146//3755 3136//3755 3150//3755
f 3150//3756 3136//3756 3151//3756
f 3151//3757 3136//3757 3152//3757
f 3151//3758 3152//3758 3153//3758
f 3153//3759 3152//3759 3154//3759
f 3155//3760 3146//3760 3156//3760
f 3156//3761 3146//3761 3150//3761
f 3156//3762 3150//3762 3151//3762
f 3151//3762 3153//3762 3156//3762
f 3156//3763 3153//3763 3154//3763
f 3156//3764 3154//3764 3157//3764
f 3158//3765 3159//3765 3157//3765
f 3157//3766 3159//3766 3160//3766
f 3157//3767 3160//3767 3161//3767
f 3161//3768 3160//3768 3155//3768
f 3161//3769 3155//3769 3156//3769
f 3162//3770 3163//3770 3158//3770
f 3158//3771 3163//3771 3164//3771
f 3158//3772 3164//3772 3165//3772
f 3165//3773 3164//3773 3166//3773
f 3165//3774 3166//3774 3159//3774
f 3159//3775 3166//3775 3155//3775
f 3159//3776 3155//3776 3160//3776
f 3167//3777 3168//3777 3162//3777
f 3162//3778 3168//3778 3169//3778
f 3162//3779 3169//3779 3170//3779
f 3170//3780 3169//3780 3171//3780
f 3170//3781 3171//3781 3163//3781
f 3163//3782 3171//3782 3166//3782
f 3163//3771 3166//3771 3164//3771
f 3168//3783 3167//3783 3172//3783
f 3172//3784 3167//3784 3173//3784
f 3172//3785 3173//3785 3174//3785
f 3174//3786 3173//3786 3175//3786
f 3174//3787 3175//3787 3176//3787
f 3176//3788 3175//3788 3177//3788
f 3176//3789 3177//3789 3178//3789
f 3178//3790 3177//3790 3179//3790
f 3179//3791 3177//3791 3180//3791
f 3179//3792 3180//3792 3181//3792
f 3181//3793 3180//3793 3182//3793
f 3181//3794 3182//3794 3183//3794
f 3183//3795 3182//3795 3184//3795
f 3183//3796 3184//3796 3185//3796
f 3185//3797 3184//3797 3186//3797
f 3185//3798 3186//3798 3187//3798
f 3187//3799 3186//3799 3188//3799
f 3187//3800 3188//3800 3189//3800
f 3189//3801 3188//3801 3190//3801
f 3189//3802 3190//3802 3191//3802
f 3191//3803 3190//3803 3192//3803
f 3191//3804 3192//3804 3193//3804
f 3175//3805 3194//3805 3177//3805
f 3177//3806 3194//3806 3180//3806
f 3194//3807 3195//3807 3180//3807
f 3180//3793 3195//3793 3182//3793
f 3195//3808 3196//3808 3182//3808
f 3182//3809 3196//3809 3184//3809
f 3196//3810 3188//3810 3184//3810
f 3184//3811 3188//3811 3186//3811
f 3193//3812 3197//3812 3191//3812
f 3191//3802 3197//3802 3189//3802
f 3197//3813 3185//3813 3189//3813
f 3189//3814 3185//3814 3187//3814
f 3176//3815 3178//3815 3174//3815
f 3174//3816 3178//3816 3198//3816
f 3174//3817 3198//3817 3172//3817
f 3172//3818 3198//3818 3199//3818
f 3172//3819 3199//3819 3168//3819
f 3168//3820 3199//3820 3171//3820
f 3168//3821 3171//3821 3169//3821
f 3162//3822 3170//3822 3163//3822
f 3159//3823 3158//3823 3165//3823
f 3157//3824 3161//3824 3156//3824
f 3192//3825 3200//3825 3193//3825
f 3193//3826 3200//3826 3201//3826
f 3193//3827 3201//3827 3202//3827
f 3202//3828 3201//3828 3192//3828
f 3202//3829 3192//3829 3203//3829
f 3203//3830 3192//3830 3204//3830
f 3203//3831 3204//3831 3193//3831
f 3193//3832 3204//3832 3205//3832
f 3193//3833 3205//3833 3206//3833
f 3206//3834 3205//3834 3192//3834
f 3206//3835 3192//3835 3207//3835
f 3207//3836 3192//3836 3208//3836
f 3207//3837 3208//3837 3193//3837
f 3193//3838 3208//3838 3209//3838
f 3193//3839 3209//3839 3210//3839
f 3210//3840 3209//3840 3211//3840
f 3210//3841 3211//3841 3212//3841
f 3212//3842 3211//3842 3213//3842
f 3212//3843 3213//3843 3214//3843
f 3214//3844 3213//3844 3215//3844
f 3214//3845 3215//3845 3210//3845
f 3210//3846 3215//3846 3216//3846
f 3210//3847 3216//3847 3217//3847
f 3217//3848 3216//3848 3213//3848
f 3217//3849 3213//3849 3218//3849
f 3218//3850 3213//3850 3219//3850
f 3218//3851 3219//3851 3210//3851
f 3210//3852 3219//3852 3220//3852
f 3210//3853 3220//3853 3213//3853
f 3213//3854 3220//3854 3219//3854
f 3208//3855 3192//3855 3209//3855
f 3209//3856 3192//3856 3213//3856
f 3209//3857 3213//3857 3211//3857
f 3192//3858 3201//3858 3200//3858
f 3203//3859 3193//3859 3202//3859
f 3192//3860 3205//3860 3204//3860
f 3207//3861 3193//3861 3206//3861
f 3214//3862 3210//3862 3212//3862
f 3213//3863 3216//3863 3215//3863
f 3218//3864 3210//3864 3217//3864
f 3213//3865 3221//3865 3210//3865
f 3210//3866 3221//3866 3222//3866
f 3210//3867 3222//3867 3223//3867
f 3223//3868 3222//3868 3213//3868
f 3223//3869 3213//3869 3224//3869
f 3224//3870 3213//3870 3225//3870
f 3224//3871 3225//3871 3226//3871
f 3226//3872 3225//3872 3227//3872
f 3226//3873 3227//3873 3228//3873
f 3228//3874 3227//3874 3229//3874
f 3228//3875 3229//3875 3230//3875
f 3230//3875 3229//3875 3225//3875
f 3230//3876 3225//3876 3231//3876
f 3231//3877 3225//3877 3232//3877
f 3231//3878 3232//3878 3228//3878
f 3228//3879 3232//3879 3233//3879
f 3233//3880 3232//3880 3234//3880
f 3233//3881 3234//3881 3235//3881
f 3235//3882 3234//3882 3236//3882
f 3235//3883 3236//3883 3237//3883
f 3237//3884 3236//3884 3238//3884
f 3237//3885 3238//3885 3233//3885
f 3233//3886 3238//3886 3239//3886
f 3233//3887 3239//3887 3240//3887
f 3240//3888 3239//3888 3236//3888
f 3240//3889 3236//3889 3241//3889
f 3241//3890 3236//3890 3242//3890
f 3241//3891 3242//3891 3243//3891
f 3243//3892 3242//3892 3244//3892
f 3243//3893 3244//3893 3245//3893
f 3245//3894 3244//3894 3246//3894
f 3245//3895 3246//3895 3247//3895
f 3247//3895 3246//3895 3242//3895
f 3247//3896 3242//3896 3248//3896
f 3248//3897 3242//3897 3249//3897
f 3248//3898 3249//3898 3245//3898
f 3245//3899 3249//3899 3250//3899
f 3245//3900 3250//3900 3251//3900
f 3251//3901 3250//3901 3252//3901
f 3251//3902 3252//3902 3253//3902
f 3253//3903 3252//3903 3250//3903
f 3253//3904 3250//3904 3249//3904
f 3225//3905 3236//3905 3232//3905
f 3232//3906 3236//3906 3234//3906
f 3242//3907 3253//3907 3249//3907
f 3243//3908 3245//3908 3241//3908
f 3241//3909 3245//3909 3233//3909
f 3241//3910 3233//3910 3240//3910
f 3226//3911 3228//3911 3224//3911
f 3224//3912 3228//3912 3210//3912
f 3224//3913 3210//3913 3223//3913
f 3248//3914 3245//3914 3247//3914
f 3242//3915 3246//3915 3244//3915
f 3239//3916 3238//3916 3236//3916
f 3233//3917 3235//3917 3237//3917
f 3231//3918 3228//3918 3230//3918
f 3225//3874 3229//3874 3227//3874
f 3221//3919 3213//3919 3222//3919
f 3253//3920 3254//3920 3251//3920
f 3251//3921 3254//3921 3255//3921
f 3251//3922 3255//3922 3256//3922
f 3256//3923 3255//3923 3253//3923
f 3256//3924 3253//3924 3257//3924
f 3257//3925 3253//3925 3258//3925
f 3257//3926 3258//3926 3259//3926
f 3259//3927 3258//3927 3260//3927
f 3259//3928 3260//3928 3261//3928
f 3261//3929 3260//3929 3262//3929
f 3261//3930 3262//3930 3263//3930
f 3263//3931 3262//3931 3258//3931
f 3263//3932 3258//3932 3264//3932
f 3264//3933 3258//3933 3265//3933
f 3264//3934 3265//3934 3261//3934
f 3261//3935 3265//3935 3266//3935
f 3261//3936 3266//3936 3267//3936
f 3267//3937 3266//3937 3268//3937
f 3267//3938 3268//3938 3269//3938
f 3269//3939 3268//3939 3270//3939
f 3269//3940 3270//3940 3271//3940
f 3271//3941 3270//3941 3272//3941
f 3271//3942 3272//3942 3273//3942
f 3273//3942 3272//3942 3268//3942
f 3273//3943 3268//3943 3274//3943
f 3274//3944 3268//3944 3275//3944
f 3274//3945 3275//3945 3271//3945
f 3271//3946 3275//3946 3276//3946
f 3271//3947 3276//3947 3277//3947
f 3277//3948 3276//3948 3268//3948
f 3277//3949 3268//3949 3278//3949
f 3265//3950 3258//3950 3266//3950
f 3266//3951 3258//3951 3268//3951
f 3279//3952 3280//3952 3278//3952
f 3278//3953 3280//3953 3281//3953
f 3278//3954 3281//3954 3282//3954
f 3282//3955 3281//3955 3283//3955
f 3282//3956 3283//3956 3284//3956
f 3284//3957 3283//3957 3285//3957
f 3284//3958 3285//3958 3278//3958
f 3278//3959 3285//3959 3286//3959
f 3278//3960 3286//3960 3277//3960
f 3277//3961 3286//3961 3283//3961
f 3277//3962 3283//3962 3271//3962
f 3287//3963 3288//3963 3279//3963
f 3279//3964 3288//3964 3289//3964
f 3279//3965 3289//3965 3290//3965
f 3290//3965 3289//3965 3291//3965
f 3290//3966 3291//3966 3280//3966
f 3280//3967 3291//3967 3283//3967
f 3280//3968 3283//3968 3281//3968
f 3292//3969 3293//3969 3287//3969
f 3287//3970 3293//3970 3294//3970
f 3287//3971 3294//3971 3288//3971
f 3288//3971 3294//3971 3295//3971
f 3288//3972 3295//3972 3291//3972
f 3292//3973 3296//3973 3293//3973
f 3293//3974 3296//3974 3295//3974
f 3293//3975 3295//3975 3294//3975
f 3269//3976 3271//3976 3267//3976
f 3267//3977 3271//3977 3261//3977
f 3259//3978 3261//3978 3257//3978
f 3257//3979 3261//3979 3251//3979
f 3257//3980 3251//3980 3256//3980
f 3280//3981 3279//3981 3290//3981
f 3291//3964 3289//3964 3288//3964
f 3278//3982 3282//3982 3284//3982
f 3275//3983 3268//3983 3276//3983
f 3285//3984 3283//3984 3286//3984
f 3273//3943 3274//3943 3271//3943
f 3270//3985 3268//3985 3272//3985
f 3263//3986 3264//3986 3261//3986
f 3260//3987 3258//3987 3262//3987
f 3253//3988 3255//3988 3254//3988
f 3292//3989 3297//3989 3296//3989
f 3296//3990 3297//3990 3298//3990
f 3296//3991 3298//3991 1766//3991
f 1766//3992 3298//3992 3299//3992
f 1766//3993 3299//3993 3300//3993
f 3300//3994 3299//3994 3298//3994
f 3300//3995 3298//3995 3292//3995
f 3292//3996 3298//3996 3297//3996
f 3300//3997 3301//3997 1766//3997
f 1766//3998 3301//3998 3302//3998
f 1766//3999 3302//3999 3303//3999
f 3303//4000 3302//4000 3304//4000
f 3303//4001 3304//4001 3305//4001
f 3305//4002 3304//4002 3306//4002
f 3305//4003 3306//4003 3307//4003
f 3307//4004 3306//4004 3308//4004
f 3307//4005 3308//4005 3309//4005
f 3309//4006 3308//4006 3310//4006
f 3309//4007 3310//4007 3311//4007
f 3311//4008 3310//4008 3312//4008
f 3311//4009 3312//4009 3313//4009
f 3313//4010 3312//4010 3314//4010
f 3314//4011 3312//4011 3315//4011
f 3314//4012 3315//4012 3316//4012
f 3316//4013 3315//4013 3310//4013
f 3316//4014 3310//4014 3317//4014
f 3301//4015 3300//4015 3302//4015
f 3302//4016 3300//4016 3318//4016
f 3302//4017 3318//4017 3304//4017
f 3304//4018 3318//4018 3306//4018
f 3318//4019 3308//4019 3306//4019
f 3319//4020 3320//4020 3317//4020
f 3317//4021 3320//4021 3321//4021
f 3317//4022 3321//4022 3322//4022
f 3322//4023 3321//4023 3314//4023
f 3322//4024 3314//4024 3323//4024
f 3323//4025 3314//4025 3316//4025
f 3323//4026 3316//4026 3317//4026
f 3324//4027 3325//4027 3319//4027
f 3319//4028 3325//4028 3326//4028
f 3319//4029 3326//4029 3327//4029
f 3327//4030 3326//4030 3328//4030
f 3327//4031 3328//4031 3329//4031
f 3329//4032 3328//4032 3330//4032
f 3329//4033 3330//4033 3319//4033
f 3319//4034 3330//4034 3331//4034
f 3319//4035 3331//4035 3332//4035
f 3332//4036 3331//4036 3328//4036
f 3332//4037 3328//4037 3320//4037
f 3320//4038 3328//4038 3314//4038
f 3320//4039 3314//4039 3321//4039
f 3333//4040 3334//4040 3324//4040
f 3324//4041 3334//4041 3335//4041
f 3324//4042 3335//4042 3336//4042
f 3336//4043 3335//4043 3337//4043
f 3336//4044 3337//4044 3338//4044
f 3338//4045 3337//4045 3339//4045
f 3338//4046 3339//4046 3324//4046
f 3324//4047 3339//4047 3340//4047
f 3324//4048 3340//4048 3341//4048
f 3341//4049 3340//4049 3337//4049
f 3341//4050 3337//4050 3328//4050
f 3342//4051 3343//4051 3333//4051
f 3333//4052 3343//4052 3344//4052
f 3333//4053 3344//4053 3345//4053
f 3345//4054 3344//4054 3337//4054
f 3345//4055 3337//4055 3334//4055
f 3334//4056 3337//4056 3335//4056
f 3346//4057 3347//4057 3342//4057
f 3342//4058 3347//4058 3348//4058
f 3342//4059 3348//4059 3343//4059
f 3343//4060 3348//4060 1772//4060
f 3343//4061 1772//4061 3344//4061
f 3344//4062 1772//4062 3337//4062
f 3346//4063 2981//4063 3347//4063
f 3347//4064 2981//4064 1772//4064
f 3347//4065 1772//4065 3348//4065
f 3305//4066 3307//4066 3313//4066
f 3313//4067 3307//4067 3309//4067
f 3313//4068 3309//4068 3311//4068
f 3315//4069 3312//4069 3310//4069
f 3317//4070 3322//4070 3323//4070
f 3319//4071 3332//4071 3320//4071
f 3319//4072 3327//4072 3329//4072
f 3339//4073 3337//4073 3340//4073
f 3324//4074 3341//4074 3325//4074
f 3325//4075 3341//4075 3328//4075
f 3325//4076 3328//4076 3326//4076
f 3336//4044 3338//4044 3324//4044
f 3334//4077 3333//4077 3345//4077
f 3330//4078 3328//4078 3331//4078
f 3296//4079 1766//4079 3349//4079
f 3349//4080 1766//4080 3303//4080
f 3349//4081 3303//4081 3305//4081
f 3349//4082 3305//4082 3350//4082
f 3350//4083 3305//4083 3313//4083
f 3350//4084 3313//4084 3351//4084
f 3351//4085 3313//4085 3352//4085
f 3351//4085 3352//4085 3291//4085
f 3291//4086 3352//4086 3353//4086
f 3291//4087 3353//4087 3283//4087
f 3283//4088 3353//4088 3354//4088
f 3283//4089 3354//4089 3355//4089
f 3355//4089 3354//4089 3314//4089
f 3355//4090 3314//4090 3328//4090
f 3352//4091 3313//4091 3353//4091
f 3353//4092 3313//4092 3314//4092
f 3353//4088 3314//4088 3354//4088
f 3355//4093 3328//4093 3356//4093
f 3356//4094 3328//4094 3337//4094
f 3356//4095 3337//4095 3357//4095
f 3357//4096 3337//4096 3358//4096
f 3357//4096 3358//4096 3261//4096
f 3261//4097 3358//4097 3251//4097
f 3251//4098 3358//4098 1772//4098
f 1772//4099 3358//4099 3337//4099
f 3261//4100 3271//4100 3357//4100
f 3357//4101 3271//4101 3356//4101
f 3356//4093 3271//4093 3355//4093
f 3355//4102 3271//4102 3283//4102
f 3291//4103 3295//4103 3351//4103
f 3351//4104 3295//4104 3350//4104
f 3350//4082 3295//4082 3349//4082
f 3349//4105 3295//4105 3296//4105
f 3251//4106 1772//4106 3359//4106
f 3359//4107 1772//4107 2989//4107
f 3359//4108 2989//4108 3360//4108
f 3360//4109 2989//4109 3361//4109
f 3360//4109 3361//4109 3245//4109
f 3245//4110 3361//4110 3233//4110
f 3233//4111 3361//4111 3362//4111
f 3233//4112 3362//4112 3363//4112
f 3363//4112 3362//4112 3001//4112
f 3363//4113 3001//4113 3364//4113
f 3364//4114 3001//4114 3011//4114
f 3364//4115 3011//4115 3365//4115
f 3365//4116 3011//4116 3366//4116
f 3365//4116 3366//4116 3228//4116
f 3228//4117 3366//4117 3210//4117
f 3210//4118 3366//4118 1782//4118
f 1782//4119 3366//4119 3011//4119
f 2989//4120 3001//4120 3361//4120
f 3361//4111 3001//4111 3362//4111
f 3365//4121 3228//4121 3364//4121
f 3364//4122 3228//4122 3233//4122
f 3364//4123 3233//4123 3363//4123
f 3360//4108 3245//4108 3359//4108
f 3359//4124 3245//4124 3251//4124
f 1787//4125 3193//4125 1782//4125
f 1782//4125 3193//4125 3210//4125
f 3025//4126 3367//4126 1787//4126
f 1787//4127 3367//4127 3197//4127
f 1787//4128 3197//4128 3193//4128
f 3025//4129 3066//4129 3367//4129
f 3367//4130 3066//4130 3368//4130
f 3367//4131 3368//4131 3183//4131
f 3183//4132 3368//4132 3181//4132
f 3181//4133 3368//4133 3369//4133
f 3181//4134 3369//4134 3179//4134
f 3179//4135 3369//4135 3370//4135
f 3179//4136 3370//4136 3178//4136
f 3178//4137 3370//4137 3371//4137
f 3178//4138 3371//4138 3198//4138
f 3198//4139 3371//4139 3372//4139
f 3198//4140 3372//4140 3199//4140
f 3199//4141 3372//4141 3373//4141
f 3199//4142 3373//4142 3171//4142
f 3171//4143 3373//4143 3374//4143
f 3171//4144 3374//4144 3375//4144
f 3375//4145 3374//4145 3059//4145
f 3375//4146 3059//4146 3058//4146
f 3066//4147 3065//4147 3368//4147
f 3368//4148 3065//4148 3369//4148
f 3065//4149 3064//4149 3369//4149
f 3369//4150 3064//4150 3370//4150
f 3370//4151 3064//4151 3371//4151
f 3371//4152 3064//4152 3063//4152
f 3371//4153 3063//4153 3372//4153
f 3372//4154 3063//4154 3062//4154
f 3372//4155 3062//4155 3373//4155
f 3373//4156 3062//4156 3061//4156
f 3373//4157 3061//4157 3060//4157
f 3373//4158 3060//4158 3374//4158
f 3374//4159 3060//4159 3059//4159
f 3375//4160 3058//4160 3376//4160
f 3376//4161 3058//4161 3050//4161
f 3376//4162 3050//4162 3377//4162
f 3377//4163 3050//4163 1794//4163
f 3377//4164 1794//4164 3146//4164
f 3146//4165 3155//4165 3377//4165
f 3377//4166 3155//4166 3166//4166
f 3377//4167 3166//4167 3376//4167
f 3376//4160 3166//4160 3375//4160
f 3166//4168 3171//4168 3375//4168
f 3183//4169 3185//4169 3367//4169
f 3367//4170 3185//4170 3197//4170
f 3146//4171 1794//4171 3378//4171
f 3378//4172 1794//4172 3075//4172
f 3378//4173 3075//4173 3379//4173
f 3379//4174 3075//4174 3087//4174
f 3379//4175 3087//4175 3380//4175
f 3380//4176 3087//4176 3381//4176
f 3380//4176 3381//4176 3125//4176
f 3125//4177 3381//4177 3117//4177
f 3117//4178 3381//4178 3382//4178
f 3117//4179 3382//4179 3111//4179
f 3111//4180 3382//4180 1806//4180
f 1806//4181 3382//4181 3097//4181
f 3097//4178 3382//4178 3381//4178
f 3097//4182 3381//4182 3087//4182
f 3125//4183 3140//4183 3380//4183
f 3380//4184 3140//4184 3379//4184
f 3379//4173 3140//4173 3378//4173
f 3378//4185 3140//4185 3146//4185
f 2981//4186 3346//4186 3253//4186
f 3253//4187 3346//4187 3383//4187
f 3253//4188 3383//4188 3384//4188
f 3384//4189 3383//4189 3333//4189
f 3384//4190 3333//4190 3324//4190
f 3346//4191 3342//4191 3383//4191
f 3383//4192 3342//4192 3333//4192
f 3319//4193 3385//4193 3324//4193
f 3324//4194 3385//4194 3386//4194
f 3324//4195 3386//4195 3387//4195
f 3387//4196 3386//4196 3258//4196
f 3387//4197 3258//4197 3388//4197
f 3388//4198 3258//4198 3389//4198
f 3388//4198 3389//4198 3324//4198
f 3324//4199 3389//4199 3384//4199
f 3317//4200 3390//4200 3319//4200
f 3319//4201 3390//4201 3391//4201
f 3319//4202 3391//4202 3392//4202
f 3392//4203 3391//4203 3268//4203
f 3392//4204 3268//4204 3385//4204
f 3385//4205 3268//4205 3386//4205
f 3310//4206 3393//4206 3317//4206
f 3317//4207 3393//4207 3394//4207
f 3317//4208 3394//4208 3390//4208
f 3390//4209 3394//4209 3278//4209
f 3390//4210 3278//4210 3268//4210
f 3308//4211 3395//4211 3310//4211
f 3310//4212 3395//4212 3396//4212
f 3310//4213 3396//4213 3393//4213
f 3393//4214 3396//4214 3278//4214
f 3393//4215 3278//4215 3394//4215
f 3318//4216 3397//4216 3308//4216
f 3308//4217 3397//4217 3398//4217
f 3308//4218 3398//4218 3399//4218
f 3399//4219 3398//4219 3279//4219
f 3399//4220 3279//4220 3395//4220
f 3395//4221 3279//4221 3396//4221
f 3300//4222 3400//4222 3318//4222
f 3318//4223 3400//4223 3401//4223
f 3318//4224 3401//4224 3397//4224
f 3397//4225 3401//4225 3287//4225
f 3397//4226 3287//4226 3398//4226
f 3398//4227 3287//4227 3279//4227
f 3400//4228 3300//4228 3402//4228
f 3402//4229 3300//4229 3292//4229
f 3402//4230 3292//4230 3400//4230
f 3400//4231 3292//4231 3401//4231
f 3292//4232 3287//4232 3401//4232
f 3279//4233 3278//4233 3396//4233
f 3268//4234 3258//4234 3386//4234
f 3389//4235 3258//4235 3384//4235
f 3384//4236 3258//4236 3253//4236
f 3395//4237 3308//4237 3399//4237
f 3268//4238 3391//4238 3390//4238
f 3385//4239 3319//4239 3392//4239
f 3388//4197 3324//4197 3387//4197
f 3242//4240 3403//4240 3253//4240
f 3253//4241 3403//4241 3404//4241
f 3253//4242 3404//4242 3405//4242
f 3405//4243 3404//4243 2981//4243
f 3405//4244 2981//4244 3253//4244
f 3236//4245 3406//4245 3242//4245
f 3242//4246 3406//4246 3407//4246
f 3242//4247 3407//4247 3408//4247
f 3408//4248 3407//4248 2986//4248
f 3408//4249 2986//4249 3409//4249
f 3409//4250 2986//4250 2981//4250
f 3409//4251 2981//4251 3403//4251
f 3403//4252 2981//4252 3404//4252
f 3225//4253 3410//4253 3236//4253
f 3236//4254 3410//4254 3411//4254
f 3236//4255 3411//4255 3412//4255
f 3412//4256 3411//4256 2996//4256
f 3412//4257 2996//4257 3413//4257
f 3413//4258 2996//4258 3406//4258
f 3413//4259 3406//4259 3236//4259
f 3213//4260 3414//4260 3225//4260
f 3225//4261 3414//4261 3415//4261
f 3225//4262 3415//4262 3416//4262
f 3416//4263 3415//4263 2997//4263
f 3416//4264 2997//4264 3410//4264
f 3410//4265 2997//4265 2996//4265
f 3410//4266 2996//4266 3411//4266
f 3414//4267 3213//4267 3417//4267
f 3417//4268 3213//4268 3007//4268
f 3417//4269 3007//4269 3414//4269
f 3414//4270 3007//4270 2997//4270
f 3414//4271 2997//4271 3415//4271
f 2996//4272 2986//4272 3406//4272
f 3406//4273 2986//4273 3407//4273
f 3410//4274 3225//4274 3416//4274
f 3413//4275 3236//4275 3412//4275
f 3403//4276 3242//4276 3409//4276
f 3409//4277 3242//4277 3408//4277
f 3021//4278 3007//4278 3192//4278
f 3192//4278 3007//4278 3213//4278
f 3190//4279 3418//4279 3192//4279
f 3192//4280 3418//4280 3419//4280
f 3192//4281 3419//4281 3021//4281
f 3021//4282 3419//4282 3418//4282
f 3021//4283 3418//4283 3420//4283
f 3420//4284 3418//4284 3190//4284
f 3420//4285 3190//4285 3421//4285
f 3421//4286 3190//4286 3188//4286
f 3421//4287 3188//4287 3422//4287
f 3422//4288 3188//4288 3196//4288
f 3422//4289 3196//4289 3423//4289
f 3423//4290 3196//4290 3195//4290
f 3423//4291 3195//4291 3424//4291
f 3424//4292 3195//4292 3194//4292
f 3424//4293 3194//4293 3425//4293
f 3425//4294 3194//4294 3175//4294
f 3425//4295 3175//4295 3426//4295
f 3426//4296 3175//4296 3173//4296
f 3426//4297 3173//4297 3427//4297
f 3427//4298 3173//4298 3167//4298
f 3427//4299 3167//4299 3428//4299
f 3428//4300 3167//4300 3162//4300
f 3428//4301 3162//4301 3429//4301
f 3429//4302 3162//4302 3430//4302
f 3429//4303 3430//4303 3041//4303
f 3041//4304 3430//4304 3043//4304
f 3043//4305 3430//4305 3431//4305
f 3043//4306 3431//4306 3432//4306
f 3432//4307 3431//4307 3158//4307
f 3432//4308 3158//4308 3433//4308
f 3433//4309 3158//4309 3434//4309
f 3433//4310 3434//4310 3045//4310
f 3045//4311 3434//4311 3047//4311
f 3047//4312 3434//4312 3435//4312
f 3047//4313 3435//4313 3436//4313
f 3436//4314 3435//4314 3157//4314
f 3436//4315 3157//4315 3437//4315
f 3437//4316 3157//4316 3154//4316
f 3437//4317 3154//4317 3438//4317
f 3438//4318 3154//4318 3152//4318
f 3438//4319 3152//4319 3136//4319
f 3430//4320 3162//4320 3431//4320
f 3431//4321 3162//4321 3158//4321
f 3158//4322 3157//4322 3434//4322
f 3434//4323 3157//4323 3435//4323
f 3136//4324 3053//4324 3438//4324
f 3438//4325 3053//4325 3437//4325
f 3053//4326 3047//4326 3437//4326
f 3437//4327 3047//4327 3436//4327
f 3433//4328 3045//4328 3432//4328
f 3432//4329 3045//4329 3043//4329
f 3041//4330 3039//4330 3429//4330
f 3429//4331 3039//4331 3428//4331
f 3039//4332 3038//4332 3428//4332
f 3428//4333 3038//4333 3427//4333
f 3038//4334 3036//4334 3427//4334
f 3427//4335 3036//4335 3426//4335
f 3036//4336 3034//4336 3426//4336
f 3426//4337 3034//4337 3425//4337
f 3034//4338 3032//4338 3425//4338
f 3425//4339 3032//4339 3424//4339
f 3032//4340 3031//4340 3424//4340
f 3424//4341 3031//4341 3423//4341
f 3031//4342 3029//4342 3423//4342
f 3423//4343 3029//4343 3422//4343
f 3029//4344 3028//4344 3422//4344
f 3422//4344 3028//4344 3421//4344
f 3421//4345 3028//4345 3420//4345
f 3420//4346 3028//4346 3021//4346
f 3083//4347 3439//4347 3093//4347
f 3093//4347 3439//4347 3440//4347
f 3093//4348 3440//4348 3109//4348
f 3109//4349 3440//4349 3439//4349
f 3109//4350 3439//4350 3441//4350
f 3441//4351 3439//4351 3083//4351
f 3441//4352 3083//4352 3442//4352
f 3442//4353 3083//4353 3443//4353
f 3442//4354 3443//4354 3109//4354
f 3109//4355 3443//4355 3120//4355
f 3120//4356 3443//4356 3444//4356
f 3120//4357 3444//4357 3445//4357
f 3445//4358 3444//4358 3083//4358
f 3445//4359 3083//4359 3082//4359
f 3072//4360 3446//4360 3082//4360
f 3082//4361 3446//4361 3447//4361
f 3082//4362 3447//4362 3448//4362
f 3448//4363 3447//4363 3120//4363
f 3448//4364 3120//4364 3445//4364
f 3067//4365 3449//4365 3072//4365
f 3072//4366 3449//4366 3450//4366
f 3072//4367 3450//4367 3446//4367
f 3446//4368 3450//4368 3121//4368
f 3446//4369 3121//4369 3120//4369
f 3053//4370 3451//4370 3067//4370
f 3067//4371 3451//4371 3452//4371
f 3067//4371 3452//4371 3449//4371
f 3449//4371 3452//4371 3136//4371
f 3449//4372 3136//4372 3121//4372
f 3451//4371 3053//4371 3453//4371
f 3453//4371 3053//4371 3136//4371
f 3453//4371 3136//4371 3451//4371
f 3451//4371 3136//4371 3452//4371
f 3121//4373 3450//4373 3449//4373
f 3120//4374 3447//4374 3446//4374
f 3445//4375 3082//4375 3448//4375
f 3443//4376 3083//4376 3444//4376
f 3109//4377 3441//4377 3442//4377
f 3454//4378 3455//4378 3456//4378
f 3456//4379 3455//4379 3457//4379
f 3456//4380 3457//4380 3458//4380
f 3458//4381 3457//4381 3459//4381
f 3458//4382 3459//4382 3460//4382
f 3457//4383 3461//4383 3459//4383
f 3459//4384 3461//4384 3462//4384
f 3458//4385 3460//4385 3463//4385
f 3463//4386 3460//4386 3464//4386
f 3463//4387 3464//4387 3465//4387
f 3465//4388 3464//4388 3466//4388
f 3465//4389 3466//4389 3467//4389
f 3467//4390 3466//4390 3468//4390
f 3467//4391 3468//4391 3469//4391
f 3469//4392 3468//4392 3470//4392
f 3469//4393 3470//4393 3471//4393
f 3471//4394 3470//4394 3472//4394
f 3471//4395 3472//4395 3473//4395
f 3473//4396 3472//4396 3474//4396
f 3473//4397 3474//4397 3475//4397
f 3475//4398 3474//4398 3476//4398
f 3475//4399 3476//4399 3477//4399
f 3477//4400 3476//4400 3478//4400
f 3477//4401 3478//4401 3479//4401
f 3479//4402 3478//4402 3480//4402
f 3479//4403 3480//4403 3481//4403
f 3481//4404 3480//4404 3482//4404
f 3481//4405 3482//4405 3477//4405
f 3477//4406 3482//4406 3483//4406
f 3477//4407 3483//4407 3484//4407
f 3484//4408 3483//4408 3480//4408
f 3484//4409 3480//4409 3485//4409
f 3466//4410 3464//4410 3468//4410
f 3468//4411 3464//4411 3470//4411
f 3472//4412 3480//4412 3474//4412
f 3474//4413 3480//4413 3476//4413
f 3486//4414 3487//4414 3485//4414
f 3485//4415 3487//4415 3488//4415
f 3485//4416 3488//4416 3489//4416
f 3489//4417 3488//4417 3490//4417
f 3489//4418 3490//4418 3484//4418
f 3484//4419 3490//4419 3477//4419
f 3491//4420 3492//4420 3486//4420
f 3486//4421 3492//4421 3493//4421
f 3486//4422 3493//4422 3487//4422
f 3487//4423 3493//4423 3494//4423
f 3487//4424 3494//4424 3488//4424
f 3488//4425 3494//4425 3490//4425
f 3495//4426 3496//4426 3491//4426
f 3491//4427 3496//4427 3497//4427
f 3491//4428 3497//4428 3492//4428
f 3492//4429 3497//4429 3498//4429
f 3492//4430 3498//4430 3493//4430
f 3493//4431 3498//4431 3494//4431
f 3495//4432 3499//4432 3496//4432
f 3496//4433 3499//4433 3498//4433
f 3496//4434 3498//4434 3497//4434
f 3475//4435 3500//4435 3473//4435
f 3473//4436 3500//4436 3471//4436
f 3471//4437 3500//4437 3469//4437
f 3469//4438 3500//4438 3467//4438
f 3467//4439 3501//4439 3465//4439
f 3465//4440 3501//4440 3463//4440
f 3463//4441 3501//4441 3458//4441
f 3458//4442 3501//4442 3456//4442
f 3478//4443 3476//4443 3480//4443
f 3477//4444 3479//4444 3481//4444
f 3480//4445 3483//4445 3482//4445
f 3485//4446 3489//4446 3484//4446
f 3499//4447 3495//4447 3502//4447
f 3502//4448 3495//4448 3503//4448
f 3502//4449 3503//4449 3504//4449
f 3504//4450 3503//4450 3505//4450
f 3504//4451 3505//4451 3506//4451
f 3506//4451 3505//4451 3507//4451
f 3506//4452 3507//4452 3508//4452
f 3495//4453 3509//4453 3503//4453
f 3503//4454 3509//4454 3505//4454
f 3509//4455 3507//4455 3505//4455
f 3510//4456 3511//4456 3508//4456
f 3508//4457 3511//4457 3512//4457
f 3508//4458 3512//4458 3506//4458
f 3506//4459 3512//4459 3513//4459
f 3506//4460 3513//4460 3504//4460
f 3514//4461 3515//4461 3510//4461
f 3510//4462 3515//4462 3516//4462
f 3510//4463 3516//4463 3517//4463
f 3517//4463 3516//4463 3518//4463
f 3517//4464 3518//4464 3511//4464
f 3511//4465 3518//4465 3513//4465
f 3511//4457 3513//4457 3512//4457
f 3519//4466 3520//4466 3514//4466
f 3514//4467 3520//4467 3521//4467
f 3514//4468 3521//4468 3522//4468
f 3522//4468 3521//4468 3523//4468
f 3522//4469 3523//4469 3524//4469
f 3524//4470 3523//4470 3515//4470
f 3524//4471 3515//4471 3514//4471
f 3525//4472 3526//4472 3519//4472
f 3519//4473 3526//4473 3527//4473
f 3519//4474 3527//4474 3528//4474
f 3528//4474 3527//4474 3529//4474
f 3528//4475 3529//4475 3530//4475
f 3530//4476 3529//4476 3531//4476
f 3530//4477 3531//4477 3519//4477
f 3519//4478 3531//4478 3532//4478
f 3519//4479 3532//4479 3533//4479
f 3533//4480 3532//4480 3529//4480
f 3533//4481 3529//4481 3534//4481
f 3534//4482 3529//4482 3523//4482
f 3534//4483 3523//4483 3535//4483
f 3535//4484 3523//4484 3536//4484
f 3535//4485 3536//4485 3519//4485
f 3519//4486 3536//4486 3537//4486
f 3519//4487 3537//4487 3538//4487
f 3538//4488 3537//4488 3523//4488
f 3538//4489 3523//4489 3520//4489
f 3520//4490 3523//4490 3521//4490
f 3526//4491 3525//4491 3539//4491
f 3539//4492 3525//4492 3540//4492
f 3539//4493 3540//4493 3529//4493
f 3523//4494 3518//4494 3515//4494
f 3515//4495 3518//4495 3516//4495
f 3510//4496 3517//4496 3511//4496
f 3522//4469 3524//4469 3514//4469
f 3523//4497 3537//4497 3536//4497
f 3519//4498 3533//4498 3534//4498
f 3531//4499 3529//4499 3532//4499
f 3519//4500 3528//4500 3530//4500
f 3520//4501 3519//4501 3538//4501
f 3535//4502 3519//4502 3534//4502
f 3539//4503 3529//4503 3526//4503
f 3526//4504 3529//4504 3527//4504
f 3525//4505 3541//4505 3540//4505
f 3540//4506 3541//4506 3542//4506
f 3540//4507 3542//4507 3543//4507
f 3543//4508 3542//4508 3525//4508
f 3543//4509 3525//4509 3544//4509
f 3545//4510 3546//4510 3544//4510
f 3544//4511 3546//4511 3547//4511
f 3544//4512 3547//4512 3543//4512
f 3543//4513 3547//4513 3545//4513
f 3543//4514 3545//4514 3540//4514
f 3525//4515 3542//4515 3541//4515
f 3546//4516 3545//4516 3547//4516
f 3545//4517 3544//4517 3548//4517
f 3549//4518 3545//4518 3550//4518
f 3550//4519 3545//4519 3548//4519
f 3550//4520 3548//4520 3551//4520
f 3551//4521 3552//4521 3550//4521
f 3550//4522 3552//4522 3549//4522
f 3552//4523 3551//4523 3553//4523
f 3552//3422 3553//3422 3554//3422
f 3554//3422 3553//3422 3555//3422
f 3554//4524 3555//4524 3556//4524
f 3556//4525 3557//4525 3554//4525
f 3554//4526 3557//4526 3558//4526
f 3554//4527 3558//4527 3559//4527
f 3559//4527 3558//4527 3560//4527
f 3559//4528 3560//4528 3561//4528
f 3556//4529 3562//4529 3557//4529
f 3557//4529 3562//4529 3560//4529
f 3557//4526 3560//4526 3558//4526
f 3559//4530 3561//4530 3563//4530
f 3563//4531 3561//4531 3564//4531
f 3563//4532 3564//4532 3565//4532
f 3565//4533 3564//4533 3566//4533
f 3565//4534 3566//4534 3567//4534
f 3565//4535 3567//4535 3563//4535
f 3563//4536 3567//4536 3568//4536
f 3563//4537 3568//4537 3559//4537
f 3559//4538 3568//4538 3554//4538
f 3566//4539 3564//4539 3569//4539
f 3569//4540 3570//4540 3566//4540
f 3566//4541 3570//4541 3571//4541
f 3566//4542 3571//4542 3572//4542
f 3572//4543 3571//4543 3573//4543
f 3573//4544 3571//4544 3574//4544
f 3573//4545 3574//4545 3575//4545
f 3570//4546 3576//4546 3571//4546
f 3571//4547 3576//4547 3574//4547
f 3577//4548 3573//4548 3578//4548
f 3578//4549 3573//4549 3575//4549
f 3578//4550 3575//4550 3579//4550
f 3580//4551 3581//4551 3579//4551
f 3579//4552 3581//4552 3582//4552
f 3579//4553 3582//4553 3583//4553
f 3583//4553 3582//4553 3577//4553
f 3583//4554 3577//4554 3578//4554
f 3580//4555 1807//4555 3581//4555
f 3581//4556 1807//4556 3577//4556
f 3581//4557 3577//4557 3582//4557
f 3578//4558 3579//4558 3583//4558
f 2386//4559 1807//4559 3584//4559
f 3584//4560 1807//4560 3580//4560
f 3584//4561 3580//4561 3585//4561
f 3585//4562 3586//4562 3584//4562
f 3584//4563 3586//4563 3587//4563
f 3584//4564 3587//4564 2386//4564
f 2386//4565 3587//4565 2388//4565
f 2388//4566 3587//4566 3588//4566
f 2388//4567 3588//4567 2390//4567
f 2390//4568 3588//4568 3589//4568
f 2390//4569 3589//4569 3590//4569
f 3590//4570 3589//4570 3591//4570
f 3590//4571 3591//4571 3592//4571
f 3587//4566 3586//4566 3588//4566
f 3588//4572 3586//4572 3591//4572
f 3588//4573 3591//4573 3589//4573
f 3593//4574 3594//4574 3592//4574
f 3592//4575 3594//4575 3595//4575
f 3592//4576 3595//4576 3590//4576
f 3590//4577 3595//4577 2392//4577
f 3590//4578 2392//4578 2390//4578
f 3594//4579 3593//4579 3596//4579
f 3596//4580 3593//4580 3597//4580
f 3596//4581 3597//4581 3598//4581
f 3598//4582 3597//4582 3599//4582
f 3598//4583 3599//4583 3600//4583
f 3600//4584 3599//4584 3601//4584
f 3600//4585 3601//4585 2400//4585
f 2400//4586 2398//4586 3600//4586
f 3600//4587 2398//4587 3598//4587
f 2398//4588 2396//4588 3598//4588
f 3598//4589 2396//4589 3596//4589
f 2396//4590 2394//4590 3596//4590
f 3596//4591 2394//4591 3594//4591
f 2394//4592 2392//4592 3594//4592
f 3594//4593 2392//4593 3595//4593
f 3602//4594 2400//4594 3603//4594
f 3603//4595 2400//4595 3601//4595
f 3603//4596 3601//4596 3602//4596
f 3602//4597 3604//4597 2400//4597
f 2400//4598 3604//4598 3605//4598
f 2400//4599 3605//4599 3606//4599
f 3606//4600 3605//4600 3604//4600
f 2400//4601 3606//4601 3607//4601
f 3607//4602 3606//4602 3608//4602
f 3607//4603 3608//4603 3609//4603
f 3609//4604 3610//4604 3607//4604
f 3610//4605 3611//4605 3607//4605
f 3611//4606 3612//4606 3607//4606
f 3607//4607 3612//4607 3613//4607
f 3607//4608 3613//4608 3614//4608
f 3614//4609 3613//4609 3615//4609
f 3615//4610 3613//4610 3611//4610
f 3613//4611 3612//4611 3611//4611
f 3609//4612 3608//4612 3610//4612
f 3610//4613 3608//4613 3615//4613
f 3610//4614 3615//4614 3611//4614
f 3615//4615 3608//4615 3616//4615
f 3616//4616 3608//4616 3606//4616
f 3616//4617 3606//4617 3604//4617
f 3604//4618 3617//4618 3616//4618
f 3616//4619 3617//4619 3618//4619
f 3616//4620 3618//4620 3615//4620
f 3617//4621 3619//4621 3618//4621
f 3618//4622 3619//4622 3620//4622
f 3618//4623 3620//4623 3621//4623
f 3621//4624 3620//4624 3622//4624
f 3621//4624 3622//4624 3623//4624
f 3623//4624 3622//4624 3624//4624
f 3623//4625 3624//4625 3625//4625
f 3617//4626 3626//4626 3619//4626
f 3619//4627 3626//4627 3620//4627
f 3626//4628 3624//4628 3620//4628
f 3620//4624 3624//4624 3622//4624
f 3623//4629 3625//4629 3627//4629
f 3627//4630 3625//4630 3628//4630
f 3627//4631 3628//4631 2404//4631
f 3627//4632 2404//4632 3623//4632
f 3623//4633 2404//4633 3621//4633
f 3628//4619 3629//4619 2404//4619
f 2404//4634 3629//4634 3630//4634
f 2404//4635 3630//4635 2406//4635
f 2406//4636 3630//4636 3631//4636
f 2406//4637 3631//4637 3632//4637
f 3632//4638 3631//4638 3628//4638
f 3632//4639 3628//4639 3633//4639
f 3634//4640 3635//4640 3633//4640
f 3633//4641 3635//4641 3636//4641
f 3633//4642 3636//4642 3637//4642
f 3637//4643 3636//4643 2408//4643
f 3637//4644 2408//4644 3638//4644
f 3638//4645 2408//4645 3639//4645
f 3638//4646 3639//4646 3633//4646
f 3633//4647 3639//4647 3640//4647
f 3633//4648 3640//4648 3632//4648
f 3632//4649 3640//4649 2406//4649
f 3641//4650 3642//4650 3634//4650
f 3634//4651 3642//4651 3643//4651
f 3634//4652 3643//4652 3644//4652
f 3644//4652 3643//4652 2410//4652
f 3644//4653 2410//4653 3635//4653
f 3635//4654 2410//4654 2408//4654
f 3635//4655 2408//4655 3636//4655
f 3645//4656 3646//4656 3641//4656
f 3641//4657 3646//4657 3647//4657
f 3641//4658 3647//4658 3642//4658
f 3642//4658 3647//4658 2412//4658
f 3642//4659 2412//4659 2410//4659
f 3645//4656 3648//4656 3646//4656
f 3646//3432 3648//3432 2416//3432
f 3646//4660 2416//4660 2414//4660
f 3646//4660 2414//4660 3647//4660
f 3647//4661 2414//4661 2412//4661
f 2408//4662 2406//4662 3639//4662
f 3639//4663 2406//4663 3640//4663
f 3635//4664 3634//4664 3644//4664
f 2410//4651 3643//4651 3642//4651
f 3633//4644 3637//4644 3638//4644
f 3631//4665 3630//4665 3628//4665
f 3628//4666 3630//4666 3629//4666
f 3649//4667 2416//4667 3650//4667
f 3650//4668 2416//4668 3648//4668
f 3650//4669 3648//4669 3651//4669
f 3651//4670 3652//4670 3650//4670
f 3650//4671 3652//4671 3653//4671
f 3650//4672 3653//4672 3649//4672
f 3649//4673 3653//4673 3654//4673
f 3649//4674 3654//4674 3655//4674
f 3655//4675 3654//4675 3656//4675
f 3655//4676 3656//4676 3657//4676
f 3657//4677 3656//4677 3658//4677
f 3657//4615 3658//4615 3659//4615
f 3659//4678 3658//4678 3660//4678
f 3659//4679 3660//4679 3661//4679
f 3652//4680 3662//4680 3653//4680
f 3653//4681 3662//4681 3654//4681
f 3662//4682 3660//4682 3654//4682
f 3654//4683 3660//4683 3656//4683
f 3663//4684 3664//4684 3661//4684
f 3661//4685 3664//4685 3665//4685
f 3661//4686 3665//4686 3666//4686
f 3666//4687 3665//4687 3667//4687
f 3666//4688 3667//4688 3668//4688
f 3668//4688 3667//4688 3669//4688
f 3668//4689 3669//4689 3661//4689
f 3661//4690 3669//4690 3670//4690
f 3661//4691 3670//4691 3659//4691
f 3659//4692 3670//4692 3667//4692
f 3659//4693 3667//4693 3657//4693
f 3671//4694 3672//4694 3663//4694
f 3663//4695 3672//4695 3673//4695
f 3663//4696 3673//4696 3664//4696
f 3664//4697 3673//4697 3674//4697
f 3664//4698 3674//4698 3667//4698
f 3675//4699 3676//4699 3671//4699
f 3671//4700 3676//4700 3677//4700
f 3671//4701 3677//4701 3672//4701
f 3672//4702 3677//4702 3678//4702
f 3672//4703 3678//4703 3673//4703
f 3673//4704 3678//4704 3674//4704
f 3679//4705 3680//4705 3675//4705
f 3675//4706 3680//4706 3681//4706
f 3675//4706 3681//4706 3682//4706
f 3682//4660 3681//4660 3683//4660
f 3682//4707 3683//4707 3676//4707
f 3676//4708 3683//4708 3677//4708
f 3680//4631 3679//4631 3684//4631
f 3684//4709 3679//4709 3685//4709
f 3684//4631 3685//4631 3686//4631
f 3686//4631 3685//4631 3687//4631
f 3686//3432 3687//3432 3688//3432
f 3685//3432 3689//3432 3687//3432
f 2438//3432 3690//3432 3688//3432
f 3688//4631 3690//4631 3686//4631
f 3686//4631 3690//4631 3684//4631
f 3684//4709 3690//4709 3691//4709
f 3684//4709 3691//4709 3680//4709
f 3680//3432 3691//3432 3681//3432
f 3691//4710 3683//4710 3681//4710
f 3683//4711 3678//4711 3677//4711
f 3676//4712 3675//4712 3682//4712
f 3668//4689 3661//4689 3666//4689
f 3667//4687 3670//4687 3669//4687
f 3660//4713 3658//4713 3656//4713
f 3665//4714 3664//4714 3667//4714
f 2438//3432 3688//3432 2440//3432
f 2440//3432 3688//3432 3687//3432
f 2440//3432 3687//3432 3692//3432
f 3692//3432 3687//3432 3689//3432
f 2442//4715 2440//4715 3693//4715
f 3693//4716 2440//4716 3692//4716
f 3693//4717 3692//4717 3694//4717
f 3693//4718 3694//4718 3695//4718
f 3695//4719 3694//4719 3696//4719
f 3695//4720 3696//4720 3697//4720
f 3695//4721 3697//4721 3698//4721
f 3698//4722 3697//4722 3699//4722
f 3698//4723 3699//4723 3700//4723
f 3700//4724 3699//4724 3701//4724
f 3700//4725 3701//4725 3702//4725
f 3702//4726 3701//4726 3703//4726
f 3702//4727 3703//4727 3704//4727
f 3704//4728 3703//4728 3705//4728
f 3704//4728 3706//4728 3702//4728
f 3702//4729 3706//4729 2452//4729
f 3702//4730 2452//4730 2450//4730
f 3706//3432 2454//3432 2452//3432
f 3702//4731 2450//4731 3700//4731
f 3700//4732 2450//4732 2448//4732
f 3700//4733 2448//4733 3698//4733
f 3698//4734 2448//4734 2446//4734
f 3698//4735 2446//4735 3695//4735
f 3695//4736 2446//4736 2444//4736
f 3695//4737 2444//4737 2442//4737
f 3695//4738 2442//4738 3693//4738
f 3707//3432 2084//3432 3708//3432
f 3708//3432 2084//3432 2456//3432
f 3708//3432 2456//3432 3705//3432
f 3705//3432 2456//3432 3704//3432
f 3704//3432 2456//3432 3706//3432
f 3706//3432 2456//3432 2454//3432
f 2084//4739 3707//4739 3709//4739
f 2088//4740 2084//4740 3710//4740
f 3710//3446 2084//3446 3709//3446
f 3710//4741 3709//4741 3711//4741
f 3711//4742 3712//4742 3710//4742
f 3710//4743 3712//4743 3713//4743
f 3710//4744 3713//4744 2088//4744
f 2088//4745 3713//4745 2090//4745
f 2090//4746 3713//4746 3714//4746
f 2090//4747 3714//4747 2092//4747
f 2092//4748 3714//4748 3715//4748
f 2092//4749 3715//4749 3716//4749
f 3716//4750 3715//4750 3717//4750
f 3716//4751 3717//4751 3718//4751
f 3712//4752 3719//4752 3713//4752
f 3713//4753 3719//4753 3714//4753
f 3719//4754 3717//4754 3714//4754
f 3714//4755 3717//4755 3715//4755
f 3720//4756 3721//4756 3718//4756
f 3718//4757 3721//4757 2094//4757
f 3718//4758 2094//4758 3716//4758
f 3716//4759 2094//4759 2092//4759
f 3720//4760 3722//4760 3721//4760
f 3721//4761 3722//4761 3723//4761
f 3721//4762 3723//4762 2096//4762
f 2096//4763 3723//4763 2098//4763
f 2098//4764 3723//4764 3724//4764
f 2098//4765 3724//4765 2100//4765
f 2100//4766 3724//4766 3725//4766
f 3725//4767 3724//4767 3726//4767
f 3726//4768 3724//4768 3727//4768
f 3727//4769 3724//4769 3723//4769
f 3727//4770 3723//4770 3722//4770
f 2096//4771 2094//4771 3721//4771
f 3726//4772 3728//4772 3725//4772
f 3725//4772 3728//4772 3729//4772
f 3725//4773 3729//4773 3730//4773
f 3730//4774 3729//4774 3726//4774
f 3730//2368 3726//2368 3731//2368
f 3730//4775 3731//4775 3732//4775
f 3732//4775 3731//4775 3733//4775
f 3732//4776 3733//4776 3730//4776
f 3730//4777 3733//4777 3725//4777
f 3726//4772 3729//4772 3728//4772
f 3734//4778 3733//4778 3735//4778
f 3735//4779 3733//4779 3731//4779
f 3735//4780 3731//4780 3736//4780
f 3735//4781 3736//4781 3737//4781
f 3737//4782 3736//4782 3738//4782
f 3737//4783 3738//4783 3739//4783
f 3739//4784 3738//4784 3740//4784
f 3739//4785 3740//4785 3741//4785
f 3741//4784 3742//4784 3739//4784
f 3739//4786 3742//4786 3737//4786
f 3742//4787 3734//4787 3737//4787
f 3737//4788 3734//4788 3735//4788
f 3742//4789 3741//4789 3743//4789
f 3743//3422 3744//3422 3742//3422
f 3742//3422 3744//3422 3745//3422
f 3745//4790 3744//4790 3746//4790
f 3745//4791 3746//4791 3747//4791
f 3747//4792 3746//4792 3748//4792
f 3747//4793 3748//4793 3749//4793
f 3749//4794 3748//4794 3750//4794
f 3749//4795 3750//4795 3751//4795
f 3751//4796 3750//4796 3752//4796
f 3751//4797 3752//4797 3753//4797
f 3753//4798 3752//4798 3754//4798
f 3753//4799 3754//4799 3755//4799
f 3755//4799 3754//4799 3756//4799
f 3756//4800 3754//4800 3757//4800
f 3755//4801 3758//4801 3753//4801
f 3753//4801 3758//4801 3759//4801
f 3759//4802 3758//4802 3760//4802
f 3760//4803 3758//4803 3755//4803
f 3760//4804 3755//4804 3756//4804
f 3756//4805 3757//4805 3760//4805
f 3761//4806 3759//4806 3762//4806
f 3762//4807 3759//4807 3760//4807
f 3762//4808 3760//4808 3763//4808
f 3764//4809 3765//4809 3763//4809
f 3763//4810 3765//4810 3766//4810
f 3763//4811 3766//4811 3767//4811
f 3767//4812 3766//4812 3761//4812
f 3767//4813 3761//4813 3762//4813
f 3765//4814 3764//4814 3768//4814
f 3768//4815 3764//4815 3769//4815
f 3768//4816 3769//4816 3770//4816
f 3770//4817 3769//4817 3771//4817
f 3770//4818 3771//4818 3772//4818
f 3772//4819 3771//4819 3773//4819
f 3772//4820 3773//4820 3774//4820
f 3774//4821 3773//4821 3775//4821
f 3774//4822 3775//4822 3776//4822
f 3776//4823 3777//4823 3774//4823
f 3774//4824 3777//4824 3778//4824
f 3774//4825 3778//4825 3779//4825
f 3774//4820 3779//4820 3772//4820
f 3772//4826 3779//4826 3780//4826
f 3772//4818 3780//4818 3770//4818
f 3770//4827 3780//4827 3768//4827
f 3780//4828 3781//4828 3768//4828
f 3768//4829 3781//4829 3765//4829
f 3781//4830 3782//4830 3765//4830
f 3765//4831 3782//4831 3766//4831
f 3782//4832 3761//4832 3766//4832
f 3762//4833 3763//4833 3767//4833
f 3776//4834 3783//4834 3777//4834
f 3777//4835 3783//4835 3784//4835
f 3784//4836 3783//4836 3785//4836
f 3784//4837 3785//4837 3454//4837
f 3462//4838 3461//4838 3785//4838
f 3785//4839 3461//4839 3457//4839
f 3785//4840 3457//4840 3455//4840
f 3455//4841 3454//4841 3785//4841
f 3777//3395 3784//3395 3786//3395
f 3786//3395 3784//3395 3787//3395
f 3787//3395 3784//3395 3788//3395
f 3787//3395 3788//3395 3789//3395
f 3789//3395 3788//3395 2438//3395
f 3789//3395 2438//3395 2440//3395
f 3784//3395 3454//3395 3788//3395
f 3761//4842 3790//4842 3759//4842
f 3759//4842 3790//4842 3791//4842
f 3759//4842 3791//4842 3792//4842
f 3792//4843 3791//4843 3793//4843
f 3792//4844 3793//4844 3794//4844
f 3794//4845 3793//4845 3795//4845
f 3794//4846 3795//4846 3796//4846
f 3796//4847 3795//4847 3797//4847
f 3796//4848 3797//4848 3798//4848
f 3798//4849 3797//4849 3799//4849
f 3798//4850 3799//4850 3800//4850
f 3800//4851 3799//4851 3801//4851
f 3800//4852 3801//4852 3802//4852
f 3802//4853 3801//4853 3786//4853
f 3802//4853 3786//4853 3803//4853
f 3803//4853 3786//4853 3804//4853
f 3803//4854 3804//4854 3805//4854
f 3805//4855 3804//4855 3806//4855
f 3805//4856 3806//4856 3807//4856
f 3807//4857 3806//4857 3808//4857
f 3807//4858 3808//4858 3809//4858
f 3809//4859 3808//4859 2448//4859
f 3809//4860 2448//4860 2450//4860
f 3790//4861 3761//4861 3810//4861
f 3810//4862 3761//4862 3782//4862
f 3810//4863 3782//4863 3811//4863
f 3811//4864 3782//4864 3781//4864
f 3811//4865 3781//4865 3812//4865
f 3812//4866 3781//4866 3780//4866
f 3812//4867 3780//4867 3813//4867
f 3813//4868 3780//4868 3779//4868
f 3813//4869 3779//4869 3814//4869
f 3814//4870 3779//4870 3778//4870
f 3814//4871 3778//4871 3777//4871
f 3814//4872 3777//4872 3801//4872
f 3801//4873 3777//4873 3786//4873
f 3786//4874 3787//4874 3804//4874
f 3804//4875 3787//4875 3815//4875
f 3804//4876 3815//4876 3806//4876
f 3806//4877 3815//4877 3816//4877
f 3806//4878 3816//4878 3808//4878
f 3808//4879 3816//4879 2446//4879
f 3808//4880 2446//4880 2448//4880
f 3815//4875 3787//4875 3817//4875
f 3817//4881 3787//4881 3789//4881
f 3817//4882 3789//4882 2442//4882
f 2442//3396 3789//3396 2440//3396
f 2442//4883 2444//4883 3817//4883
f 3817//4884 2444//4884 3816//4884
f 3817//4885 3816//4885 3815//4885
f 2444//4886 2446//4886 3816//4886
f 3809//4887 2450//4887 3818//4887
f 3818//4888 2450//4888 2452//4888
f 3818//4889 2452//4889 3819//4889
f 3819//4890 2452//4890 2454//4890
f 3819//4890 2454//4890 3820//4890
f 3820//4891 2454//4891 3759//4891
f 3820//4842 3759//4842 3821//4842
f 3821//4842 3759//4842 3822//4842
f 3821//4892 3822//4892 3823//4892
f 3823//4893 3822//4893 3794//4893
f 3823//4894 3794//4894 3796//4894
f 3801//4895 3799//4895 3814//4895
f 3814//4896 3799//4896 3813//4896
f 3799//4897 3797//4897 3813//4897
f 3813//4898 3797//4898 3812//4898
f 3797//4899 3795//4899 3812//4899
f 3812//4900 3795//4900 3811//4900
f 3791//4861 3790//4861 3810//4861
f 3795//4901 3793//4901 3811//4901
f 3811//4902 3793//4902 3810//4902
f 3822//4842 3759//4842 3792//4842
f 3793//4903 3791//4903 3810//4903
f 3805//4904 3824//4904 3825//4904
f 3825//4905 3824//4905 3826//4905
f 3825//4906 3826//4906 3800//4906
f 3800//4907 3826//4907 3798//4907
f 3824//4908 3827//4908 3826//4908
f 3826//4909 3827//4909 3828//4909
f 3826//4910 3828//4910 3798//4910
f 3798//4911 3828//4911 3796//4911
f 3805//4912 3807//4912 3824//4912
f 3824//4913 3807//4913 3829//4913
f 3824//4914 3829//4914 3827//4914
f 3827//4915 3829//4915 3830//4915
f 3827//4916 3830//4916 3831//4916
f 3831//4917 3830//4917 3820//4917
f 3831//4918 3820//4918 3821//4918
f 3827//4919 3831//4919 3828//4919
f 3828//4920 3831//4920 3823//4920
f 3828//4921 3823//4921 3796//4921
f 3831//4922 3821//4922 3823//4922
f 3792//4923 3794//4923 3822//4923
f 3802//4924 3803//4924 3825//4924
f 3825//4925 3803//4925 3805//4925
f 3802//4926 3825//4926 3800//4926
f 3829//4927 3807//4927 3809//4927
f 3830//4928 3829//4928 3818//4928
f 3818//4929 3829//4929 3809//4929
f 3820//4930 3830//4930 3819//4930
f 3819//4931 3830//4931 3818//4931
f 3745//3404 3747//3404 2456//3404
f 2456//3404 3747//3404 2454//3404
f 2454//3404 3747//3404 3753//3404
f 2454//3404 3753//3404 3759//3404
f 3747//3404 3749//3404 3753//3404
f 3753//3404 3749//3404 3751//3404
f 3745//2368 2456//2368 3742//2368
f 3742//2368 2456//2368 2084//2368
f 3734//4932 3832//4932 3733//4932
f 3733//4932 3832//4932 3833//4932
f 3733//4932 3833//4932 3834//4932
f 3834//4932 3833//4932 3832//4932
f 3834//4933 3832//4933 3835//4933
f 3835//4933 3832//4933 3836//4933
f 3835//4933 3836//4933 3837//4933
f 3837//4932 3836//4932 3838//4932
f 3837//4934 3838//4934 3839//4934
f 3839//4935 3838//4935 3840//4935
f 3839//4934 3840//4934 3841//4934
f 3841//4935 3840//4935 3742//4935
f 3841//4934 3742//4934 2084//4934
f 3742//4935 3838//4935 3734//4935
f 3734//4935 3838//4935 3836//4935
f 3734//4935 3836//4935 3832//4935
f 3841//2392 2084//2392 3842//2392
f 3842//2392 2084//2392 2088//2392
f 3842//2392 2088//2392 2090//2392
f 2090//2392 2092//2392 3842//2392
f 3842//4936 2092//4936 3843//4936
f 3842//4934 3843//4934 3841//4934
f 3841//4934 3843//4934 3839//4934
f 2092//2392 2094//2392 3843//2392
f 3843//2392 2094//2392 3844//2392
f 3843//2392 3844//2392 3839//2392
f 3839//4933 3844//4933 3837//4933
f 2094//4937 2096//4937 3844//4937
f 3844//4937 2096//4937 3845//4937
f 3844//4937 3845//4937 3837//4937
f 3837//4933 3845//4933 3835//4933
f 2096//4937 2098//4937 3845//4937
f 3845//4937 2098//4937 3846//4937
f 3845//4937 3846//4937 3835//4937
f 3835//4933 3846//4933 3834//4933
f 2098//4938 2100//4938 3846//4938
f 3846//4939 2100//4939 3725//4939
f 3846//4938 3725//4938 3834//4938
f 3834//4933 3725//4933 3733//4933
f 3840//4935 3838//4935 3742//4935
f 3572//4940 3847//4940 3566//4940
f 3566//4941 3847//4941 3848//4941
f 3566//4942 3848//4942 3849//4942
f 3849//4943 3848//4943 3850//4943
f 3850//4944 3848//4944 2398//4944
f 3850//2725 2398//2725 2400//2725
f 3573//4945 3851//4945 3572//4945
f 3572//4946 3851//4946 2392//4946
f 3572//4947 2392//4947 3852//4947
f 3852//4948 2392//4948 2394//4948
f 3852//4949 2394//4949 3847//4949
f 3847//4950 2394//4950 2396//4950
f 3847//4951 2396//4951 3848//4951
f 3848//4952 2396//4952 2398//4952
f 3851//4953 3573//4953 3853//4953
f 3853//4954 3573//4954 3577//4954
f 3853//4955 3577//4955 2388//4955
f 2388//4956 3577//4956 2386//4956
f 2386//4957 3577//4957 1807//4957
f 2388//4958 2390//4958 3853//4958
f 3853//4959 2390//4959 3851//4959
f 2390//4960 2392//4960 3851//4960
f 3847//4961 3572//4961 3852//4961
f 3568//4962 3854//4962 3554//4962
f 3554//4963 3854//4963 3855//4963
f 3554//4964 3855//4964 3856//4964
f 3856//4965 3855//4965 3857//4965
f 3856//4966 3857//4966 3858//4966
f 3858//4967 3857//4967 3859//4967
f 3858//4968 3859//4968 3860//4968
f 3860//4969 3859//4969 3861//4969
f 3860//4970 3861//4970 3862//4970
f 3862//4971 3861//4971 3849//4971
f 3862//4972 3849//4972 3863//4972
f 3863//4973 3849//4973 3850//4973
f 3863//4974 3850//4974 3864//4974
f 3864//4975 3850//4975 3865//4975
f 3864//4976 3865//4976 3866//4976
f 3866//4977 3865//4977 3867//4977
f 3866//4978 3867//4978 3868//4978
f 3868//4979 3867//4979 3869//4979
f 3868//4980 3869//4980 3614//4980
f 3614//4981 3869//4981 3870//4981
f 3614//4980 3870//4980 3871//4980
f 3871//4982 3870//4982 3872//4982
f 3871//4983 3872//4983 3873//4983
f 3873//4984 3872//4984 3874//4984
f 3873//4985 3874//4985 3875//4985
f 3875//4986 3874//4986 2400//4986
f 3875//4986 2400//4986 3607//4986
f 3854//4987 3568//4987 3876//4987
f 3876//4988 3568//4988 3567//4988
f 3876//4989 3567//4989 3877//4989
f 3877//4990 3567//4990 3566//4990
f 3877//4991 3566//4991 3878//4991
f 3878//4992 3566//4992 3849//4992
f 3878//4972 3849//4972 3861//4972
f 3865//4974 3850//4974 3879//4974
f 3879//4993 3850//4993 2400//4993
f 3879//4986 2400//4986 3880//4986
f 3880//4986 2400//4986 3874//4986
f 3880//4994 3874//4994 3872//4994
f 3614//4995 3871//4995 3607//4995
f 3607//4996 3871//4996 3873//4996
f 3607//4996 3873//4996 3875//4996
f 3614//4997 3881//4997 3868//4997
f 3868//4998 3881//4998 3882//4998
f 3868//4999 3882//4999 3866//4999
f 3866//4977 3882//4977 3883//4977
f 3866//5000 3883//5000 3864//5000
f 3864//5001 3883//5001 3863//5001
f 3856//5002 3884//5002 3881//5002
f 3881//5003 3884//5003 3885//5003
f 3881//4998 3885//4998 3882//4998
f 3882//5004 3885//5004 3883//5004
f 3856//4966 3858//4966 3884//4966
f 3884//5005 3858//5005 3860//5005
f 3884//5006 3860//5006 3886//5006
f 3886//5007 3860//5007 3862//5007
f 3886//5008 3862//5008 3863//5008
f 3855//5009 3854//5009 3876//5009
f 3876//5010 3877//5010 3887//5010
f 3887//5011 3877//5011 3878//5011
f 3887//5012 3878//5012 3859//5012
f 3859//5013 3878//5013 3861//5013
f 3885//5014 3884//5014 3886//5014
f 3885//5015 3886//5015 3883//5015
f 3883//5016 3886//5016 3863//5016
f 3887//5017 3859//5017 3857//5017
f 3857//5018 3855//5018 3887//5018
f 3887//5019 3855//5019 3876//5019
f 3865//5020 3879//5020 3867//5020
f 3867//5021 3879//5021 3888//5021
f 3867//5022 3888//5022 3869//5022
f 3869//5023 3888//5023 3870//5023
f 3879//5024 3880//5024 3888//5024
f 3888//5025 3880//5025 3872//5025
f 3888//5026 3872//5026 3870//5026
f 3614//5027 3889//5027 3881//5027
f 3881//2368 3889//2368 3856//2368
f 3856//2368 3889//2368 3552//2368
f 3856//2368 3552//2368 3554//2368
f 3890//5028 3545//5028 3891//5028
f 3891//5029 3545//5029 3549//5029
f 3891//5030 3549//5030 3892//5030
f 3892//5031 3549//5031 3893//5031
f 3892//5031 3893//5031 3615//5031
f 3615//5032 3893//5032 3614//5032
f 3614//5033 3893//5033 3889//5033
f 3889//5034 3893//5034 3552//5034
f 3552//5035 3893//5035 3549//5035
f 3892//5036 3615//5036 3891//5036
f 3891//5037 3615//5037 3618//5037
f 3891//5028 3618//5028 3890//5028
f 3545//5038 3894//5038 3540//5038
f 3540//5039 3894//5039 3895//5039
f 3540//5040 3895//5040 3896//5040
f 3896//5041 3895//5041 2404//5041
f 3896//5042 2404//5042 3897//5042
f 3545//5043 3890//5043 3894//5043
f 3894//5044 3890//5044 3621//5044
f 3894//5045 3621//5045 3895//5045
f 3895//5046 3621//5046 2404//5046
f 3890//5047 3618//5047 3621//5047
f 3897//5042 3898//5042 3896//5042
f 3896//5042 3898//5042 3540//5042
f 3499//5048 3502//5048 3899//5048
f 3899//5049 3502//5049 3900//5049
f 3899//5050 3900//5050 3901//5050
f 3901//5050 3900//5050 3902//5050
f 3902//5050 3900//5050 2416//5050
f 2416//5051 3900//5051 2414//5051
f 2414//5052 3900//5052 3903//5052
f 2414//5053 3903//5053 3904//5053
f 3904//5054 3903//5054 3504//5054
f 3904//5055 3504//5055 3513//5055
f 3900//5056 3502//5056 3903//5056
f 3903//5057 3502//5057 3504//5057
f 3904//5058 3513//5058 3905//5058
f 3905//5059 3513//5059 3518//5059
f 3905//5060 3518//5060 3906//5060
f 3906//5061 3518//5061 3523//5061
f 3906//5062 3523//5062 3907//5062
f 3907//5063 3523//5063 3908//5063
f 3907//5064 3908//5064 2408//5064
f 2408//5065 3908//5065 2406//5065
f 2406//5066 3908//5066 3909//5066
f 2406//5067 3909//5067 2404//5067
f 2404//5068 3909//5068 3897//5068
f 3897//5068 3909//5068 3898//5068
f 3898//5068 3909//5068 3540//5068
f 3540//5069 3909//5069 3529//5069
f 3529//5070 3909//5070 3908//5070
f 3529//5071 3908//5071 3523//5071
f 3907//5072 2408//5072 3906//5072
f 3906//5073 2408//5073 2410//5073
f 3906//5074 2410//5074 3905//5074
f 3905//5075 2410//5075 2412//5075
f 3905//5076 2412//5076 3904//5076
f 3904//5077 2412//5077 2414//5077
f 3454//5078 3456//5078 3788//5078
f 3788//5079 3456//5079 3910//5079
f 3788//5080 3910//5080 2438//5080
f 2438//5081 3910//5081 3690//5081
f 3690//5082 3910//5082 3691//5082
f 3691//5083 3910//5083 3911//5083
f 3691//5084 3911//5084 3683//5084
f 3683//5085 3911//5085 3912//5085
f 3683//5086 3912//5086 3913//5086
f 3913//5087 3912//5087 3467//5087
f 3913//5088 3467//5088 3500//5088
f 3456//5089 3501//5089 3910//5089
f 3910//5090 3501//5090 3911//5090
f 3501//5091 3467//5091 3911//5091
f 3911//5092 3467//5092 3912//5092
f 3913//5093 3500//5093 3914//5093
f 3914//5094 3500//5094 3475//5094
f 3914//5095 3475//5095 3915//5095
f 3915//5096 3475//5096 3477//5096
f 3915//5097 3477//5097 3916//5097
f 3916//5098 3477//5098 3490//5098
f 3916//5099 3490//5099 3917//5099
f 3917//5100 3490//5100 3494//5100
f 3917//5101 3494//5101 3918//5101
f 3918//5102 3494//5102 3498//5102
f 3918//5103 3498//5103 3919//5103
f 3919//5104 3498//5104 3899//5104
f 3919//5105 3899//5105 3901//5105
f 3498//5106 3499//5106 3899//5106
f 3901//5105 3902//5105 3919//5105
f 3919//5107 3902//5107 3649//5107
f 3919//5108 3649//5108 3655//5108
f 3902//5109 2416//5109 3649//5109
f 3919//5110 3655//5110 3918//5110
f 3918//5111 3655//5111 3657//5111
f 3918//5112 3657//5112 3917//5112
f 3917//5113 3657//5113 3667//5113
f 3917//5114 3667//5114 3916//5114
f 3916//5097 3667//5097 3915//5097
f 3667//5115 3674//5115 3915//5115
f 3915//5116 3674//5116 3914//5116
f 3674//5117 3678//5117 3914//5117
f 3914//5118 3678//5118 3913//5118
f 3678//5119 3683//5119 3913//5119
f 3785//5120 3783//5120 3920//5120
f 3920//5120 3783//5120 3921//5120
f 3920//5120 3921//5120 3922//5120
f 3783//5120 3776//5120 3921//5120
f 3692//5120 3689//5120 3922//5120
f 3922//5120 3689//5120 3920//5120
f 3775//5121 3923//5121 3776//5121
f 3776//5122 3923//5122 3924//5122
f 3776//5123 3924//5123 3921//5123
f 3921//5124 3924//5124 3925//5124
f 3921//5125 3925//5125 3926//5125
f 3926//5126 3925//5126 3927//5126
f 3926//5127 3927//5127 3928//5127
f 3928//5128 3927//5128 3929//5128
f 3928//5129 3929//5129 3930//5129
f 3930//5130 3929//5130 3931//5130
f 3930//5131 3931//5131 3932//5131
f 3932//5132 3931//5132 3933//5132
f 3932//5133 3933//5133 3934//5133
f 3934//5134 3933//5134 3935//5134
f 3934//5135 3935//5135 3936//5135
f 3936//5136 3935//5136 3937//5136
f 3936//5137 3937//5137 3938//5137
f 3938//5138 3937//5138 3939//5138
f 3938//5139 3939//5139 3940//5139
f 3940//5140 3939//5140 3941//5140
f 3940//5141 3941//5141 3942//5141
f 3942//5142 3941//5142 3943//5142
f 3942//5143 3943//5143 3944//5143
f 3944//5144 3943//5144 3945//5144
f 3944//5145 3945//5145 3946//5145
f 3946//5146 3945//5146 3705//5146
f 3946//5147 3705//5147 3703//5147
f 3773//5148 3947//5148 3775//5148
f 3775//5149 3947//5149 3948//5149
f 3775//5150 3948//5150 3923//5150
f 3923//5151 3948//5151 3924//5151
f 3947//5152 3773//5152 3949//5152
f 3949//5153 3773//5153 3771//5153
f 3949//5154 3771//5154 3950//5154
f 3950//5155 3771//5155 3769//5155
f 3950//5156 3769//5156 3951//5156
f 3951//5157 3769//5157 3952//5157
f 3951//5158 3952//5158 3953//5158
f 3953//5159 3952//5159 3954//5159
f 3953//5160 3954//5160 3935//5160
f 3935//5161 3954//5161 3937//5161
f 3769//5162 3764//5162 3952//5162
f 3952//5163 3764//5163 3955//5163
f 3952//5164 3955//5164 3954//5164
f 3954//5165 3955//5165 3956//5165
f 3954//5166 3956//5166 3937//5166
f 3937//5167 3956//5167 3939//5167
f 3955//5168 3764//5168 3957//5168
f 3957//5169 3764//5169 3763//5169
f 3957//5170 3763//5170 3958//5170
f 3958//5171 3763//5171 3959//5171
f 3958//5171 3959//5171 3960//5171
f 3960//5172 3959//5172 3961//5172
f 3960//5173 3961//5173 3943//5173
f 3943//5174 3961//5174 3945//5174
f 3763//5175 3760//5175 3959//5175
f 3959//5176 3760//5176 3961//5176
f 3961//5177 3760//5177 3945//5177
f 3945//5178 3760//5178 3705//5178
f 3701//5179 3942//5179 3703//5179
f 3703//5180 3942//5180 3944//5180
f 3703//5181 3944//5181 3946//5181
f 3942//5141 3701//5141 3940//5141
f 3940//5182 3701//5182 3699//5182
f 3940//5183 3699//5183 3938//5183
f 3938//5184 3699//5184 3697//5184
f 3938//5185 3697//5185 3936//5185
f 3936//5186 3697//5186 3934//5186
f 3697//5187 3696//5187 3934//5187
f 3934//5188 3696//5188 3932//5188
f 3696//5189 3694//5189 3932//5189
f 3932//5190 3694//5190 3930//5190
f 3930//5129 3694//5129 3928//5129
f 3928//5191 3694//5191 3692//5191
f 3928//5192 3692//5192 3926//5192
f 3926//5193 3692//5193 3922//5193
f 3926//5194 3922//5194 3921//5194
f 3956//5195 3955//5195 3957//5195
f 3957//5196 3958//5196 3962//5196
f 3962//5197 3958//5197 3960//5197
f 3962//5198 3960//5198 3941//5198
f 3941//5199 3960//5199 3943//5199
f 3950//5200 3951//5200 3963//5200
f 3963//5201 3951//5201 3953//5201
f 3963//5202 3953//5202 3933//5202
f 3933//5203 3953//5203 3935//5203
f 3949//5204 3950//5204 3964//5204
f 3964//5205 3950//5205 3963//5205
f 3964//5206 3963//5206 3931//5206
f 3931//5207 3963//5207 3933//5207
f 3947//5208 3949//5208 3965//5208
f 3965//5209 3949//5209 3964//5209
f 3965//5210 3964//5210 3929//5210
f 3929//5211 3964//5211 3931//5211
f 3948//5212 3947//5212 3966//5212
f 3966//5213 3947//5213 3965//5213
f 3966//5214 3965//5214 3927//5214
f 3927//5215 3965//5215 3929//5215
f 3941//5216 3939//5216 3962//5216
f 3962//5217 3939//5217 3956//5217
f 3962//5218 3956//5218 3957//5218
f 3927//5219 3925//5219 3966//5219
f 3966//5220 3925//5220 3924//5220
f 3966//5221 3924//5221 3948//5221
f 3757//5222 3754//5222 3760//5222
f 3760//5223 3754//5223 3705//5223
f 3705//5223 3754//5223 3748//5223
f 3705//5223 3748//5223 3708//5223
f 3708//5223 3748//5223 3744//5223
f 3744//5223 3748//5223 3746//5223
f 3752//5223 3750//5223 3754//5223
f 3754//5223 3750//5223 3748//5223
f 3743//2583 3967//2583 3744//2583
f 3744//2583 3967//2583 3968//2583
f 3744//2583 3968//2583 3708//2583
f 3708//2583 3968//2583 3969//2583
f 3708//2583 3969//2583 3707//2583
f 3741//5224 3740//5224 3743//5224
f 3743//5224 3740//5224 3967//5224
f 3967//5224 3740//5224 3738//5224
f 3967//5224 3738//5224 3970//5224
f 3970//5224 3738//5224 3971//5224
f 3970//5225 3971//5225 3968//5225
f 3968//5225 3971//5225 3972//5225
f 3968//2725 3972//2725 3973//2725
f 3973//2725 3972//2725 3712//2725
f 3973//2725 3712//2725 3711//2725
f 3736//5224 3974//5224 3738//5224
f 3738//5224 3974//5224 3975//5224
f 3738//5225 3975//5225 3971//5225
f 3971//5224 3975//5224 3972//5224
f 3731//5226 3976//5226 3736//5226
f 3736//5225 3976//5225 3977//5225
f 3736//5225 3977//5225 3974//5225
f 3974//5225 3977//5225 3978//5225
f 3974//2725 3978//2725 3979//2725
f 3979//2725 3978//2725 3717//2725
f 3979//2725 3717//2725 3719//2725
f 3726//5227 3727//5227 3731//5227
f 3731//5228 3727//5228 3722//5228
f 3731//5226 3722//5226 3976//5226
f 3976//2725 3722//2725 3720//2725
f 3976//2725 3720//2725 3980//2725
f 3980//2725 3720//2725 3718//2725
f 3980//2725 3718//2725 3981//2725
f 3981//2725 3718//2725 3978//2725
f 3981//2725 3978//2725 3977//2725
f 3718//2725 3717//2725 3978//2725
f 3979//2725 3719//2725 3972//2725
f 3972//2725 3719//2725 3712//2725
f 3709//2725 3707//2725 3711//2725
f 3711//5225 3707//5225 3973//5225
f 3707//2725 3969//2725 3973//2725
f 3973//2725 3969//2725 3968//2725
f 3968//5224 3967//5224 3970//5224
f 3981//5225 3977//5225 3976//5225
f 3980//2725 3981//2725 3976//2725
f 3972//2725 3975//2725 3979//2725
f 3979//5225 3975//5225 3974//5225
f 3579//5229 3575//5229 3982//5229
f 3982//5230 3575//5230 3574//5230
f 3982//5231 3574//5231 3983//5231
f 3983//5232 3574//5232 3576//5232
f 3983//5233 3576//5233 3984//5233
f 3984//5234 3576//5234 3985//5234
f 3984//5235 3985//5235 3986//5235
f 3986//5236 3985//5236 3987//5236
f 3986//5237 3987//5237 3592//5237
f 3592//5238 3987//5238 3593//5238
f 3593//5239 3987//5239 3988//5239
f 3593//5240 3988//5240 3989//5240
f 3989//5241 3988//5241 3990//5241
f 3989//5242 3990//5242 3991//5242
f 3991//5243 3990//5243 3564//5243
f 3991//5244 3564//5244 3992//5244
f 3576//5245 3570//5245 3985//5245
f 3985//5246 3570//5246 3993//5246
f 3985//5247 3993//5247 3987//5247
f 3987//5239 3993//5239 3988//5239
f 3569//5248 3564//5248 3570//5248
f 3570//5249 3564//5249 3990//5249
f 3570//5250 3990//5250 3993//5250
f 3993//5251 3990//5251 3988//5251
f 3991//5252 3992//5252 3994//5252
f 3994//5253 3992//5253 3995//5253
f 3994//5254 3995//5254 3991//5254
f 3991//5255 3995//5255 3996//5255
f 3991//5256 3996//5256 3989//5256
f 3989//5257 3996//5257 3597//5257
f 3989//5258 3597//5258 3593//5258
f 3996//5259 3995//5259 3997//5259
f 3997//5260 3995//5260 3998//5260
f 3997//5261 3998//5261 3599//5261
f 3599//5262 3998//5262 3602//5262
f 3599//5263 3602//5263 3601//5263
f 3997//5264 3599//5264 3996//5264
f 3996//5265 3599//5265 3597//5265
f 3592//5266 3591//5266 3986//5266
f 3986//5267 3591//5267 3999//5267
f 3986//5268 3999//5268 3984//5268
f 3984//5269 3999//5269 3983//5269
f 3999//5270 3591//5270 4000//5270
f 4000//5271 3591//5271 3586//5271
f 4000//5272 3586//5272 3585//5272
f 3580//5273 3579//5273 3585//5273
f 3585//5274 3579//5274 4000//5274
f 4000//5275 3579//5275 3982//5275
f 4000//5276 3982//5276 3983//5276
f 4000//5270 3983//5270 3999//5270
f 3992//5277 3564//5277 4001//5277
f 4001//5278 3564//5278 3561//5278
f 4001//5279 3561//5279 3555//5279
f 3555//5280 3561//5280 3560//5280
f 3555//5281 3560//5281 3562//5281
f 3562//5281 3556//5281 3555//5281
f 3555//5282 4002//5282 4001//5282
f 4001//5283 4002//5283 4003//5283
f 4001//5284 4003//5284 3992//5284
f 3992//5285 4003//5285 3995//5285
f 3995//5286 4003//5286 4004//5286
f 3995//5287 4004//5287 4005//5287
f 4005//5288 4004//5288 4002//5288
f 4005//5289 4002//5289 3995//5289
f 3995//5290 4002//5290 4006//5290
f 3995//5291 4006//5291 4007//5291
f 4007//5292 4006//5292 4002//5292
f 4007//5293 4002//5293 4008//5293
f 3604//5294 4009//5294 4008//5294
f 4008//5295 4009//5295 4010//5295
f 4008//5296 4010//5296 4011//5296
f 4011//5297 4010//5297 3998//5297
f 4011//5298 3998//5298 4012//5298
f 4012//5299 3998//5299 4007//5299
f 4012//5300 4007//5300 4008//5300
f 3602//5301 3998//5301 3604//5301
f 3604//5302 3998//5302 4010//5302
f 3604//5303 4010//5303 4009//5303
f 3998//5304 3995//5304 4007//5304
f 4003//5305 4002//5305 4004//5305
f 4008//5306 4011//5306 4012//5306
f 3555//2583 3553//2583 4002//2583
f 3617//5307 3604//5307 4013//5307
f 4013//5308 3604//5308 4008//5308
f 4013//5309 4008//5309 4002//5309
f 4002//5310 3553//5310 4013//5310
f 4013//5311 3553//5311 3548//5311
f 4013//5312 3548//5312 4014//5312
f 4014//5313 3548//5313 4015//5313
f 4014//5314 4015//5314 3617//5314
f 3617//5315 4015//5315 4016//5315
f 4016//5315 4015//5315 3544//5315
f 3544//5316 4015//5316 3548//5316
f 3553//5317 3551//5317 3548//5317
f 4014//5318 3617//5318 4013//5318
f 3525//2392 4017//2392 3544//2392
f 3544//5319 4017//5319 4018//5319
f 3544//5320 4018//5320 4019//5320
f 4019//5321 4018//5321 3626//5321
f 4019//5322 3626//5322 3617//5322
f 4020//5323 4021//5323 4017//5323
f 4017//5324 4021//5324 4022//5324
f 4017//5325 4022//5325 4023//5325
f 4023//5326 4022//5326 3625//5326
f 4023//5327 3625//5327 4024//5327
f 4024//5328 3625//5328 4025//5328
f 4024//5329 4025//5329 4017//5329
f 4017//5330 4025//5330 4018//5330
f 4020//5323 3628//5323 4021//5323
f 4021//5331 3628//5331 3625//5331
f 4021//5332 3625//5332 4022//5332
f 3625//5333 3624//5333 4025//5333
f 4025//5334 3624//5334 3626//5334
f 4025//5335 3626//5335 4018//5335
f 4016//5336 4026//5336 3617//5336
f 3617//5337 4026//5337 4027//5337
f 3617//5338 4027//5338 4019//5338
f 4019//5339 4027//5339 3544//5339
f 4016//5336 3544//5336 4026//5336
f 4026//5340 3544//5340 4027//5340
f 4024//5341 4017//5341 4023//5341
f 3519//5342 4028//5342 3525//5342
f 3525//5343 4028//5343 4029//5343
f 3525//5344 4029//5344 4017//5344
f 4017//5345 4029//5345 4030//5345
f 4017//5346 4030//5346 4031//5346
f 4031//5347 4030//5347 4032//5347
f 4031//5348 4032//5348 4020//5348
f 4020//5349 4032//5349 4033//5349
f 4020//5349 4033//5349 4034//5349
f 4034//5350 4033//5350 4035//5350
f 4034//5351 4035//5351 4036//5351
f 4036//5352 4035//5352 4037//5352
f 4036//5353 4037//5353 4038//5353
f 4038//5354 4037//5354 4039//5354
f 4038//5355 4039//5355 4040//5355
f 4040//5356 4039//5356 4041//5356
f 4040//5357 4041//5357 4042//5357
f 4042//5358 4041//5358 4043//5358
f 4042//5359 4043//5359 4044//5359
f 4044//5360 4043//5360 4045//5360
f 4044//5361 4045//5361 4046//5361
f 4046//5362 4045//5362 4047//5362
f 4046//5363 4047//5363 4048//5363
f 4048//5364 4047//5364 4049//5364
f 4048//5365 4049//5365 4050//5365
f 4050//5366 4049//5366 4051//5366
f 4050//5367 4051//5367 4052//5367
f 4052//5368 4051//5368 4053//5368
f 4052//5369 4053//5369 4054//5369
f 4054//5370 4053//5370 4055//5370
f 4054//5371 4055//5371 4056//5371
f 4056//5372 4055//5372 4057//5372
f 4056//5373 4057//5373 4058//5373
f 4058//5374 4057//5374 4059//5374
f 4058//5375 4059//5375 4060//5375
f 4060//5376 4059//5376 4061//5376
f 4060//5377 4061//5377 4062//5377
f 4062//5378 4061//5378 4063//5378
f 4062//5379 4063//5379 4064//5379
f 4064//5380 4063//5380 4065//5380
f 4064//5381 4065//5381 4066//5381
f 4066//5382 4065//5382 4067//5382
f 4066//5383 4067//5383 4068//5383
f 4068//5384 4067//5384 4069//5384
f 4068//5385 4069//5385 4070//5385
f 4070//5386 4069//5386 4071//5386
f 4070//5387 4071//5387 4072//5387
f 4072//5388 4071//5388 4073//5388
f 4072//5389 4073//5389 4074//5389
f 4074//5390 4073//5390 4075//5390
f 4074//5391 4075//5391 4076//5391
f 3514//5392 4077//5392 3519//5392
f 3519//5393 4077//5393 4078//5393
f 3519//5394 4078//5394 4079//5394
f 4079//5395 4078//5395 4080//5395
f 4079//5396 4080//5396 4081//5396
f 4081//5397 4080//5397 4045//5397
f 4081//5398 4045//5398 4043//5398
f 3510//5399 4082//5399 3514//5399
f 3514//5400 4082//5400 4083//5400
f 3514//5401 4083//5401 4084//5401
f 4084//5401 4083//5401 4085//5401
f 4084//5402 4085//5402 4086//5402
f 4086//5403 4085//5403 4053//5403
f 4086//5404 4053//5404 4051//5404
f 3508//5405 4087//5405 3510//5405
f 3510//5406 4087//5406 4088//5406
f 3510//5407 4088//5407 4089//5407
f 4089//5408 4088//5408 4090//5408
f 4089//5409 4090//5409 4091//5409
f 4091//5410 4090//5410 4059//5410
f 4091//5411 4059//5411 4057//5411
f 4087//5412 3508//5412 4092//5412
f 4092//5413 3508//5413 3507//5413
f 4092//5414 3507//5414 4093//5414
f 4093//5415 3507//5415 3509//5415
f 4093//5416 3509//5416 4094//5416
f 4094//5417 3509//5417 4095//5417
f 4094//5418 4095//5418 4096//5418
f 4096//5419 4095//5419 4097//5419
f 4096//5420 4097//5420 4071//5420
f 4071//5421 4097//5421 4073//5421
f 3509//5422 3495//5422 4095//5422
f 4095//5423 3495//5423 4098//5423
f 4095//5424 4098//5424 4099//5424
f 4075//5425 4073//5425 4099//5425
f 4099//5426 4073//5426 4097//5426
f 4099//5427 4097//5427 4095//5427
f 4076//5391 3648//5391 4074//5391
f 4074//5428 3648//5428 4072//5428
f 3648//5429 3645//5429 4072//5429
f 4072//5430 3645//5430 4070//5430
f 3645//5431 3641//5431 4070//5431
f 4070//5432 3641//5432 4068//5432
f 4068//5433 3641//5433 4066//5433
f 4066//5434 3641//5434 3634//5434
f 4066//5435 3634//5435 4064//5435
f 4064//5436 3634//5436 4062//5436
f 4062//5437 3634//5437 4060//5437
f 4060//5438 3634//5438 3633//5438
f 4060//5439 3633//5439 4058//5439
f 4058//5440 3633//5440 4056//5440
f 3628//5441 4042//5441 3633//5441
f 3633//5442 4042//5442 4044//5442
f 3633//5443 4044//5443 4046//5443
f 4020//5444 4034//5444 3628//5444
f 3628//5445 4034//5445 4036//5445
f 3628//5446 4036//5446 4038//5446
f 4020//5447 4017//5447 4031//5447
f 4093//5448 4094//5448 4100//5448
f 4100//5449 4094//5449 4096//5449
f 4100//5450 4096//5450 4069//5450
f 4069//5451 4096//5451 4071//5451
f 4092//5452 4093//5452 4101//5452
f 4101//5453 4093//5453 4100//5453
f 4101//5454 4100//5454 4067//5454
f 4067//5455 4100//5455 4069//5455
f 4087//5456 4092//5456 4102//5456
f 4102//5457 4092//5457 4101//5457
f 4102//5458 4101//5458 4065//5458
f 4065//5459 4101//5459 4067//5459
f 4082//5460 3510//5460 4089//5460
f 4088//5461 4087//5461 4103//5461
f 4103//5462 4087//5462 4102//5462
f 4103//5463 4102//5463 4063//5463
f 4063//5464 4102//5464 4065//5464
f 4089//5465 4091//5465 4082//5465
f 4082//5466 4091//5466 4104//5466
f 4082//5467 4104//5467 4083//5467
f 4083//5468 4104//5468 4085//5468
f 4077//5469 3514//5469 4105//5469
f 4105//5470 3514//5470 4084//5470
f 4105//5471 4084//5471 4086//5471
f 4077//5472 4105//5472 4106//5472
f 4106//5473 4105//5473 4086//5473
f 4106//5474 4086//5474 4051//5474
f 4078//5475 4077//5475 4107//5475
f 4107//5476 4077//5476 4106//5476
f 4107//5477 4106//5477 4049//5477
f 4049//5478 4106//5478 4051//5478
f 4079//5479 4108//5479 3519//5479
f 3519//5480 4108//5480 4109//5480
f 3519//5481 4109//5481 4110//5481
f 4110//5482 4109//5482 4111//5482
f 4110//5483 4111//5483 4112//5483
f 4112//5484 4111//5484 4039//5484
f 4112//5485 4039//5485 4037//5485
f 4079//5486 4081//5486 4108//5486
f 4108//5487 4081//5487 4113//5487
f 4108//5488 4113//5488 4109//5488
f 4109//5489 4113//5489 4111//5489
f 4028//5490 3519//5490 4110//5490
f 4110//5491 4112//5491 4028//5491
f 4028//5492 4112//5492 4114//5492
f 4028//5493 4114//5493 4029//5493
f 4029//5494 4114//5494 4115//5494
f 4029//5495 4115//5495 4030//5495
f 4030//5496 4115//5496 4032//5496
f 4035//5497 4033//5497 4115//5497
f 4115//5498 4033//5498 4032//5498
f 4037//5499 4035//5499 4114//5499
f 4114//5500 4035//5500 4115//5500
f 4114//5501 4112//5501 4037//5501
f 4041//5502 4039//5502 4111//5502
f 4043//5503 4041//5503 4113//5503
f 4113//5504 4041//5504 4111//5504
f 4113//5505 4081//5505 4043//5505
f 4047//5506 4045//5506 4080//5506
f 4049//5507 4047//5507 4107//5507
f 4107//5508 4047//5508 4080//5508
f 4107//5509 4080//5509 4078//5509
f 4055//5510 4053//5510 4085//5510
f 4057//5511 4055//5511 4104//5511
f 4104//5512 4055//5512 4085//5512
f 4104//5513 4091//5513 4057//5513
f 4061//5514 4059//5514 4090//5514
f 4063//5515 4061//5515 4103//5515
f 4103//5516 4061//5516 4090//5516
f 4103//5517 4090//5517 4088//5517
f 4054//5371 4056//5371 3633//5371
f 4052//5518 4054//5518 3633//5518
f 4050//5519 4052//5519 3633//5519
f 4048//5520 4050//5520 3633//5520
f 3633//5521 4046//5521 4048//5521
f 3628//5522 4038//5522 4040//5522
f 4040//5523 4042//5523 3628//5523
f 3491//5524 4116//5524 3495//5524
f 3495//5525 4116//5525 4117//5525
f 3495//5526 4117//5526 4118//5526
f 4118//5527 4117//5527 4119//5527
f 4118//5528 4119//5528 4120//5528
f 4120//5529 4119//5529 4121//5529
f 4120//5530 4121//5530 4122//5530
f 4122//5531 4121//5531 3648//5531
f 4122//5532 3648//5532 4123//5532
f 4123//5533 3648//5533 4076//5533
f 4123//5534 4076//5534 4075//5534
f 4116//5535 3491//5535 4124//5535
f 4124//5536 3491//5536 3486//5536
f 4124//5537 3486//5537 4125//5537
f 4125//5538 3486//5538 4126//5538
f 4125//5539 4126//5539 4127//5539
f 4127//5540 4126//5540 4128//5540
f 4127//5541 4128//5541 4129//5541
f 4129//5542 4128//5542 4130//5542
f 4129//5543 4130//5543 4131//5543
f 4131//5544 4130//5544 4132//5544
f 4131//5545 4132//5545 4133//5545
f 4133//5546 4132//5546 4134//5546
f 4133//5547 4134//5547 3661//5547
f 3661//5548 4134//5548 4135//5548
f 3661//5549 4135//5549 4136//5549
f 4136//5550 4135//5550 4137//5550
f 4136//5551 4137//5551 4138//5551
f 4138//5552 4137//5552 4139//5552
f 4138//5553 4139//5553 4140//5553
f 4140//5554 4139//5554 3480//5554
f 4140//5555 3480//5555 4141//5555
f 4141//5556 3480//5556 4142//5556
f 4141//5557 4142//5557 4143//5557
f 4143//5558 4142//5558 4144//5558
f 4143//5559 4144//5559 4145//5559
f 4145//5560 4144//5560 4146//5560
f 4145//5561 4146//5561 4147//5561
f 4147//5562 4146//5562 4148//5562
f 4147//5563 4148//5563 4149//5563
f 4149//5564 4148//5564 4150//5564
f 4149//5565 4150//5565 4151//5565
f 4151//5566 4150//5566 4152//5566
f 4151//5567 4152//5567 4153//5567
f 4153//5568 4152//5568 4154//5568
f 4153//5569 4154//5569 4155//5569
f 4155//5570 4154//5570 4156//5570
f 4155//5571 4156//5571 3679//5571
f 3679//5572 4156//5572 4157//5572
f 3679//5573 4157//5573 3685//5573
f 3685//5574 4157//5574 3689//5574
f 3689//5575 4157//5575 3920//5575
f 3920//5576 4157//5576 4158//5576
f 3920//5576 4158//5576 4159//5576
f 4159//5577 4158//5577 4160//5577
f 4159//5577 4160//5577 3459//5577
f 3459//5578 4160//5578 3460//5578
f 3460//5579 4160//5579 4161//5579
f 3460//5580 4161//5580 3464//5580
f 3464//5581 4161//5581 4162//5581
f 3464//5582 4162//5582 4163//5582
f 4163//5582 4162//5582 4152//5582
f 4163//5566 4152//5566 4150//5566
f 3486//5583 3485//5583 4126//5583
f 4126//5584 3485//5584 4164//5584
f 4126//5585 4164//5585 4128//5585
f 4128//5542 4164//5542 4130//5542
f 4164//5586 3485//5586 4165//5586
f 4165//5587 3485//5587 3480//5587
f 4165//5588 3480//5588 4166//5588
f 4166//5589 3480//5589 4167//5589
f 4166//5590 4167//5590 4168//5590
f 4168//5591 4167//5591 4137//5591
f 4168//5592 4137//5592 4135//5592
f 3480//5593 3472//5593 4142//5593
f 4142//5594 3472//5594 4169//5594
f 4142//5594 4169//5594 4144//5594
f 4144//5560 4169//5560 4146//5560
f 4169//5595 3472//5595 4170//5595
f 4170//5596 3472//5596 3470//5596
f 4170//5597 3470//5597 4171//5597
f 4171//5598 3470//5598 4163//5598
f 4171//5599 4163//5599 4150//5599
f 3470//5600 3464//5600 4163//5600
f 3462//5601 3785//5601 3459//5601
f 3459//5602 3785//5602 4159//5602
f 3785//5603 3920//5603 4159//5603
f 3679//5604 3675//5604 4155//5604
f 4155//5605 3675//5605 4153//5605
f 4153//5567 3675//5567 4151//5567
f 4151//5606 3675//5606 3671//5606
f 4151//5607 3671//5607 4149//5607
f 4149//5563 3671//5563 4147//5563
f 3671//5608 3663//5608 4147//5608
f 4147//5609 3663//5609 4145//5609
f 4145//5610 3663//5610 4172//5610
f 4172//5611 3663//5611 3661//5611
f 4172//5612 3661//5612 4173//5612
f 4173//5613 3661//5613 4136//5613
f 4173//5614 4136//5614 4138//5614
f 4133//5615 3661//5615 4131//5615
f 4131//5616 3661//5616 3660//5616
f 4131//5617 3660//5617 4129//5617
f 4129//5618 3660//5618 4174//5618
f 4129//5619 4174//5619 4127//5619
f 4127//5620 4174//5620 4175//5620
f 4127//5621 4175//5621 4125//5621
f 4125//5537 4175//5537 4124//5537
f 3660//5622 3662//5622 4174//5622
f 4174//5623 3662//5623 4176//5623
f 4174//5624 4176//5624 4175//5624
f 4175//5625 4176//5625 4177//5625
f 4175//5626 4177//5626 4124//5626
f 4124//5535 4177//5535 4116//5535
f 4176//5627 3662//5627 4178//5627
f 4178//5628 3662//5628 3652//5628
f 4178//5629 3652//5629 3651//5629
f 3648//5630 4121//5630 3651//5630
f 3651//5631 4121//5631 4179//5631
f 3651//5632 4179//5632 4178//5632
f 4178//5633 4179//5633 4180//5633
f 4178//5634 4180//5634 4177//5634
f 4177//5635 4180//5635 4116//5635
f 4123//5636 4075//5636 4181//5636
f 4181//5637 4075//5637 4099//5637
f 4181//5638 4099//5638 4182//5638
f 4182//5639 4099//5639 4098//5639
f 4182//5640 4098//5640 4118//5640
f 4118//5641 4098//5641 3495//5641
f 4161//5579 4160//5579 4183//5579
f 4183//5642 4160//5642 4158//5642
f 4183//5643 4158//5643 4157//5643
f 4162//5644 4161//5644 4154//5644
f 4154//5645 4161//5645 4183//5645
f 4154//5646 4183//5646 4156//5646
f 4156//5572 4183//5572 4157//5572
f 4154//5568 4152//5568 4162//5568
f 4146//5647 4169//5647 4170//5647
f 4150//5564 4148//5564 4171//5564
f 4171//5597 4148//5597 4170//5597
f 4148//5562 4146//5562 4170//5562
f 4167//5648 3480//5648 4139//5648
f 4140//5555 4141//5555 4184//5555
f 4184//5649 4141//5649 4143//5649
f 4184//5650 4143//5650 4172//5650
f 4172//5651 4143//5651 4145//5651
f 4137//5652 4167//5652 4139//5652
f 4130//5653 4164//5653 4165//5653
f 4165//5654 4166//5654 4132//5654
f 4132//5655 4166//5655 4168//5655
f 4132//5656 4168//5656 4134//5656
f 4134//5657 4168//5657 4135//5657
f 4132//5544 4130//5544 4165//5544
f 4119//5658 4117//5658 4180//5658
f 4180//5659 4117//5659 4116//5659
f 4181//5660 4182//5660 4120//5660
f 4120//5661 4182//5661 4118//5661
f 4172//5612 4173//5612 4184//5612
f 4184//5662 4173//5662 4138//5662
f 4184//5663 4138//5663 4140//5663
f 4176//5664 4178//5664 4177//5664
f 4119//5665 4180//5665 4179//5665
f 4179//5666 4121//5666 4119//5666
f 4181//5667 4120//5667 4122//5667
f 4122//5668 4123//5668 4181//5668
f 1808//5669 1765//5669 52//5669
f 52//5669 1765//5669 39//5669
f 52//2414 1808//2414 4185//2414
f 4185//2414 1808//2414 4186//2414
f 4185//2414 4186//2414 4187//2414
f 1754//2414 4188//2414 4187//2414
f 4187//2414 4188//2414 4189//2414
f 4187//2414 4189//2414 4185//2414
f 4185//2414 4189//2414 4190//2414
f 4185//2414 4190//2414 52//2414
f 1754//2414 60//2414 4188//2414
f 4188//2414 60//2414 4191//2414
f 4188//2414 4191//2414 4190//2414
f 4190//2414 4189//2414 4188//2414
f 4192//5670 4193//5670 4194//5670
f 4194//5671 4193//5671 4195//5671
f 4194//5672 4195//5672 4196//5672
f 4196//5673 4195//5673 4197//5673
f 4196//5674 4197//5674 4198//5674
f 4196//5675 4198//5675 4199//5675
f 4199//5676 4198//5676 4200//5676
f 4199//5677 4200//5677 4201//5677
f 4201//5678 4200//5678 4202//5678
f 4201//5679 4202//5679 4203//5679
f 4203//5680 4202//5680 4204//5680
f 4204//5681 4202//5681 4205//5681
f 4204//5682 4205//5682 4206//5682
f 4206//5683 4205//5683 4207//5683
f 4206//5684 4207//5684 4208//5684
f 4208//5685 4207//5685 4209//5685
f 4208//5686 4209//5686 60//5686
f 60//5687 4209//5687 1754//5687
f 1754//5688 4209//5688 4210//5688
f 4210//5689 4209//5689 4207//5689
f 4210//5690 4207//5690 4211//5690
f 4211//5691 4207//5691 4205//5691
f 4211//5692 4205//5692 4212//5692
f 4212//5693 4205//5693 4202//5693
f 4212//5694 4202//5694 4200//5694
f 4201//5695 4203//5695 4199//5695
f 4199//5696 4203//5696 4213//5696
f 4199//5697 4213//5697 4196//5697
f 4196//5698 4213//5698 4214//5698
f 4196//5699 4214//5699 4194//5699
f 4194//5700 4214//5700 4192//5700
f 4215//5701 4216//5701 4192//5701
f 4192//5701 4216//5701 4193//5701
f 4217//5702 4215//5702 4218//5702
f 4218//5703 4215//5703 4219//5703
f 4218//5704 4219//5704 4220//5704
f 4218//5705 4220//5705 4221//5705
f 4221//5706 4220//5706 4222//5706
f 4221//5707 4222//5707 4223//5707
f 4223//5708 4222//5708 4224//5708
f 4223//5709 4224//5709 4225//5709
f 4225//5710 4224//5710 4226//5710
f 4225//5711 4226//5711 4227//5711
f 4227//5712 4228//5712 4225//5712
f 4225//5713 4228//5713 4229//5713
f 4225//5714 4229//5714 4223//5714
f 4223//5715 4229//5715 4230//5715
f 4223//5716 4230//5716 4221//5716
f 4221//5717 4230//5717 4231//5717
f 4221//5718 4231//5718 4218//5718
f 4218//5719 4231//5719 4217//5719
f 4232//5720 4226//5720 4233//5720
f 4233//5721 4226//5721 4234//5721
f 4233//5722 4234//5722 4235//5722
f 4235//5722 4236//5722 4233//5722
f 4233//5720 4236//5720 4237//5720
f 4233//5720 4237//5720 4238//5720
f 4238//5720 4239//5720 4233//5720
f 4233//5722 4239//5722 4240//5722
f 4233//5723 4240//5723 4241//5723
f 4241//5724 39//5724 4233//5724
f 4233//5720 39//5720 1765//5720
f 4233//5720 1765//5720 4242//5720
f 4242//5720 4232//5720 4233//5720
